SKU,Name,Categories,Regular price,Sale price,Images,Short description,Description,In stock?,Published
TT68359,Bàn sofa Oval 100x50x45cm mặt ceramic,Phòng Khách > Bàn Sofa,2950000,,"/images/products/TT68359-1.jpg, /images/products/TT68359-2.jpg, /images/products/TT68359-3.jpg, /images/products/TT68359-4.jpg, /images/products/TT68359-5.jpg, /images/products/TT68359-6.jpg","Bàn thiết kế chắc chắn, tối ưu không gian sử dụng.","Bàn sofa Oval 100x50x45cm mặt ceramic là lựa chọn lý tưởng cho không gian làm việc và sinh hoạt hiện đại, kết hợp giữa tính thẩm mỹ và công năng sử dụng thực tế.

THÔNG SỐ KỸ THUẬT
• Chất liệu: Chất liệu cao cấp, chọn lọc kỹ càng đảm bảo độ bền và tính thẩm mỹ
• Kích thước: 100x50x45cm
• Mã sản phẩm: TT68359
• Bảo hành: 12 tháng

CÔNG NĂNG NỔI BẬT
• Mặt bàn rộng rãi, đủ không gian đặt máy tính, tài liệu và vật dụng cá nhân
• Khung/chân bàn chắc chắn, chịu lực tốt, hạn chế rung lắc khi sử dụng
• Thiết kế tối giản, dễ phối hợp với nhiều phong cách nội thất khác nhau
• Dễ dàng lắp ráp và vệ sinh, bảo trì trong quá trình sử dụng lâu dài

PHÙ HỢP KHÔNG GIAN
• Phù hợp bố trí trong không gian phòng khách, mang lại sự tiện nghi và thẩm mỹ cho tổng thể không gian.",instock,1
TDBN001,Tủ để bình nước di động 40x40x85cm gỗ cao su,Phụ Kiện > Chân Bàn Sắt,1840000,,/images/products/TDBN001-1.jpg,"Phụ kiện tiện dụng, hỗ trợ không gian làm việc gọn gàng.","Tủ để bình nước di động 40x40x85cm gỗ cao su là phụ kiện hỗ trợ đắc lực, giúp không gian làm việc/sinh hoạt gọn gàng và tiện dụng hơn.

THÔNG SỐ KỸ THUẬT
• Chất liệu: Gỗ cao su tự nhiên, đã qua xử lý chống mối mọt và cong vênh
• Kích thước: 40x40x85cm
• Mã sản phẩm: TDBN001
• Bảo hành: 12 tháng

CÔNG NĂNG NỔI BẬT
• Thiết kế nhỏ gọn, dễ dàng lắp đặt vào hệ bàn/ghế hiện có
• Chất liệu bền bỉ, chịu lực và chịu nhiệt tốt trong quá trình sử dụng
• Giúp không gian làm việc gọn gàng, khoa học hơn
• Tương thích với nhiều mẫu bàn/ghế khác nhau

PHÙ HỢP KHÔNG GIAN
• Phù hợp sử dụng kèm nhiều mẫu bàn/ghế văn phòng, gia đình khác nhau, mang lại sự tiện nghi và thẩm mỹ cho tổng thể không gian.",instock,1
GD68115,Bàn làm việc 140x70cm gỗ tràm chân chữ X đôi,Phòng Làm Việc > Bàn Làm Việc,2540000,,"/images/products/GD68115-1.jpg, /images/products/GD68115-2.jpg, /images/products/GD68115-3.jpg, /images/products/GD68115-4.jpg, /images/products/GD68115-5.jpg","Bàn thiết kế chắc chắn, tối ưu không gian sử dụng.","Bàn làm việc 140x70cm gỗ tràm chân chữ X đôi là lựa chọn lý tưởng cho không gian làm việc và sinh hoạt hiện đại, kết hợp giữa tính thẩm mỹ và công năng sử dụng thực tế.

THÔNG SỐ KỸ THUẬT
• Chất liệu: Gỗ tràm tự nhiên, vân gỗ mộc mạc, chắc chắn
• Kích thước: 140x70cm
• Mã sản phẩm: GD68115
• Bảo hành: 12 tháng

CÔNG NĂNG NỔI BẬT
• Mặt bàn rộng rãi, đủ không gian đặt máy tính, tài liệu và vật dụng cá nhân
• Khung/chân bàn chắc chắn, chịu lực tốt, hạn chế rung lắc khi sử dụng
• Thiết kế tối giản, dễ phối hợp với nhiều phong cách nội thất khác nhau
• Dễ dàng lắp ráp và vệ sinh, bảo trì trong quá trình sử dụng lâu dài

PHÙ HỢP KHÔNG GIAN
• Phù hợp bố trí trong không gian phòng làm việc, mang lại sự tiện nghi và thẩm mỹ cho tổng thể không gian.",instock,1
HBXC060,Bàn làm việc có hộp điện 140x70cm gỗ cao su hệ XConcept,Nội thất văn phòng > Bàn Văn Phòng > Bàn Nhân Viên,2800000,,/images/products/HBXC060-1.jpg,"Bàn thiết kế chắc chắn, tối ưu không gian sử dụng.","Bàn làm việc có hộp điện 140x70cm gỗ cao su hệ XConcept là lựa chọn lý tưởng cho không gian làm việc và sinh hoạt hiện đại, kết hợp giữa tính thẩm mỹ và công năng sử dụng thực tế.

THÔNG SỐ KỸ THUẬT
• Chất liệu: Gỗ cao su tự nhiên, đã qua xử lý chống mối mọt và cong vênh
• Kích thước: 140x70cm
• Mã sản phẩm: HBXC060
• Bảo hành: 12 tháng

CÔNG NĂNG NỔI BẬT
• Mặt bàn rộng rãi, đủ không gian đặt máy tính, tài liệu và vật dụng cá nhân
• Khung/chân bàn chắc chắn, chịu lực tốt, hạn chế rung lắc khi sử dụng
• Thiết kế tối giản, dễ phối hợp với nhiều phong cách nội thất khác nhau
• Dễ dàng lắp ráp và vệ sinh, bảo trì trong quá trình sử dụng lâu dài

PHÙ HỢP KHÔNG GIAN
• Phù hợp bố trí trong không gian nội thất văn phòng, mang lại sự tiện nghi và thẩm mỹ cho tổng thể không gian.",instock,1
ZD032,Bàn làm việc có hộp điện 160x70cm gỗ cao su hệ XConcept,Nội thất văn phòng > Bàn Văn Phòng > Bàn Nhân Viên,3050000,,"/images/products/ZD032-1.jpg, /images/products/ZD032-2.jpg, /images/products/ZD032-3.jpg, /images/products/ZD032-4.jpg, /images/products/ZD032-5.jpg, /images/products/ZD032-6.jpg","Bàn thiết kế chắc chắn, tối ưu không gian sử dụng.","Bàn làm việc có hộp điện 160x70cm gỗ cao su hệ XConcept là lựa chọn lý tưởng cho không gian làm việc và sinh hoạt hiện đại, kết hợp giữa tính thẩm mỹ và công năng sử dụng thực tế.

THÔNG SỐ KỸ THUẬT
• Chất liệu: Gỗ cao su tự nhiên, đã qua xử lý chống mối mọt và cong vênh
• Kích thước: 160x70cm
• Mã sản phẩm: ZD032
• Bảo hành: 12 tháng

CÔNG NĂNG NỔI BẬT
• Mặt bàn rộng rãi, đủ không gian đặt máy tính, tài liệu và vật dụng cá nhân
• Khung/chân bàn chắc chắn, chịu lực tốt, hạn chế rung lắc khi sử dụng
• Thiết kế tối giản, dễ phối hợp với nhiều phong cách nội thất khác nhau
• Dễ dàng lắp ráp và vệ sinh, bảo trì trong quá trình sử dụng lâu dài

PHÙ HỢP KHÔNG GIAN
• Phù hợp bố trí trong không gian nội thất văn phòng, mang lại sự tiện nghi và thẩm mỹ cho tổng thể không gian.",instock,1
DD68015,Bàn vẽ kỹ thuật 120x85cm gỗ cao su,Phòng Làm Việc > Bàn Làm Việc,4500000,,/images/products/DD68015-1.jpg,"Bàn thiết kế chắc chắn, tối ưu không gian sử dụng.","Bàn vẽ kỹ thuật 120x85cm gỗ cao su là lựa chọn lý tưởng cho không gian làm việc và sinh hoạt hiện đại, kết hợp giữa tính thẩm mỹ và công năng sử dụng thực tế.

THÔNG SỐ KỸ THUẬT
• Chất liệu: Gỗ cao su tự nhiên, đã qua xử lý chống mối mọt và cong vênh
• Kích thước: 120x85cm
• Mã sản phẩm: DD68015
• Bảo hành: 12 tháng

CÔNG NĂNG NỔI BẬT
• Mặt bàn rộng rãi, đủ không gian đặt máy tính, tài liệu và vật dụng cá nhân
• Khung/chân bàn chắc chắn, chịu lực tốt, hạn chế rung lắc khi sử dụng
• Thiết kế tối giản, dễ phối hợp với nhiều phong cách nội thất khác nhau
• Dễ dàng lắp ráp và vệ sinh, bảo trì trong quá trình sử dụng lâu dài

PHÙ HỢP KHÔNG GIAN
• Phù hợp bố trí trong không gian phòng làm việc, mang lại sự tiện nghi và thẩm mỹ cho tổng thể không gian.",instock,1
GMA010,Ghế làm việc tiêu chuẩn Công Thái Học,Phòng Làm Việc > Ghế Công Thái Học,2990000,,"/images/products/GMA010-1.jpg, /images/products/GMA010-2.jpg, /images/products/GMA010-3.jpg, /images/products/GMA010-4.jpg, /images/products/GMA010-5.jpg, /images/products/GMA010-6.jpg","Ghế công thái học, êm ái và bền bỉ.","Ghế làm việc tiêu chuẩn Công Thái Học mang đến trải nghiệm ngồi thoải mái, hỗ trợ tư thế đúng chuẩn cho thời gian sử dụng dài mà không gây mỏi mệt.

THÔNG SỐ KỸ THUẬT
• Chất liệu: Chất liệu cao cấp, chọn lọc kỹ càng đảm bảo độ bền và tính thẩm mỹ
• Mã sản phẩm: GMA010
• Bảo hành: 12 tháng

CÔNG NĂNG NỔI BẬT
• Thiết kế công thái học, nâng đỡ tốt cho vùng lưng và cổ
• Khung ghế chắc chắn, chịu tải trọng tốt, đảm bảo an toàn khi sử dụng
• Đệm ngồi êm ái, thoáng khí, phù hợp ngồi làm việc/sinh hoạt trong thời gian dài
• Kiểu dáng hiện đại, dễ dàng kết hợp với nhiều không gian nội thất

PHÙ HỢP KHÔNG GIAN
• Phù hợp bố trí trong không gian phòng làm việc, mang lại sự tiện nghi và thẩm mỹ cho tổng thể không gian.",instock,1
KGT68052,Kệ góc tường 35x35x205cm gỗ cao su,Phòng Khách > Kệ Trang Trí,2990000,,/images/products/KGT68052-1.jpg,"Kệ đa năng, tối ưu không gian trưng bày và lưu trữ.","Kệ góc tường 35x35x205cm gỗ cao su là giải pháp lưu trữ và trang trí linh hoạt, giúp không gian sống trở nên ngăn nắp và cuốn hút hơn.

THÔNG SỐ KỸ THUẬT
• Chất liệu: Gỗ cao su tự nhiên, đã qua xử lý chống mối mọt và cong vênh
• Kích thước: 35x35x205cm
• Mã sản phẩm: KGT68052
• Bảo hành: 12 tháng

CÔNG NĂNG NỔI BẬT
• Kết cấu vững chắc, chịu tải trọng tốt cho nhiều loại đồ vật
• Thiết kế nhiều tầng linh hoạt, tối ưu không gian lưu trữ và trưng bày
• Kiểu dáng hiện đại, vừa lưu trữ vừa trang trí cho không gian
• Dễ dàng lắp đặt, di chuyển và vệ sinh

PHÙ HỢP KHÔNG GIAN
• Phù hợp bố trí trong không gian phòng khách, mang lại sự tiện nghi và thẩm mỹ cho tổng thể không gian.",instock,1
KGT68047,Kệ góc tường cửa kính 40x40x170cm gỗ cao su,Phòng Khách > Kệ Trang Trí,2400000,,/images/products/KGT68047-1.jpg,"Kệ đa năng, tối ưu không gian trưng bày và lưu trữ.","Kệ góc tường cửa kính 40x40x170cm gỗ cao su là giải pháp lưu trữ và trang trí linh hoạt, giúp không gian sống trở nên ngăn nắp và cuốn hút hơn.

THÔNG SỐ KỸ THUẬT
• Chất liệu: Gỗ cao su tự nhiên, đã qua xử lý chống mối mọt và cong vênh; kính cường lực an toàn, dễ vệ sinh
• Kích thước: 40x40x170cm
• Mã sản phẩm: KGT68047
• Bảo hành: 12 tháng

CÔNG NĂNG NỔI BẬT
• Kết cấu vững chắc, chịu tải trọng tốt cho nhiều loại đồ vật
• Thiết kế nhiều tầng linh hoạt, tối ưu không gian lưu trữ và trưng bày
• Kiểu dáng hiện đại, vừa lưu trữ vừa trang trí cho không gian
• Dễ dàng lắp đặt, di chuyển và vệ sinh

PHÙ HỢP KHÔNG GIAN
• Phù hợp bố trí trong không gian phòng khách, mang lại sự tiện nghi và thẩm mỹ cho tổng thể không gian.",instock,1
KGT68015,Kệ trang trí góc tường hình quạt 5 tầng,Phòng Khách > Kệ Trang Trí,1350000,,/images/products/KGT68015-1.jpg,"Kệ đa năng, tối ưu không gian trưng bày và lưu trữ.","Kệ trang trí góc tường hình quạt 5 tầng là giải pháp lưu trữ và trang trí linh hoạt, giúp không gian sống trở nên ngăn nắp và cuốn hút hơn.

THÔNG SỐ KỸ THUẬT
• Chất liệu: Chất liệu cao cấp, chọn lọc kỹ càng đảm bảo độ bền và tính thẩm mỹ
• Mã sản phẩm: KGT68015
• Bảo hành: 12 tháng

CÔNG NĂNG NỔI BẬT
• Kết cấu vững chắc, chịu tải trọng tốt cho nhiều loại đồ vật
• Thiết kế nhiều tầng linh hoạt, tối ưu không gian lưu trữ và trưng bày
• Kiểu dáng hiện đại, vừa lưu trữ vừa trang trí cho không gian
• Dễ dàng lắp đặt, di chuyển và vệ sinh

PHÙ HỢP KHÔNG GIAN
• Phù hợp bố trí trong không gian phòng khách, mang lại sự tiện nghi và thẩm mỹ cho tổng thể không gian.",instock,1
KTV68034,Kệ tivi 150x40x55cm gỗ cao su,Phòng Khách > Kệ Tivi,3850000,,"/images/products/KTV68034-1.jpg, /images/products/KTV68034-2.jpg, /images/products/KTV68034-3.jpg, /images/products/KTV68034-4.jpg, /images/products/KTV68034-5.jpg, /images/products/KTV68034-6.jpg","Kệ đa năng, tối ưu không gian trưng bày và lưu trữ.","Kệ tivi 150x40x55cm gỗ cao su là giải pháp lưu trữ và trang trí linh hoạt, giúp không gian sống trở nên ngăn nắp và cuốn hút hơn.

THÔNG SỐ KỸ THUẬT
• Chất liệu: Gỗ cao su tự nhiên, đã qua xử lý chống mối mọt và cong vênh
• Kích thước: 150x40x55cm
• Mã sản phẩm: KTV68034
• Bảo hành: 12 tháng

CÔNG NĂNG NỔI BẬT
• Kết cấu vững chắc, chịu tải trọng tốt cho nhiều loại đồ vật
• Thiết kế nhiều tầng linh hoạt, tối ưu không gian lưu trữ và trưng bày
• Kiểu dáng hiện đại, vừa lưu trữ vừa trang trí cho không gian
• Dễ dàng lắp đặt, di chuyển và vệ sinh

PHÙ HỢP KHÔNG GIAN
• Phù hợp bố trí trong không gian phòng khách, mang lại sự tiện nghi và thẩm mỹ cho tổng thể không gian.",instock,1
KTB68141,Tủ để giày 2 cánh 60x35x112cm gỗ cao su chân sắt,Phòng Khách > Tủ Kệ Giày,2750000,,"/images/products/KTB68141-1.jpg, /images/products/KTB68141-2.jpg, /images/products/KTB68141-3.jpg, /images/products/KTB68141-4.jpg, /images/products/KTB68141-5.jpg, /images/products/KTB68141-6.jpg","Tủ lưu trữ tiện lợi, thiết kế gọn gàng.","Tủ để giày 2 cánh 60x35x112cm gỗ cao su chân sắt giúp tối ưu không gian lưu trữ, sắp xếp đồ đạc gọn gàng, khoa học mà vẫn đảm bảo tính thẩm mỹ cho căn phòng.

THÔNG SỐ KỸ THUẬT
• Chất liệu: Gỗ cao su tự nhiên, đã qua xử lý chống mối mọt và cong vênh; chân/khung sắt sơn tĩnh điện chắc chắn, chống gỉ sét
• Kích thước: 60x35x112cm
• Mã sản phẩm: KTB68141
• Bảo hành: 12 tháng

CÔNG NĂNG NỔI BẬT
• Nhiều ngăn/kệ chia hợp lý, tối ưu diện tích lưu trữ
• Hệ thống bản lề, tay nắm chắc chắn, đóng mở êm ái
• Bề mặt hoàn thiện chống trầy xước, dễ lau chùi
• Thiết kế kín đáo, giúp không gian luôn gọn gàng ngăn nắp

PHÙ HỢP KHÔNG GIAN
• Phù hợp bố trí trong không gian phòng khách, mang lại sự tiện nghi và thẩm mỹ cho tổng thể không gian.",instock,1
TBTL001,Tủ bên hông tủ lạnh gỗ cao su,Bếp & Phòng Ăn > Phụ Kiện Bếp,2980000,,/images/products/TBTL001-1.jpg,"Phụ kiện tiện dụng, hỗ trợ không gian làm việc gọn gàng.","Tủ bên hông tủ lạnh gỗ cao su là phụ kiện hỗ trợ đắc lực, giúp không gian làm việc/sinh hoạt gọn gàng và tiện dụng hơn.

THÔNG SỐ KỸ THUẬT
• Chất liệu: Gỗ cao su tự nhiên, đã qua xử lý chống mối mọt và cong vênh
• Mã sản phẩm: TBTL001
• Bảo hành: 12 tháng

CÔNG NĂNG NỔI BẬT
• Thiết kế nhỏ gọn, dễ dàng lắp đặt vào hệ bàn/ghế hiện có
• Chất liệu bền bỉ, chịu lực và chịu nhiệt tốt trong quá trình sử dụng
• Giúp không gian làm việc gọn gàng, khoa học hơn
• Tương thích với nhiều mẫu bàn/ghế khác nhau

PHÙ HỢP KHÔNG GIAN
• Phù hợp bố trí trong không gian bếp & phòng ăn, mang lại sự tiện nghi và thẩm mỹ cho tổng thể không gian.",instock,1
KB68076,Tủ kệ nhà bếp 117x45x193cm gỗ cao su,Bếp & Phòng Ăn > Tủ Kệ Nhà Bếp,8750000,,/images/products/KB68076-1.jpg,"Tủ lưu trữ tiện lợi, thiết kế gọn gàng.","Tủ kệ nhà bếp 117x45x193cm gỗ cao su giúp tối ưu không gian lưu trữ, sắp xếp đồ đạc gọn gàng, khoa học mà vẫn đảm bảo tính thẩm mỹ cho căn phòng.

THÔNG SỐ KỸ THUẬT
• Chất liệu: Gỗ cao su tự nhiên, đã qua xử lý chống mối mọt và cong vênh
• Kích thước: 117x45x193cm
• Mã sản phẩm: KB68076
• Bảo hành: 12 tháng

CÔNG NĂNG NỔI BẬT
• Nhiều ngăn/kệ chia hợp lý, tối ưu diện tích lưu trữ
• Hệ thống bản lề, tay nắm chắc chắn, đóng mở êm ái
• Bề mặt hoàn thiện chống trầy xước, dễ lau chùi
• Thiết kế kín đáo, giúp không gian luôn gọn gàng ngăn nắp

PHÙ HỢP KHÔNG GIAN
• Phù hợp bố trí trong không gian bếp & phòng ăn, mang lại sự tiện nghi và thẩm mỹ cho tổng thể không gian.",instock,1
KB68082,Kệ bếp di động 3 tầng 64x40x89cm gỗ cao su,Bếp & Phòng Ăn > Tủ Bếp Mini,2100000,,"/images/products/KB68082-1.jpg, /images/products/KB68082-2.jpg, /images/products/KB68082-3.jpg, /images/products/KB68082-4.jpg, /images/products/KB68082-5.jpg, /images/products/KB68082-6.jpg","Tủ lưu trữ tiện lợi, thiết kế gọn gàng.","Kệ bếp di động 3 tầng 64x40x89cm gỗ cao su giúp tối ưu không gian lưu trữ, sắp xếp đồ đạc gọn gàng, khoa học mà vẫn đảm bảo tính thẩm mỹ cho căn phòng.

THÔNG SỐ KỸ THUẬT
• Chất liệu: Gỗ cao su tự nhiên, đã qua xử lý chống mối mọt và cong vênh
• Kích thước: 64x40x89cm
• Mã sản phẩm: KB68082
• Bảo hành: 12 tháng

CÔNG NĂNG NỔI BẬT
• Nhiều ngăn/kệ chia hợp lý, tối ưu diện tích lưu trữ
• Hệ thống bản lề, tay nắm chắc chắn, đóng mở êm ái
• Bề mặt hoàn thiện chống trầy xước, dễ lau chùi
• Thiết kế kín đáo, giúp không gian luôn gọn gàng ngăn nắp

PHÙ HỢP KHÔNG GIAN
• Phù hợp bố trí trong không gian bếp & phòng ăn, mang lại sự tiện nghi và thẩm mỹ cho tổng thể không gian.",instock,1
BBA227,Combo bộ bàn Louis ghế ăn Solic,Bếp & Phòng Ăn > Bộ Bàn Ghế Ăn,3110000,2950000,/images/products/BBA227-1.jpg,"Ghế công thái học, êm ái và bền bỉ.","Combo bộ bàn Louis ghế ăn Solic mang đến trải nghiệm ngồi thoải mái, hỗ trợ tư thế đúng chuẩn cho thời gian sử dụng dài mà không gây mỏi mệt.

THÔNG SỐ KỸ THUẬT
• Chất liệu: Chất liệu cao cấp, chọn lọc kỹ càng đảm bảo độ bền và tính thẩm mỹ
• Mã sản phẩm: BBA227
• Bảo hành: 12 tháng

CÔNG NĂNG NỔI BẬT
• Thiết kế công thái học, nâng đỡ tốt cho vùng lưng và cổ
• Khung ghế chắc chắn, chịu tải trọng tốt, đảm bảo an toàn khi sử dụng
• Đệm ngồi êm ái, thoáng khí, phù hợp ngồi làm việc/sinh hoạt trong thời gian dài
• Kiểu dáng hiện đại, dễ dàng kết hợp với nhiều không gian nội thất

PHÙ HỢP KHÔNG GIAN
• Phù hợp bố trí trong không gian bếp & phòng ăn, mang lại sự tiện nghi và thẩm mỹ cho tổng thể không gian.",instock,1
BBA222,Combo bàn ăn Ashley cho 4 người,Bếp & Phòng Ăn > Bộ Bàn Ghế Ăn,5390000,5120000,"/images/products/BBA222-1.jpg, /images/products/BBA222-2.jpg, /images/products/BBA222-3.jpg, /images/products/BBA222-4.jpg, /images/products/BBA222-5.jpg","Ghế công thái học, êm ái và bền bỉ.","Combo bàn ăn Ashley cho 4 người mang đến trải nghiệm ngồi thoải mái, hỗ trợ tư thế đúng chuẩn cho thời gian sử dụng dài mà không gây mỏi mệt.

THÔNG SỐ KỸ THUẬT
• Chất liệu: Chất liệu cao cấp, chọn lọc kỹ càng đảm bảo độ bền và tính thẩm mỹ
• Mã sản phẩm: BBA222
• Bảo hành: 12 tháng

CÔNG NĂNG NỔI BẬT
• Thiết kế công thái học, nâng đỡ tốt cho vùng lưng và cổ
• Khung ghế chắc chắn, chịu tải trọng tốt, đảm bảo an toàn khi sử dụng
• Đệm ngồi êm ái, thoáng khí, phù hợp ngồi làm việc/sinh hoạt trong thời gian dài
• Kiểu dáng hiện đại, dễ dàng kết hợp với nhiều không gian nội thất

PHÙ HỢP KHÔNG GIAN
• Phù hợp bố trí trong không gian bếp & phòng ăn, mang lại sự tiện nghi và thẩm mỹ cho tổng thể không gian.",instock,1
GN68055,Giường ngủ 180x203x60cm gỗ cao su,Phòng Ngủ > Giường Ngủ,8760000,,"/images/products/GN68055-1.jpg, /images/products/GN68055-2.jpg, /images/products/GN68055-3.jpg, /images/products/GN68055-4.jpg, /images/products/GN68055-5.jpg, /images/products/GN68055-6.jpg","Giường ngủ chắc chắn, thiết kế hiện đại.","Giường ngủ 180x203x60cm gỗ cao su được thiết kế chú trọng vào sự chắc chắn và thoải mái, mang lại giấc ngủ ngon cho cả gia đình.

THÔNG SỐ KỸ THUẬT
• Chất liệu: Gỗ cao su tự nhiên, đã qua xử lý chống mối mọt và cong vênh
• Kích thước: 180x203x60cm
• Mã sản phẩm: GN68055
• Bảo hành: 12 tháng

CÔNG NĂNG NỔI BẬT
• Khung giường chắc chắn, chịu lực tốt, đảm bảo độ bền lâu dài
• Thiết kế chân giường vững chãi, hạn chế phát ra tiếng động khi sử dụng
• Kiểu dáng tối giản hiện đại, dễ phối hợp nội thất phòng ngủ
• Dễ dàng lắp ráp và vệ sinh, bảo trì trong quá trình sử dụng

PHÙ HỢP KHÔNG GIAN
• Phù hợp bố trí trong không gian phòng ngủ, mang lại sự tiện nghi và thẩm mỹ cho tổng thể không gian.",instock,1
GN68052,Giường ngủ lắp ráp 140x200cm gỗ cao su,Phòng Ngủ > Giường Ngủ,4950000,,"/images/products/GN68052-1.jpg, /images/products/GN68052-2.jpg, /images/products/GN68052-3.jpg, /images/products/GN68052-4.jpg, /images/products/GN68052-5.jpg, /images/products/GN68052-6.jpg","Giường ngủ chắc chắn, thiết kế hiện đại.","Giường ngủ lắp ráp 140x200cm gỗ cao su được thiết kế chú trọng vào sự chắc chắn và thoải mái, mang lại giấc ngủ ngon cho cả gia đình.

THÔNG SỐ KỸ THUẬT
• Chất liệu: Gỗ cao su tự nhiên, đã qua xử lý chống mối mọt và cong vênh
• Kích thước: 140x200cm
• Mã sản phẩm: GN68052
• Bảo hành: 12 tháng

CÔNG NĂNG NỔI BẬT
• Khung giường chắc chắn, chịu lực tốt, đảm bảo độ bền lâu dài
• Thiết kế chân giường vững chãi, hạn chế phát ra tiếng động khi sử dụng
• Kiểu dáng tối giản hiện đại, dễ phối hợp nội thất phòng ngủ
• Dễ dàng lắp ráp và vệ sinh, bảo trì trong quá trình sử dụng

PHÙ HỢP KHÔNG GIAN
• Phù hợp bố trí trong không gian phòng ngủ, mang lại sự tiện nghi và thẩm mỹ cho tổng thể không gian.",instock,1
CBSF68064,Combo bộ bàn ghế sofa Song Trúc gỗ Ash,Phòng Khách > Combo Phòng Khách,20500000,19475000,,"Bộ nội thất đồng bộ, tiện lợi và thẩm mỹ.","Combo bộ bàn ghế sofa Song Trúc gỗ Ash là bộ giải pháp nội thất đồng bộ, tiết kiệm thời gian lựa chọn mà vẫn đảm bảo sự hài hòa về phong cách.

THÔNG SỐ KỸ THUẬT
• Chất liệu: Chất liệu cao cấp, chọn lọc kỹ càng đảm bảo độ bền và tính thẩm mỹ
• Mã sản phẩm: CBSF68064
• Bảo hành: 12 tháng

CÔNG NĂNG NỔI BẬT
• Bộ sản phẩm đồng bộ về màu sắc và phong cách thiết kế
• Tiết kiệm thời gian lựa chọn và phối hợp nội thất
• Chất lượng đồng đều giữa các món trong bộ
• Dễ dàng bố trí, phù hợp nhiều diện tích không gian

PHÙ HỢP KHÔNG GIAN
• Phù hợp bố trí trong không gian phòng khách, mang lại sự tiện nghi và thẩm mỹ cho tổng thể không gian.",instock,1
CBSF68050,Combo bộ bàn ghế sofa chữ Z gỗ tự nhiên,Phòng Khách > Combo Phòng Khách,11780000,11190000,/images/products/CBSF68050-1.jpg,"Bộ nội thất đồng bộ, tiện lợi và thẩm mỹ.","Combo bộ bàn ghế sofa chữ Z gỗ tự nhiên là bộ giải pháp nội thất đồng bộ, tiết kiệm thời gian lựa chọn mà vẫn đảm bảo sự hài hòa về phong cách.

THÔNG SỐ KỸ THUẬT
• Chất liệu: Gỗ tự nhiên nguyên khối, độ bền cao
• Mã sản phẩm: CBSF68050
• Bảo hành: 12 tháng

CÔNG NĂNG NỔI BẬT
• Bộ sản phẩm đồng bộ về màu sắc và phong cách thiết kế
• Tiết kiệm thời gian lựa chọn và phối hợp nội thất
• Chất lượng đồng đều giữa các món trong bộ
• Dễ dàng bố trí, phù hợp nhiều diện tích không gian

PHÙ HỢP KHÔNG GIAN
• Phù hợp bố trí trong không gian phòng khách, mang lại sự tiện nghi và thẩm mỹ cho tổng thể không gian.",instock,1
CBSF021,"Bộ bàn ghế sofa, bàn ghế cafe",Bàn ghế Cafe - Ngoài trời > Bộ Bàn Ghế Cafe,4989000,4690000,/images/products/CBSF021-1.jpg,"Ghế công thái học, êm ái và bền bỉ.","Bộ bàn ghế sofa, bàn ghế cafe mang đến trải nghiệm ngồi thoải mái, hỗ trợ tư thế đúng chuẩn cho thời gian sử dụng dài mà không gây mỏi mệt.

THÔNG SỐ KỸ THUẬT
• Chất liệu: Chất liệu cao cấp, chọn lọc kỹ càng đảm bảo độ bền và tính thẩm mỹ
• Mã sản phẩm: CBSF021
• Bảo hành: 12 tháng

CÔNG NĂNG NỔI BẬT
• Thiết kế công thái học, nâng đỡ tốt cho vùng lưng và cổ
• Khung ghế chắc chắn, chịu tải trọng tốt, đảm bảo an toàn khi sử dụng
• Đệm ngồi êm ái, thoáng khí, phù hợp ngồi làm việc/sinh hoạt trong thời gian dài
• Kiểu dáng hiện đại, dễ dàng kết hợp với nhiều không gian nội thất

PHÙ HỢP KHÔNG GIAN
• Phù hợp bố trí trong không gian bàn ghế cafe - ngoài trời, mang lại sự tiện nghi và thẩm mỹ cho tổng thể không gian.",instock,1
CBCF351,Combo bàn bộ bàn ghế cafe sắt,Bàn ghế Cafe - Ngoài trời > Bộ Bàn Ghế Cafe,2590000,2460000,"/images/products/CBCF351-1.jpg, /images/products/CBCF351-2.jpg, /images/products/CBCF351-3.jpg","Ghế công thái học, êm ái và bền bỉ.","Combo bàn bộ bàn ghế cafe sắt mang đến trải nghiệm ngồi thoải mái, hỗ trợ tư thế đúng chuẩn cho thời gian sử dụng dài mà không gây mỏi mệt.

THÔNG SỐ KỸ THUẬT
• Chất liệu: Chất liệu cao cấp, chọn lọc kỹ càng đảm bảo độ bền và tính thẩm mỹ
• Mã sản phẩm: CBCF351
• Bảo hành: 12 tháng

CÔNG NĂNG NỔI BẬT
• Thiết kế công thái học, nâng đỡ tốt cho vùng lưng và cổ
• Khung ghế chắc chắn, chịu tải trọng tốt, đảm bảo an toàn khi sử dụng
• Đệm ngồi êm ái, thoáng khí, phù hợp ngồi làm việc/sinh hoạt trong thời gian dài
• Kiểu dáng hiện đại, dễ dàng kết hợp với nhiều không gian nội thất

PHÙ HỢP KHÔNG GIAN
• Phù hợp bố trí trong không gian bàn ghế cafe - ngoài trời, mang lại sự tiện nghi và thẩm mỹ cho tổng thể không gian.",instock,1
CBCF350,Combo bàn cafe tròn và 2 ghế sắt,Bàn ghế Cafe - Ngoài trời > Bộ Bàn Ghế Cafe,2080000,1980000,"/images/products/CBCF350-1.jpg, /images/products/CBCF350-2.jpg, /images/products/CBCF350-3.jpg","Ghế công thái học, êm ái và bền bỉ.","Combo bàn cafe tròn và 2 ghế sắt mang đến trải nghiệm ngồi thoải mái, hỗ trợ tư thế đúng chuẩn cho thời gian sử dụng dài mà không gây mỏi mệt.

THÔNG SỐ KỸ THUẬT
• Chất liệu: Chất liệu cao cấp, chọn lọc kỹ càng đảm bảo độ bền và tính thẩm mỹ
• Mã sản phẩm: CBCF350
• Bảo hành: 12 tháng

CÔNG NĂNG NỔI BẬT
• Thiết kế công thái học, nâng đỡ tốt cho vùng lưng và cổ
• Khung ghế chắc chắn, chịu tải trọng tốt, đảm bảo an toàn khi sử dụng
• Đệm ngồi êm ái, thoáng khí, phù hợp ngồi làm việc/sinh hoạt trong thời gian dài
• Kiểu dáng hiện đại, dễ dàng kết hợp với nhiều không gian nội thất

PHÙ HỢP KHÔNG GIAN
• Phù hợp bố trí trong không gian bàn ghế cafe - ngoài trời, mang lại sự tiện nghi và thẩm mỹ cho tổng thể không gian.",instock,1
HBCO059,Bàn góc L chân gác tủ 140x120cm gỗ cao su chân hệ CONE,Nội thất văn phòng > Bàn Văn Phòng > Bàn Giám Đốc,4650000,,"/images/products/HBCO059-1.jpg, /images/products/HBCO059-2.jpg, /images/products/HBCO059-3.jpg, /images/products/HBCO059-4.jpg, /images/products/HBCO059-5.jpg, /images/products/HBCO059-6.jpg","Bàn thiết kế chắc chắn, tối ưu không gian sử dụng.","Bàn góc L chân gác tủ 140x120cm gỗ cao su chân hệ CONE là lựa chọn lý tưởng cho không gian làm việc và sinh hoạt hiện đại, kết hợp giữa tính thẩm mỹ và công năng sử dụng thực tế.

THÔNG SỐ KỸ THUẬT
• Chất liệu: Gỗ cao su tự nhiên, đã qua xử lý chống mối mọt và cong vênh
• Kích thước: 140x120cm
• Mã sản phẩm: HBCO059
• Bảo hành: 12 tháng

CÔNG NĂNG NỔI BẬT
• Mặt bàn rộng rãi, đủ không gian đặt máy tính, tài liệu và vật dụng cá nhân
• Khung/chân bàn chắc chắn, chịu lực tốt, hạn chế rung lắc khi sử dụng
• Thiết kế tối giản, dễ phối hợp với nhiều phong cách nội thất khác nhau
• Dễ dàng lắp ráp và vệ sinh, bảo trì trong quá trình sử dụng lâu dài

PHÙ HỢP KHÔNG GIAN
• Phù hợp bố trí trong không gian nội thất văn phòng, mang lại sự tiện nghi và thẩm mỹ cho tổng thể không gian.",instock,1
HBRT105,Bàn làm việc 160x70cm gỗ cao su hệ Rectang,Nội thất văn phòng > Bàn Văn Phòng > Bàn Nhân Viên,2550000,,/images/products/HBRT105-1.jpg,"Bàn thiết kế chắc chắn, tối ưu không gian sử dụng.","Bàn làm việc 160x70cm gỗ cao su hệ Rectang là lựa chọn lý tưởng cho không gian làm việc và sinh hoạt hiện đại, kết hợp giữa tính thẩm mỹ và công năng sử dụng thực tế.

THÔNG SỐ KỸ THUẬT
• Chất liệu: Gỗ cao su tự nhiên, đã qua xử lý chống mối mọt và cong vênh
• Kích thước: 160x70cm
• Mã sản phẩm: HBRT105
• Bảo hành: 12 tháng

CÔNG NĂNG NỔI BẬT
• Mặt bàn rộng rãi, đủ không gian đặt máy tính, tài liệu và vật dụng cá nhân
• Khung/chân bàn chắc chắn, chịu lực tốt, hạn chế rung lắc khi sử dụng
• Thiết kế tối giản, dễ phối hợp với nhiều phong cách nội thất khác nhau
• Dễ dàng lắp ráp và vệ sinh, bảo trì trong quá trình sử dụng lâu dài

PHÙ HỢP KHÔNG GIAN
• Phù hợp bố trí trong không gian nội thất văn phòng, mang lại sự tiện nghi và thẩm mỹ cho tổng thể không gian.",instock,1
HBRT106,Bàn giám đốc có tủ di động 160x70cm gỗ cao su,Nội thất văn phòng > Bàn Văn Phòng > Bàn Giám Đốc,6250000,,"/images/products/HBRT106-1.jpg, /images/products/HBRT106-2.jpg, /images/products/HBRT106-3.jpg, /images/products/HBRT106-4.jpg, /images/products/HBRT106-5.jpg, /images/products/HBRT106-6.jpg","Bàn thiết kế chắc chắn, tối ưu không gian sử dụng.","Bàn giám đốc có tủ di động 160x70cm gỗ cao su là lựa chọn lý tưởng cho không gian làm việc và sinh hoạt hiện đại, kết hợp giữa tính thẩm mỹ và công năng sử dụng thực tế.

THÔNG SỐ KỸ THUẬT
• Chất liệu: Gỗ cao su tự nhiên, đã qua xử lý chống mối mọt và cong vênh
• Kích thước: 160x70cm
• Mã sản phẩm: HBRT106
• Bảo hành: 12 tháng

CÔNG NĂNG NỔI BẬT
• Mặt bàn rộng rãi, đủ không gian đặt máy tính, tài liệu và vật dụng cá nhân
• Khung/chân bàn chắc chắn, chịu lực tốt, hạn chế rung lắc khi sử dụng
• Thiết kế tối giản, dễ phối hợp với nhiều phong cách nội thất khác nhau
• Dễ dàng lắp ráp và vệ sinh, bảo trì trong quá trình sử dụng lâu dài

PHÙ HỢP KHÔNG GIAN
• Phù hợp bố trí trong không gian nội thất văn phòng, mang lại sự tiện nghi và thẩm mỹ cho tổng thể không gian.",instock,1
HBUC061,Bàn họp 200x100cm gỗ cao su chân sắt hệ UConcept,Nội thất văn phòng > Bàn Văn Phòng > Bàn Họp,4545000,,/images/products/HBUC061-1.jpg,"Bàn thiết kế chắc chắn, tối ưu không gian sử dụng.","Bàn họp 200x100cm gỗ cao su chân sắt hệ UConcept là lựa chọn lý tưởng cho không gian làm việc và sinh hoạt hiện đại, kết hợp giữa tính thẩm mỹ và công năng sử dụng thực tế.

THÔNG SỐ KỸ THUẬT
• Chất liệu: Gỗ cao su tự nhiên, đã qua xử lý chống mối mọt và cong vênh; chân/khung sắt sơn tĩnh điện chắc chắn, chống gỉ sét
• Kích thước: 200x100cm
• Mã sản phẩm: HBUC061
• Bảo hành: 12 tháng

CÔNG NĂNG NỔI BẬT
• Mặt bàn rộng rãi, đủ không gian đặt máy tính, tài liệu và vật dụng cá nhân
• Khung/chân bàn chắc chắn, chịu lực tốt, hạn chế rung lắc khi sử dụng
• Thiết kế tối giản, dễ phối hợp với nhiều phong cách nội thất khác nhau
• Dễ dàng lắp ráp và vệ sinh, bảo trì trong quá trình sử dụng lâu dài

PHÙ HỢP KHÔNG GIAN
• Phù hợp bố trí trong không gian nội thất văn phòng, mang lại sự tiện nghi và thẩm mỹ cho tổng thể không gian.",instock,1
HBUC033,Bàn giám đốc 180x160cm chân bàn kết hợp tủ hệ Uconcept,Nội thất văn phòng > Bàn Văn Phòng > Bàn Giám Đốc,10120000,,"/images/products/HBUC033-1.jpg, /images/products/HBUC033-2.jpg, /images/products/HBUC033-3.jpg, /images/products/HBUC033-4.jpg, /images/products/HBUC033-5.jpg, /images/products/HBUC033-6.jpg","Bàn thiết kế chắc chắn, tối ưu không gian sử dụng.","Bàn giám đốc 180x160cm chân bàn kết hợp tủ hệ Uconcept là lựa chọn lý tưởng cho không gian làm việc và sinh hoạt hiện đại, kết hợp giữa tính thẩm mỹ và công năng sử dụng thực tế.

THÔNG SỐ KỸ THUẬT
• Chất liệu: Chất liệu cao cấp, chọn lọc kỹ càng đảm bảo độ bền và tính thẩm mỹ
• Kích thước: 180x160cm
• Mã sản phẩm: HBUC033
• Bảo hành: 12 tháng

CÔNG NĂNG NỔI BẬT
• Mặt bàn rộng rãi, đủ không gian đặt máy tính, tài liệu và vật dụng cá nhân
• Khung/chân bàn chắc chắn, chịu lực tốt, hạn chế rung lắc khi sử dụng
• Thiết kế tối giản, dễ phối hợp với nhiều phong cách nội thất khác nhau
• Dễ dàng lắp ráp và vệ sinh, bảo trì trong quá trình sử dụng lâu dài

PHÙ HỢP KHÔNG GIAN
• Phù hợp bố trí trong không gian nội thất văn phòng, mang lại sự tiện nghi và thẩm mỹ cho tổng thể không gian.",instock,1
HBOV013,Bàn cụm 4 240x120 hệ Oval Concept lắp ráp,Nội thất văn phòng > Bàn Văn Phòng > Cụm bàn 4 người,4950000,,"/images/products/HBOV013-1.png, /images/products/HBOV013-2.jpg","Bàn thiết kế chắc chắn, tối ưu không gian sử dụng.","Bàn cụm 4 240x120 hệ Oval Concept lắp ráp là lựa chọn lý tưởng cho không gian làm việc và sinh hoạt hiện đại, kết hợp giữa tính thẩm mỹ và công năng sử dụng thực tế.

THÔNG SỐ KỸ THUẬT
• Chất liệu: Chất liệu cao cấp, chọn lọc kỹ càng đảm bảo độ bền và tính thẩm mỹ
• Mã sản phẩm: HBOV013
• Bảo hành: 12 tháng

CÔNG NĂNG NỔI BẬT
• Mặt bàn rộng rãi, đủ không gian đặt máy tính, tài liệu và vật dụng cá nhân
• Khung/chân bàn chắc chắn, chịu lực tốt, hạn chế rung lắc khi sử dụng
• Thiết kế tối giản, dễ phối hợp với nhiều phong cách nội thất khác nhau
• Dễ dàng lắp ráp và vệ sinh, bảo trì trong quá trình sử dụng lâu dài

PHÙ HỢP KHÔNG GIAN
• Phù hợp bố trí trong không gian nội thất văn phòng, mang lại sự tiện nghi và thẩm mỹ cho tổng thể không gian.",instock,1
HBRT055,Bàn cụm 4 người 120x240cm gỗ Plywood hệ RECTANG,Nội thất văn phòng > Bàn Văn Phòng > Cụm bàn 4 người,4950000,,"/images/products/HBRT055-1.jpg, /images/products/HBRT055-2.jpg, /images/products/HBRT055-3.jpg, /images/products/HBRT055-4.png, /images/products/HBRT055-5.png, /images/products/HBRT055-6.png","Bàn thiết kế chắc chắn, tối ưu không gian sử dụng.","Bàn cụm 4 người 120x240cm gỗ Plywood hệ RECTANG là lựa chọn lý tưởng cho không gian làm việc và sinh hoạt hiện đại, kết hợp giữa tính thẩm mỹ và công năng sử dụng thực tế.

THÔNG SỐ KỸ THUẬT
• Chất liệu: Gỗ plywood nhiều lớp, chịu lực tốt, ít cong vênh theo thời gian
• Kích thước: 120x240cm
• Mã sản phẩm: HBRT055
• Bảo hành: 12 tháng

CÔNG NĂNG NỔI BẬT
• Mặt bàn rộng rãi, đủ không gian đặt máy tính, tài liệu và vật dụng cá nhân
• Khung/chân bàn chắc chắn, chịu lực tốt, hạn chế rung lắc khi sử dụng
• Thiết kế tối giản, dễ phối hợp với nhiều phong cách nội thất khác nhau
• Dễ dàng lắp ráp và vệ sinh, bảo trì trong quá trình sử dụng lâu dài

PHÙ HỢP KHÔNG GIAN
• Phù hợp bố trí trong không gian nội thất văn phòng, mang lại sự tiện nghi và thẩm mỹ cho tổng thể không gian.",instock,1
HBCO027,Bàn cụm 4 người 240x120cm gỗ PLywood chân sắt hệ CONE,Nội thất văn phòng > Bàn Văn Phòng > Cụm bàn 4 người,5390000,,"/images/products/HBCO027-1.jpg, /images/products/HBCO027-2.jpg, /images/products/HBCO027-3.jpg, /images/products/HBCO027-4.jpg, /images/products/HBCO027-5.jpg","Bàn thiết kế chắc chắn, tối ưu không gian sử dụng.","Bàn cụm 4 người 240x120cm gỗ PLywood chân sắt hệ CONE là lựa chọn lý tưởng cho không gian làm việc và sinh hoạt hiện đại, kết hợp giữa tính thẩm mỹ và công năng sử dụng thực tế.

THÔNG SỐ KỸ THUẬT
• Chất liệu: Gỗ plywood nhiều lớp, chịu lực tốt, ít cong vênh theo thời gian; chân/khung sắt sơn tĩnh điện chắc chắn, chống gỉ sét
• Kích thước: 240x120cm
• Mã sản phẩm: HBCO027
• Bảo hành: 12 tháng

CÔNG NĂNG NỔI BẬT
• Mặt bàn rộng rãi, đủ không gian đặt máy tính, tài liệu và vật dụng cá nhân
• Khung/chân bàn chắc chắn, chịu lực tốt, hạn chế rung lắc khi sử dụng
• Thiết kế tối giản, dễ phối hợp với nhiều phong cách nội thất khác nhau
• Dễ dàng lắp ráp và vệ sinh, bảo trì trong quá trình sử dụng lâu dài

PHÙ HỢP KHÔNG GIAN
• Phù hợp bố trí trong không gian nội thất văn phòng, mang lại sự tiện nghi và thẩm mỹ cho tổng thể không gian.",instock,1
HBUC014,Bàn cụm 4 240x120 hệ UConcept chân sắt lắp ráp,Nội thất văn phòng > Bàn Văn Phòng > Cụm bàn 4 người,4840000,,"/images/products/HBUC014-1.jpg, /images/products/HBUC014-2.jpg, /images/products/HBUC014-3.jpg, /images/products/HBUC014-4.jpg, /images/products/HBUC014-5.jpg, /images/products/HBUC014-6.jpg","Bàn thiết kế chắc chắn, tối ưu không gian sử dụng.","Bàn cụm 4 240x120 hệ UConcept chân sắt lắp ráp là lựa chọn lý tưởng cho không gian làm việc và sinh hoạt hiện đại, kết hợp giữa tính thẩm mỹ và công năng sử dụng thực tế.

THÔNG SỐ KỸ THUẬT
• Chất liệu: Chân/khung sắt sơn tĩnh điện chắc chắn, chống gỉ sét
• Mã sản phẩm: HBUC014
• Bảo hành: 12 tháng

CÔNG NĂNG NỔI BẬT
• Mặt bàn rộng rãi, đủ không gian đặt máy tính, tài liệu và vật dụng cá nhân
• Khung/chân bàn chắc chắn, chịu lực tốt, hạn chế rung lắc khi sử dụng
• Thiết kế tối giản, dễ phối hợp với nhiều phong cách nội thất khác nhau
• Dễ dàng lắp ráp và vệ sinh, bảo trì trong quá trình sử dụng lâu dài

PHÙ HỢP KHÔNG GIAN
• Phù hợp bố trí trong không gian nội thất văn phòng, mang lại sự tiện nghi và thẩm mỹ cho tổng thể không gian.",instock,1
HBSL033,Bàn cụm 4 chỗ 280x240cm gỗ cao su chân sắt hệ Slean,Nội thất văn phòng > Bàn Văn Phòng > Cụm bàn 4 người,10500000,,"/images/products/HBSL033-1.jpg, /images/products/HBSL033-2.jpg, /images/products/HBSL033-3.jpg, /images/products/HBSL033-4.jpg, /images/products/HBSL033-5.jpg, /images/products/HBSL033-6.jpg","Bàn thiết kế chắc chắn, tối ưu không gian sử dụng.","Bàn cụm 4 chỗ 280x240cm gỗ cao su chân sắt hệ Slean là lựa chọn lý tưởng cho không gian làm việc và sinh hoạt hiện đại, kết hợp giữa tính thẩm mỹ và công năng sử dụng thực tế.

THÔNG SỐ KỸ THUẬT
• Chất liệu: Gỗ cao su tự nhiên, đã qua xử lý chống mối mọt và cong vênh; chân/khung sắt sơn tĩnh điện chắc chắn, chống gỉ sét
• Kích thước: 280x240cm
• Mã sản phẩm: HBSL033
• Bảo hành: 12 tháng

CÔNG NĂNG NỔI BẬT
• Mặt bàn rộng rãi, đủ không gian đặt máy tính, tài liệu và vật dụng cá nhân
• Khung/chân bàn chắc chắn, chịu lực tốt, hạn chế rung lắc khi sử dụng
• Thiết kế tối giản, dễ phối hợp với nhiều phong cách nội thất khác nhau
• Dễ dàng lắp ráp và vệ sinh, bảo trì trong quá trình sử dụng lâu dài

PHÙ HỢP KHÔNG GIAN
• Phù hợp bố trí trong không gian nội thất văn phòng, mang lại sự tiện nghi và thẩm mỹ cho tổng thể không gian.",instock,1
GVP900,Ghế công thái học lưới có gác chân,Nội thất văn phòng > Ghế Văn Phòng > Ghế Nhân Viên,3300000,,/images/products/GVP900-1.jpg,"Ghế công thái học, êm ái và bền bỉ.","Ghế công thái học lưới có gác chân mang đến trải nghiệm ngồi thoải mái, hỗ trợ tư thế đúng chuẩn cho thời gian sử dụng dài mà không gây mỏi mệt.

THÔNG SỐ KỸ THUẬT
• Chất liệu: Lưng lưới thoáng khí, hỗ trợ tư thế ngồi đúng chuẩn
• Mã sản phẩm: GVP900
• Bảo hành: 12 tháng

CÔNG NĂNG NỔI BẬT
• Thiết kế công thái học, nâng đỡ tốt cho vùng lưng và cổ
• Khung ghế chắc chắn, chịu tải trọng tốt, đảm bảo an toàn khi sử dụng
• Đệm ngồi êm ái, thoáng khí, phù hợp ngồi làm việc/sinh hoạt trong thời gian dài
• Kiểu dáng hiện đại, dễ dàng kết hợp với nhiều không gian nội thất

PHÙ HỢP KHÔNG GIAN
• Phù hợp bố trí trong không gian nội thất văn phòng, mang lại sự tiện nghi và thẩm mỹ cho tổng thể không gian.",instock,1
HOM1110-T03,Ghế lưới văn phòng có tựa đầu,Nội thất văn phòng > Ghế Văn Phòng > Ghế Nhân Viên,2750000,,"/images/products/HOM1110-T03-1.jpg, /images/products/HOM1110-T03-2.jpg, /images/products/HOM1110-T03-3.jpg, /images/products/HOM1110-T03-4.jpg, /images/products/HOM1110-T03-5.jpg, /images/products/HOM1110-T03-6.jpg","Ghế công thái học, êm ái và bền bỉ.","Ghế lưới văn phòng có tựa đầu mang đến trải nghiệm ngồi thoải mái, hỗ trợ tư thế đúng chuẩn cho thời gian sử dụng dài mà không gây mỏi mệt.

THÔNG SỐ KỸ THUẬT
• Chất liệu: Lưng lưới thoáng khí, hỗ trợ tư thế ngồi đúng chuẩn
• Mã sản phẩm: HOM1110-T03
• Bảo hành: 12 tháng

CÔNG NĂNG NỔI BẬT
• Thiết kế công thái học, nâng đỡ tốt cho vùng lưng và cổ
• Khung ghế chắc chắn, chịu tải trọng tốt, đảm bảo an toàn khi sử dụng
• Đệm ngồi êm ái, thoáng khí, phù hợp ngồi làm việc/sinh hoạt trong thời gian dài
• Kiểu dáng hiện đại, dễ dàng kết hợp với nhiều không gian nội thất

PHÙ HỢP KHÔNG GIAN
• Phù hợp bố trí trong không gian nội thất văn phòng, mang lại sự tiện nghi và thẩm mỹ cho tổng thể không gian.",instock,1
HOM1102-T04,Ghế xoay văn phòng lưng lưới có tựa đầu,Nội thất văn phòng > Ghế Văn Phòng > Ghế Nhân Viên,1780000,,"/images/products/HOM1102-T04-1.jpg, /images/products/HOM1102-T04-2.jpg, /images/products/HOM1102-T04-3.jpg, /images/products/HOM1102-T04-4.jpg, /images/products/HOM1102-T04-5.jpg, /images/products/HOM1102-T04-6.jpg","Ghế công thái học, êm ái và bền bỉ.","Ghế xoay văn phòng lưng lưới có tựa đầu mang đến trải nghiệm ngồi thoải mái, hỗ trợ tư thế đúng chuẩn cho thời gian sử dụng dài mà không gây mỏi mệt.

THÔNG SỐ KỸ THUẬT
• Chất liệu: Lưng lưới thoáng khí, hỗ trợ tư thế ngồi đúng chuẩn
• Mã sản phẩm: HOM1102-T04
• Bảo hành: 12 tháng

CÔNG NĂNG NỔI BẬT
• Thiết kế công thái học, nâng đỡ tốt cho vùng lưng và cổ
• Khung ghế chắc chắn, chịu tải trọng tốt, đảm bảo an toàn khi sử dụng
• Đệm ngồi êm ái, thoáng khí, phù hợp ngồi làm việc/sinh hoạt trong thời gian dài
• Kiểu dáng hiện đại, dễ dàng kết hợp với nhiều không gian nội thất

PHÙ HỢP KHÔNG GIAN
• Phù hợp bố trí trong không gian nội thất văn phòng, mang lại sự tiện nghi và thẩm mỹ cho tổng thể không gian.",instock,1
HOM1108,Ghế giám đốc bọc da Si tay nhôm đúc,Nội thất văn phòng > Ghế Văn Phòng > Ghế Giám Đốc,2850000,,"/images/products/HOM1108-1.jpg, /images/products/HOM1108-2.jpg, /images/products/HOM1108-3.jpg, /images/products/HOM1108-4.jpg, /images/products/HOM1108-5.jpg, /images/products/HOM1108-6.jpg","Ghế công thái học, êm ái và bền bỉ.","Ghế giám đốc bọc da Si tay nhôm đúc mang đến trải nghiệm ngồi thoải mái, hỗ trợ tư thế đúng chuẩn cho thời gian sử dụng dài mà không gây mỏi mệt.

THÔNG SỐ KỸ THUẬT
• Chất liệu: Bọc da cao cấp, êm ái và dễ vệ sinh
• Mã sản phẩm: HOM1108
• Bảo hành: 12 tháng

CÔNG NĂNG NỔI BẬT
• Thiết kế công thái học, nâng đỡ tốt cho vùng lưng và cổ
• Khung ghế chắc chắn, chịu tải trọng tốt, đảm bảo an toàn khi sử dụng
• Đệm ngồi êm ái, thoáng khí, phù hợp ngồi làm việc/sinh hoạt trong thời gian dài
• Kiểu dáng hiện đại, dễ dàng kết hợp với nhiều không gian nội thất

PHÙ HỢP KHÔNG GIAN
• Phù hợp bố trí trong không gian nội thất văn phòng, mang lại sự tiện nghi và thẩm mỹ cho tổng thể không gian.",instock,1
MF8331A,Ghế văn phòng có tựa đầu lưng lưới tay lật,Nội thất văn phòng > Ghế Văn Phòng > Ghế Nhân Viên,2050000,,"/images/products/MF8331A-1.jpg, /images/products/MF8331A-2.jpg, /images/products/MF8331A-3.jpg, /images/products/MF8331A-4.jpg, /images/products/MF8331A-5.jpg, /images/products/MF8331A-6.jpg","Ghế công thái học, êm ái và bền bỉ.","Ghế văn phòng có tựa đầu lưng lưới tay lật mang đến trải nghiệm ngồi thoải mái, hỗ trợ tư thế đúng chuẩn cho thời gian sử dụng dài mà không gây mỏi mệt.

THÔNG SỐ KỸ THUẬT
• Chất liệu: Lưng lưới thoáng khí, hỗ trợ tư thế ngồi đúng chuẩn
• Mã sản phẩm: MF8331A
• Bảo hành: 12 tháng

CÔNG NĂNG NỔI BẬT
• Thiết kế công thái học, nâng đỡ tốt cho vùng lưng và cổ
• Khung ghế chắc chắn, chịu tải trọng tốt, đảm bảo an toàn khi sử dụng
• Đệm ngồi êm ái, thoáng khí, phù hợp ngồi làm việc/sinh hoạt trong thời gian dài
• Kiểu dáng hiện đại, dễ dàng kết hợp với nhiều không gian nội thất

PHÙ HỢP KHÔNG GIAN
• Phù hợp bố trí trong không gian nội thất văn phòng, mang lại sự tiện nghi và thẩm mỹ cho tổng thể không gian.",instock,1
HBAC016,Bàn cụm 6 360x120 AConcept chân sắt lắp ráp,Nội thất văn phòng > Bàn Văn Phòng > Cụm bàn 6 người,7370000,,"/images/products/HBAC016-1.png, /images/products/HBAC016-2.png, /images/products/HBAC016-3.png, /images/products/HBAC016-4.png","Bàn thiết kế chắc chắn, tối ưu không gian sử dụng.","Bàn cụm 6 360x120 AConcept chân sắt lắp ráp là lựa chọn lý tưởng cho không gian làm việc và sinh hoạt hiện đại, kết hợp giữa tính thẩm mỹ và công năng sử dụng thực tế.

THÔNG SỐ KỸ THUẬT
• Chất liệu: Chân/khung sắt sơn tĩnh điện chắc chắn, chống gỉ sét
• Mã sản phẩm: HBAC016
• Bảo hành: 12 tháng

CÔNG NĂNG NỔI BẬT
• Mặt bàn rộng rãi, đủ không gian đặt máy tính, tài liệu và vật dụng cá nhân
• Khung/chân bàn chắc chắn, chịu lực tốt, hạn chế rung lắc khi sử dụng
• Thiết kế tối giản, dễ phối hợp với nhiều phong cách nội thất khác nhau
• Dễ dàng lắp ráp và vệ sinh, bảo trì trong quá trình sử dụng lâu dài

PHÙ HỢP KHÔNG GIAN
• Phù hợp bố trí trong không gian nội thất văn phòng, mang lại sự tiện nghi và thẩm mỹ cho tổng thể không gian.",instock,1
HBLG022,Cụm 6 bàn hình thang gỗ cao su chân sắt Oval hệ Lego,Nội thất văn phòng > Bàn Văn Phòng > Cụm bàn 6 người,9240000,8910000,"/images/products/HBLG022-1.jpg, /images/products/HBLG022-2.jpg","Bàn thiết kế chắc chắn, tối ưu không gian sử dụng.","Cụm 6 bàn hình thang gỗ cao su chân sắt Oval hệ Lego là lựa chọn lý tưởng cho không gian làm việc và sinh hoạt hiện đại, kết hợp giữa tính thẩm mỹ và công năng sử dụng thực tế.

THÔNG SỐ KỸ THUẬT
• Chất liệu: Gỗ cao su tự nhiên, đã qua xử lý chống mối mọt và cong vênh; chân/khung sắt sơn tĩnh điện chắc chắn, chống gỉ sét
• Mã sản phẩm: HBLG022
• Bảo hành: 12 tháng

CÔNG NĂNG NỔI BẬT
• Mặt bàn rộng rãi, đủ không gian đặt máy tính, tài liệu và vật dụng cá nhân
• Khung/chân bàn chắc chắn, chịu lực tốt, hạn chế rung lắc khi sử dụng
• Thiết kế tối giản, dễ phối hợp với nhiều phong cách nội thất khác nhau
• Dễ dàng lắp ráp và vệ sinh, bảo trì trong quá trình sử dụng lâu dài

PHÙ HỢP KHÔNG GIAN
• Phù hợp bố trí trong không gian nội thất văn phòng, mang lại sự tiện nghi và thẩm mỹ cho tổng thể không gian.",instock,1
HBCO013,Bàn cụm 6 chỗ 120x360cm hệ CONE chân sắt lắp ráp,Nội thất văn phòng > Bàn Văn Phòng > Cụm bàn 6 người,7590000,,"/images/products/HBCO013-1.png, /images/products/HBCO013-2.png, /images/products/HBCO013-3.png","Bàn thiết kế chắc chắn, tối ưu không gian sử dụng.","Bàn cụm 6 chỗ 120x360cm hệ CONE chân sắt lắp ráp là lựa chọn lý tưởng cho không gian làm việc và sinh hoạt hiện đại, kết hợp giữa tính thẩm mỹ và công năng sử dụng thực tế.

THÔNG SỐ KỸ THUẬT
• Chất liệu: Chân/khung sắt sơn tĩnh điện chắc chắn, chống gỉ sét
• Kích thước: 120x360cm
• Mã sản phẩm: HBCO013
• Bảo hành: 12 tháng

CÔNG NĂNG NỔI BẬT
• Mặt bàn rộng rãi, đủ không gian đặt máy tính, tài liệu và vật dụng cá nhân
• Khung/chân bàn chắc chắn, chịu lực tốt, hạn chế rung lắc khi sử dụng
• Thiết kế tối giản, dễ phối hợp với nhiều phong cách nội thất khác nhau
• Dễ dàng lắp ráp và vệ sinh, bảo trì trong quá trình sử dụng lâu dài

PHÙ HỢP KHÔNG GIAN
• Phù hợp bố trí trong không gian nội thất văn phòng, mang lại sự tiện nghi và thẩm mỹ cho tổng thể không gian.",instock,1
KTV68099,Tủ TV phòng khách 140x40x50cm gỗ cao su,Phòng Khách > Kệ Tivi,3800000,,"/images/products/KTV68099-1.jpg, /images/products/KTV68099-2.jpg, /images/products/KTV68099-3.jpg","Kệ đa năng, tối ưu không gian trưng bày và lưu trữ.","Tủ TV phòng khách 140x40x50cm gỗ cao su là giải pháp lưu trữ và trang trí linh hoạt, giúp không gian sống trở nên ngăn nắp và cuốn hút hơn.

THÔNG SỐ KỸ THUẬT
• Chất liệu: Gỗ cao su tự nhiên, đã qua xử lý chống mối mọt và cong vênh
• Kích thước: 140x40x50cm
• Mã sản phẩm: KTV68099
• Bảo hành: 12 tháng

CÔNG NĂNG NỔI BẬT
• Kết cấu vững chắc, chịu tải trọng tốt cho nhiều loại đồ vật
• Thiết kế nhiều tầng linh hoạt, tối ưu không gian lưu trữ và trưng bày
• Kiểu dáng hiện đại, vừa lưu trữ vừa trang trí cho không gian
• Dễ dàng lắp đặt, di chuyển và vệ sinh

PHÙ HỢP KHÔNG GIAN
• Phù hợp bố trí trong không gian phòng khách, mang lại sự tiện nghi và thẩm mỹ cho tổng thể không gian.",instock,1
KTB68208,Tủ trang trí Solara 60x35x100cm gỗ cao su,Phòng Khách > Tủ Trang Trí,2600000,,"/images/products/KTB68208-1.jpg, /images/products/KTB68208-2.jpg, /images/products/KTB68208-3.jpg, /images/products/KTB68208-4.jpg, /images/products/KTB68208-5.jpg, /images/products/KTB68208-6.jpg","Tủ lưu trữ tiện lợi, thiết kế gọn gàng.","Tủ trang trí Solara 60x35x100cm gỗ cao su giúp tối ưu không gian lưu trữ, sắp xếp đồ đạc gọn gàng, khoa học mà vẫn đảm bảo tính thẩm mỹ cho căn phòng.

THÔNG SỐ KỸ THUẬT
• Chất liệu: Gỗ cao su tự nhiên, đã qua xử lý chống mối mọt và cong vênh
• Kích thước: 60x35x100cm
• Mã sản phẩm: KTB68208
• Bảo hành: 12 tháng

CÔNG NĂNG NỔI BẬT
• Nhiều ngăn/kệ chia hợp lý, tối ưu diện tích lưu trữ
• Hệ thống bản lề, tay nắm chắc chắn, đóng mở êm ái
• Bề mặt hoàn thiện chống trầy xước, dễ lau chùi
• Thiết kế kín đáo, giúp không gian luôn gọn gàng ngăn nắp

PHÙ HỢP KHÔNG GIAN
• Phù hợp bố trí trong không gian phòng khách, mang lại sự tiện nghi và thẩm mỹ cho tổng thể không gian.",instock,1
KGT68037,Kệ rượu di động Dexta 45x45x160cm gỗ cao su,Phòng Khách > Tủ Rượu,3550000,,"/images/products/KGT68037-1.jpg, /images/products/KGT68037-2.jpg, /images/products/KGT68037-3.jpg, /images/products/KGT68037-4.jpg, /images/products/KGT68037-5.jpg, /images/products/KGT68037-6.jpg","Tủ lưu trữ tiện lợi, thiết kế gọn gàng.","Kệ rượu di động Dexta 45x45x160cm gỗ cao su giúp tối ưu không gian lưu trữ, sắp xếp đồ đạc gọn gàng, khoa học mà vẫn đảm bảo tính thẩm mỹ cho căn phòng.

THÔNG SỐ KỸ THUẬT
• Chất liệu: Gỗ cao su tự nhiên, đã qua xử lý chống mối mọt và cong vênh
• Kích thước: 45x45x160cm
• Mã sản phẩm: KGT68037
• Bảo hành: 12 tháng

CÔNG NĂNG NỔI BẬT
• Nhiều ngăn/kệ chia hợp lý, tối ưu diện tích lưu trữ
• Hệ thống bản lề, tay nắm chắc chắn, đóng mở êm ái
• Bề mặt hoàn thiện chống trầy xước, dễ lau chùi
• Thiết kế kín đáo, giúp không gian luôn gọn gàng ngăn nắp

PHÙ HỢP KHÔNG GIAN
• Phù hợp bố trí trong không gian phòng khách, mang lại sự tiện nghi và thẩm mỹ cho tổng thể không gian.",instock,1
KG68080,Tủ kệ dép cửa lật 3 ngăn gỗ cao su,Phòng Khách > Tủ Kệ Giày,4150000,,/images/products/KG68080-1.jpg,"Tủ lưu trữ tiện lợi, thiết kế gọn gàng.","Tủ kệ dép cửa lật 3 ngăn gỗ cao su giúp tối ưu không gian lưu trữ, sắp xếp đồ đạc gọn gàng, khoa học mà vẫn đảm bảo tính thẩm mỹ cho căn phòng.

THÔNG SỐ KỸ THUẬT
• Chất liệu: Gỗ cao su tự nhiên, đã qua xử lý chống mối mọt và cong vênh
• Mã sản phẩm: KG68080
• Bảo hành: 12 tháng

CÔNG NĂNG NỔI BẬT
• Nhiều ngăn/kệ chia hợp lý, tối ưu diện tích lưu trữ
• Hệ thống bản lề, tay nắm chắc chắn, đóng mở êm ái
• Bề mặt hoàn thiện chống trầy xước, dễ lau chùi
• Thiết kế kín đáo, giúp không gian luôn gọn gàng ngăn nắp

PHÙ HỢP KHÔNG GIAN
• Phù hợp bố trí trong không gian phòng khách, mang lại sự tiện nghi và thẩm mỹ cho tổng thể không gian.",instock,1
PPF004,Xe đẩy 2 tầng ống nước sắt kết hợp gỗ tràm,Ống Nước > Kệ Ống Nước,1950000,,,"Phụ kiện tiện dụng, hỗ trợ không gian làm việc gọn gàng.","Xe đẩy 2 tầng ống nước sắt kết hợp gỗ tràm là phụ kiện hỗ trợ đắc lực, giúp không gian làm việc/sinh hoạt gọn gàng và tiện dụng hơn.

THÔNG SỐ KỸ THUẬT
• Chất liệu: Gỗ tràm tự nhiên, vân gỗ mộc mạc, chắc chắn
• Mã sản phẩm: PPF004
• Bảo hành: 12 tháng

CÔNG NĂNG NỔI BẬT
• Thiết kế nhỏ gọn, dễ dàng lắp đặt vào hệ bàn/ghế hiện có
• Chất liệu bền bỉ, chịu lực và chịu nhiệt tốt trong quá trình sử dụng
• Giúp không gian làm việc gọn gàng, khoa học hơn
• Tương thích với nhiều mẫu bàn/ghế khác nhau

PHÙ HỢP KHÔNG GIAN
• Phù hợp sử dụng kèm nhiều mẫu bàn/ghế văn phòng, gia đình khác nhau, mang lại sự tiện nghi và thẩm mỹ cho tổng thể không gian.",instock,1
KGT68033,Tủ góc tường 60x60x120cm gỗ cao su,Phòng Khách > Kệ Trang Trí,2790000,,"/images/products/KGT68033-1.jpg, /images/products/KGT68033-2.jpg, /images/products/KGT68033-3.jpg, /images/products/KGT68033-4.jpg, /images/products/KGT68033-5.jpg, /images/products/KGT68033-6.jpg","Kệ đa năng, tối ưu không gian trưng bày và lưu trữ.","Tủ góc tường 60x60x120cm gỗ cao su là giải pháp lưu trữ và trang trí linh hoạt, giúp không gian sống trở nên ngăn nắp và cuốn hút hơn.

THÔNG SỐ KỸ THUẬT
• Chất liệu: Gỗ cao su tự nhiên, đã qua xử lý chống mối mọt và cong vênh
• Kích thước: 60x60x120cm
• Mã sản phẩm: KGT68033
• Bảo hành: 12 tháng

CÔNG NĂNG NỔI BẬT
• Kết cấu vững chắc, chịu tải trọng tốt cho nhiều loại đồ vật
• Thiết kế nhiều tầng linh hoạt, tối ưu không gian lưu trữ và trưng bày
• Kiểu dáng hiện đại, vừa lưu trữ vừa trang trí cho không gian
• Dễ dàng lắp đặt, di chuyển và vệ sinh

PHÙ HỢP KHÔNG GIAN
• Phù hợp bố trí trong không gian phòng khách, mang lại sự tiện nghi và thẩm mỹ cho tổng thể không gian.",instock,1
TT68314,Bàn sofa hình Ellipse 100x60cm đá ceramic,Phòng Khách > Bàn Sofa,3680000,,"/images/products/TT68314-1.jpg, /images/products/TT68314-2.jpg, /images/products/TT68314-3.jpg, /images/products/TT68314-4.jpg, /images/products/TT68314-5.jpg, /images/products/TT68314-6.jpg","Bàn thiết kế chắc chắn, tối ưu không gian sử dụng.","Bàn sofa hình Ellipse 100x60cm đá ceramic là lựa chọn lý tưởng cho không gian làm việc và sinh hoạt hiện đại, kết hợp giữa tính thẩm mỹ và công năng sử dụng thực tế.

THÔNG SỐ KỸ THUẬT
• Chất liệu: Mặt đá ceramic cao cấp, chống trầy xước và chống thấm nước tốt
• Kích thước: 100x60cm
• Mã sản phẩm: TT68314
• Bảo hành: 12 tháng

CÔNG NĂNG NỔI BẬT
• Mặt bàn rộng rãi, đủ không gian đặt máy tính, tài liệu và vật dụng cá nhân
• Khung/chân bàn chắc chắn, chịu lực tốt, hạn chế rung lắc khi sử dụng
• Thiết kế tối giản, dễ phối hợp với nhiều phong cách nội thất khác nhau
• Dễ dàng lắp ráp và vệ sinh, bảo trì trong quá trình sử dụng lâu dài

PHÙ HỢP KHÔNG GIAN
• Phù hợp bố trí trong không gian phòng khách, mang lại sự tiện nghi và thẩm mỹ cho tổng thể không gian.",instock,1
KTB68193,Tủ trưng bày 150x40x81cm gỗ cao su,Phòng Khách > Tủ Trang Trí,4750000,,/images/products/KTB68193-1.jpg,"Tủ lưu trữ tiện lợi, thiết kế gọn gàng.","Tủ trưng bày 150x40x81cm gỗ cao su giúp tối ưu không gian lưu trữ, sắp xếp đồ đạc gọn gàng, khoa học mà vẫn đảm bảo tính thẩm mỹ cho căn phòng.

THÔNG SỐ KỸ THUẬT
• Chất liệu: Gỗ cao su tự nhiên, đã qua xử lý chống mối mọt và cong vênh
• Kích thước: 150x40x81cm
• Mã sản phẩm: KTB68193
• Bảo hành: 12 tháng

CÔNG NĂNG NỔI BẬT
• Nhiều ngăn/kệ chia hợp lý, tối ưu diện tích lưu trữ
• Hệ thống bản lề, tay nắm chắc chắn, đóng mở êm ái
• Bề mặt hoàn thiện chống trầy xước, dễ lau chùi
• Thiết kế kín đáo, giúp không gian luôn gọn gàng ngăn nắp

PHÙ HỢP KHÔNG GIAN
• Phù hợp bố trí trong không gian phòng khách, mang lại sự tiện nghi và thẩm mỹ cho tổng thể không gian.",instock,1
KGT68030,Kệ góc tường có ngăn tủ 35x35x160cm gỗ cao su,Phòng Khách > Kệ Trang Trí,2275000,,"/images/products/KGT68030-1.jpg, /images/products/KGT68030-2.jpg, /images/products/KGT68030-3.jpg, /images/products/KGT68030-4.jpg, /images/products/KGT68030-5.jpg, /images/products/KGT68030-6.jpg","Kệ đa năng, tối ưu không gian trưng bày và lưu trữ.","Kệ góc tường có ngăn tủ 35x35x160cm gỗ cao su là giải pháp lưu trữ và trang trí linh hoạt, giúp không gian sống trở nên ngăn nắp và cuốn hút hơn.

THÔNG SỐ KỸ THUẬT
• Chất liệu: Gỗ cao su tự nhiên, đã qua xử lý chống mối mọt và cong vênh
• Kích thước: 35x35x160cm
• Mã sản phẩm: KGT68030
• Bảo hành: 12 tháng

CÔNG NĂNG NỔI BẬT
• Kết cấu vững chắc, chịu tải trọng tốt cho nhiều loại đồ vật
• Thiết kế nhiều tầng linh hoạt, tối ưu không gian lưu trữ và trưng bày
• Kiểu dáng hiện đại, vừa lưu trữ vừa trang trí cho không gian
• Dễ dàng lắp đặt, di chuyển và vệ sinh

PHÙ HỢP KHÔNG GIAN
• Phù hợp bố trí trong không gian phòng khách, mang lại sự tiện nghi và thẩm mỹ cho tổng thể không gian.",instock,1
KTB68185,Kệ trang trí 74x30x160cm gỗ cao su,Phòng Khách > Kệ Trang Trí,2850000,,/images/products/KTB68185-1.jpg,"Kệ đa năng, tối ưu không gian trưng bày và lưu trữ.","Kệ trang trí 74x30x160cm gỗ cao su là giải pháp lưu trữ và trang trí linh hoạt, giúp không gian sống trở nên ngăn nắp và cuốn hút hơn.

THÔNG SỐ KỸ THUẬT
• Chất liệu: Gỗ cao su tự nhiên, đã qua xử lý chống mối mọt và cong vênh
• Kích thước: 74x30x160cm
• Mã sản phẩm: KTB68185
• Bảo hành: 12 tháng

CÔNG NĂNG NỔI BẬT
• Kết cấu vững chắc, chịu tải trọng tốt cho nhiều loại đồ vật
• Thiết kế nhiều tầng linh hoạt, tối ưu không gian lưu trữ và trưng bày
• Kiểu dáng hiện đại, vừa lưu trữ vừa trang trí cho không gian
• Dễ dàng lắp đặt, di chuyển và vệ sinh

PHÙ HỢP KHÔNG GIAN
• Phù hợp bố trí trong không gian phòng khách, mang lại sự tiện nghi và thẩm mỹ cho tổng thể không gian.",instock,1
TPA020,Tủ phòng ăn 80x40x172cm gỗ cao su,Bếp & Phòng Ăn > Tủ Bếp,4950000,,"/images/products/TPA020-1.jpg, /images/products/TPA020-2.jpg, /images/products/TPA020-3.jpg, /images/products/TPA020-4.jpg, /images/products/TPA020-5.jpg, /images/products/TPA020-6.jpg","Tủ lưu trữ tiện lợi, thiết kế gọn gàng.","Tủ phòng ăn 80x40x172cm gỗ cao su giúp tối ưu không gian lưu trữ, sắp xếp đồ đạc gọn gàng, khoa học mà vẫn đảm bảo tính thẩm mỹ cho căn phòng.

THÔNG SỐ KỸ THUẬT
• Chất liệu: Gỗ cao su tự nhiên, đã qua xử lý chống mối mọt và cong vênh
• Kích thước: 80x40x172cm
• Mã sản phẩm: TPA020
• Bảo hành: 12 tháng

CÔNG NĂNG NỔI BẬT
• Nhiều ngăn/kệ chia hợp lý, tối ưu diện tích lưu trữ
• Hệ thống bản lề, tay nắm chắc chắn, đóng mở êm ái
• Bề mặt hoàn thiện chống trầy xước, dễ lau chùi
• Thiết kế kín đáo, giúp không gian luôn gọn gàng ngăn nắp

PHÙ HỢP KHÔNG GIAN
• Phù hợp bố trí trong không gian bếp & phòng ăn, mang lại sự tiện nghi và thẩm mỹ cho tổng thể không gian.",instock,1
BA68211,Bàn ăn TOGI gỗ Tràm chân sắt 160x80cm,Bếp & Phòng Ăn > Bàn Ăn,3450000,,"/images/products/BA68211-1.jpg, /images/products/BA68211-2.jpg, /images/products/BA68211-3.jpg, /images/products/BA68211-4.jpg, /images/products/BA68211-5.jpg, /images/products/BA68211-6.jpg","Bàn thiết kế chắc chắn, tối ưu không gian sử dụng.","Bàn ăn TOGI gỗ Tràm chân sắt 160x80cm là lựa chọn lý tưởng cho không gian làm việc và sinh hoạt hiện đại, kết hợp giữa tính thẩm mỹ và công năng sử dụng thực tế.

THÔNG SỐ KỸ THUẬT
• Chất liệu: Gỗ tràm tự nhiên, vân gỗ mộc mạc, chắc chắn; chân/khung sắt sơn tĩnh điện chắc chắn, chống gỉ sét
• Kích thước: 160x80cm
• Mã sản phẩm: BA68211
• Bảo hành: 12 tháng

CÔNG NĂNG NỔI BẬT
• Mặt bàn rộng rãi, đủ không gian đặt máy tính, tài liệu và vật dụng cá nhân
• Khung/chân bàn chắc chắn, chịu lực tốt, hạn chế rung lắc khi sử dụng
• Thiết kế tối giản, dễ phối hợp với nhiều phong cách nội thất khác nhau
• Dễ dàng lắp ráp và vệ sinh, bảo trì trong quá trình sử dụng lâu dài

PHÙ HỢP KHÔNG GIAN
• Phù hợp bố trí trong không gian bếp & phòng ăn, mang lại sự tiện nghi và thẩm mỹ cho tổng thể không gian.",instock,1
KS68242,Kệ sách có ngăn tủ 60x26x180cm gỗ cao su,Phòng Làm Việc > Kệ Sách,3650000,,/images/products/KS68242-1.jpg,"Kệ đa năng, tối ưu không gian trưng bày và lưu trữ.","Kệ sách có ngăn tủ 60x26x180cm gỗ cao su là giải pháp lưu trữ và trang trí linh hoạt, giúp không gian sống trở nên ngăn nắp và cuốn hút hơn.

THÔNG SỐ KỸ THUẬT
• Chất liệu: Gỗ cao su tự nhiên, đã qua xử lý chống mối mọt và cong vênh
• Kích thước: 60x26x180cm
• Mã sản phẩm: KS68242
• Bảo hành: 12 tháng

CÔNG NĂNG NỔI BẬT
• Kết cấu vững chắc, chịu tải trọng tốt cho nhiều loại đồ vật
• Thiết kế nhiều tầng linh hoạt, tối ưu không gian lưu trữ và trưng bày
• Kiểu dáng hiện đại, vừa lưu trữ vừa trang trí cho không gian
• Dễ dàng lắp đặt, di chuyển và vệ sinh

PHÙ HỢP KHÔNG GIAN
• Phù hợp bố trí trong không gian phòng làm việc, mang lại sự tiện nghi và thẩm mỹ cho tổng thể không gian.",instock,1
KS68245,Kệ sách đứng có ngăn kéo 70x28x180cm gỗ cao su,Phòng Làm Việc > Kệ Sách,4950000,,"/images/products/KS68245-1.jpg, /images/products/KS68245-2.jpg, /images/products/KS68245-3.jpg, /images/products/KS68245-4.jpg, /images/products/KS68245-5.jpg, /images/products/KS68245-6.jpg","Kệ đa năng, tối ưu không gian trưng bày và lưu trữ.","Kệ sách đứng có ngăn kéo 70x28x180cm gỗ cao su là giải pháp lưu trữ và trang trí linh hoạt, giúp không gian sống trở nên ngăn nắp và cuốn hút hơn.

THÔNG SỐ KỸ THUẬT
• Chất liệu: Gỗ cao su tự nhiên, đã qua xử lý chống mối mọt và cong vênh
• Kích thước: 70x28x180cm
• Mã sản phẩm: KS68245
• Bảo hành: 12 tháng

CÔNG NĂNG NỔI BẬT
• Kết cấu vững chắc, chịu tải trọng tốt cho nhiều loại đồ vật
• Thiết kế nhiều tầng linh hoạt, tối ưu không gian lưu trữ và trưng bày
• Kiểu dáng hiện đại, vừa lưu trữ vừa trang trí cho không gian
• Dễ dàng lắp đặt, di chuyển và vệ sinh

PHÙ HỢP KHÔNG GIAN
• Phù hợp bố trí trong không gian phòng làm việc, mang lại sự tiện nghi và thẩm mỹ cho tổng thể không gian.",instock,1
KS68236,Kệ trang trí 5 tầng 100x30x160cm gỗ tràm,Phòng Khách > Kệ Trang Trí,4850000,,"/images/products/KS68236-1.jpg, /images/products/KS68236-2.jpg, /images/products/KS68236-3.jpg, /images/products/KS68236-4.jpg, /images/products/KS68236-5.jpg, /images/products/KS68236-6.jpg","Kệ đa năng, tối ưu không gian trưng bày và lưu trữ.","Kệ trang trí 5 tầng 100x30x160cm gỗ tràm là giải pháp lưu trữ và trang trí linh hoạt, giúp không gian sống trở nên ngăn nắp và cuốn hút hơn.

THÔNG SỐ KỸ THUẬT
• Chất liệu: Gỗ tràm tự nhiên, vân gỗ mộc mạc, chắc chắn
• Kích thước: 100x30x160cm
• Mã sản phẩm: KS68236
• Bảo hành: 12 tháng

CÔNG NĂNG NỔI BẬT
• Kết cấu vững chắc, chịu tải trọng tốt cho nhiều loại đồ vật
• Thiết kế nhiều tầng linh hoạt, tối ưu không gian lưu trữ và trưng bày
• Kiểu dáng hiện đại, vừa lưu trữ vừa trang trí cho không gian
• Dễ dàng lắp đặt, di chuyển và vệ sinh

PHÙ HỢP KHÔNG GIAN
• Phù hợp bố trí trong không gian phòng khách, mang lại sự tiện nghi và thẩm mỹ cho tổng thể không gian.",instock,1
KS68231,Kệ sách hình bậc thang 120x25x120cm gỗ cao su,Phòng Làm Việc > Kệ Sách,1950000,,/images/products/KS68231-1.jpg,"Kệ đa năng, tối ưu không gian trưng bày và lưu trữ.","Kệ sách hình bậc thang 120x25x120cm gỗ cao su là giải pháp lưu trữ và trang trí linh hoạt, giúp không gian sống trở nên ngăn nắp và cuốn hút hơn.

THÔNG SỐ KỸ THUẬT
• Chất liệu: Gỗ cao su tự nhiên, đã qua xử lý chống mối mọt và cong vênh
• Kích thước: 120x25x120cm
• Mã sản phẩm: KS68231
• Bảo hành: 12 tháng

CÔNG NĂNG NỔI BẬT
• Kết cấu vững chắc, chịu tải trọng tốt cho nhiều loại đồ vật
• Thiết kế nhiều tầng linh hoạt, tối ưu không gian lưu trữ và trưng bày
• Kiểu dáng hiện đại, vừa lưu trữ vừa trang trí cho không gian
• Dễ dàng lắp đặt, di chuyển và vệ sinh

PHÙ HỢP KHÔNG GIAN
• Phù hợp bố trí trong không gian phòng làm việc, mang lại sự tiện nghi và thẩm mỹ cho tổng thể không gian.",instock,1
KTB68142,Kệ tủ trang trí phòng khách 100x30x180cm gỗ cao su khung sắt,Phòng Khách > Kệ Trang Trí,3900000,,"/images/products/KTB68142-1.jpg, /images/products/KTB68142-2.jpg, /images/products/KTB68142-3.jpg, /images/products/KTB68142-4.jpg","Kệ đa năng, tối ưu không gian trưng bày và lưu trữ.","Kệ tủ trang trí phòng khách 100x30x180cm gỗ cao su khung sắt là giải pháp lưu trữ và trang trí linh hoạt, giúp không gian sống trở nên ngăn nắp và cuốn hút hơn.

THÔNG SỐ KỸ THUẬT
• Chất liệu: Gỗ cao su tự nhiên, đã qua xử lý chống mối mọt và cong vênh; khung sắt sơn tĩnh điện, chống gỉ sét, chịu lực tốt
• Kích thước: 100x30x180cm
• Mã sản phẩm: KTB68142
• Bảo hành: 12 tháng

CÔNG NĂNG NỔI BẬT
• Kết cấu vững chắc, chịu tải trọng tốt cho nhiều loại đồ vật
• Thiết kế nhiều tầng linh hoạt, tối ưu không gian lưu trữ và trưng bày
• Kiểu dáng hiện đại, vừa lưu trữ vừa trang trí cho không gian
• Dễ dàng lắp đặt, di chuyển và vệ sinh

PHÙ HỢP KHÔNG GIAN
• Phù hợp bố trí trong không gian phòng khách, mang lại sự tiện nghi và thẩm mỹ cho tổng thể không gian.",instock,1
KTB68154,Kệ trang trí 5 tầng 60x40x200cm gỗ plywood khung sắt,Phòng Khách > Kệ Trang Trí,2990000,,/images/products/KTB68154-1.jpg,"Kệ đa năng, tối ưu không gian trưng bày và lưu trữ.","Kệ trang trí 5 tầng 60x40x200cm gỗ plywood khung sắt là giải pháp lưu trữ và trang trí linh hoạt, giúp không gian sống trở nên ngăn nắp và cuốn hút hơn.

THÔNG SỐ KỸ THUẬT
• Chất liệu: Gỗ plywood nhiều lớp, chịu lực tốt, ít cong vênh theo thời gian; khung sắt sơn tĩnh điện, chống gỉ sét, chịu lực tốt
• Kích thước: 60x40x200cm
• Mã sản phẩm: KTB68154
• Bảo hành: 12 tháng

CÔNG NĂNG NỔI BẬT
• Kết cấu vững chắc, chịu tải trọng tốt cho nhiều loại đồ vật
• Thiết kế nhiều tầng linh hoạt, tối ưu không gian lưu trữ và trưng bày
• Kiểu dáng hiện đại, vừa lưu trữ vừa trang trí cho không gian
• Dễ dàng lắp đặt, di chuyển và vệ sinh

PHÙ HỢP KHÔNG GIAN
• Phù hợp bố trí trong không gian phòng khách, mang lại sự tiện nghi và thẩm mỹ cho tổng thể không gian.",instock,1
KS68160,Kệ sách có hộc tủ 80x30x150cm gỗ cao su chân sắt,Phòng Làm Việc > Kệ Sách,3600000,,/images/products/KS68160-1.jpg,"Kệ đa năng, tối ưu không gian trưng bày và lưu trữ.","Kệ sách có hộc tủ 80x30x150cm gỗ cao su chân sắt là giải pháp lưu trữ và trang trí linh hoạt, giúp không gian sống trở nên ngăn nắp và cuốn hút hơn.

THÔNG SỐ KỸ THUẬT
• Chất liệu: Gỗ cao su tự nhiên, đã qua xử lý chống mối mọt và cong vênh; chân/khung sắt sơn tĩnh điện chắc chắn, chống gỉ sét
• Kích thước: 80x30x150cm
• Mã sản phẩm: KS68160
• Bảo hành: 12 tháng

CÔNG NĂNG NỔI BẬT
• Kết cấu vững chắc, chịu tải trọng tốt cho nhiều loại đồ vật
• Thiết kế nhiều tầng linh hoạt, tối ưu không gian lưu trữ và trưng bày
• Kiểu dáng hiện đại, vừa lưu trữ vừa trang trí cho không gian
• Dễ dàng lắp đặt, di chuyển và vệ sinh

PHÙ HỢP KHÔNG GIAN
• Phù hợp bố trí trong không gian phòng làm việc, mang lại sự tiện nghi và thẩm mỹ cho tổng thể không gian.",instock,1
KS68157,Tủ gỗ trưng bày phòng khách 60x30x170cm chân sắt,Phòng Khách > Tủ Trang Trí,3200000,,"/images/products/KS68157-1.jpg, /images/products/KS68157-2.jpg","Tủ lưu trữ tiện lợi, thiết kế gọn gàng.","Tủ gỗ trưng bày phòng khách 60x30x170cm chân sắt giúp tối ưu không gian lưu trữ, sắp xếp đồ đạc gọn gàng, khoa học mà vẫn đảm bảo tính thẩm mỹ cho căn phòng.

THÔNG SỐ KỸ THUẬT
• Chất liệu: Chân/khung sắt sơn tĩnh điện chắc chắn, chống gỉ sét
• Kích thước: 60x30x170cm
• Mã sản phẩm: KS68157
• Bảo hành: 12 tháng

CÔNG NĂNG NỔI BẬT
• Nhiều ngăn/kệ chia hợp lý, tối ưu diện tích lưu trữ
• Hệ thống bản lề, tay nắm chắc chắn, đóng mở êm ái
• Bề mặt hoàn thiện chống trầy xước, dễ lau chùi
• Thiết kế kín đáo, giúp không gian luôn gọn gàng ngăn nắp

PHÙ HỢP KHÔNG GIAN
• Phù hợp bố trí trong không gian phòng khách, mang lại sự tiện nghi và thẩm mỹ cho tổng thể không gian.",instock,1
KS68206,Kệ sách 5 tầng 100x30x180cm gỗ cao su,Phòng Làm Việc > Kệ Sách,3200000,,/images/products/KS68206-1.jpg,"Kệ đa năng, tối ưu không gian trưng bày và lưu trữ.","Kệ sách 5 tầng 100x30x180cm gỗ cao su là giải pháp lưu trữ và trang trí linh hoạt, giúp không gian sống trở nên ngăn nắp và cuốn hút hơn.

THÔNG SỐ KỸ THUẬT
• Chất liệu: Gỗ cao su tự nhiên, đã qua xử lý chống mối mọt và cong vênh
• Kích thước: 100x30x180cm
• Mã sản phẩm: KS68206
• Bảo hành: 12 tháng

CÔNG NĂNG NỔI BẬT
• Kết cấu vững chắc, chịu tải trọng tốt cho nhiều loại đồ vật
• Thiết kế nhiều tầng linh hoạt, tối ưu không gian lưu trữ và trưng bày
• Kiểu dáng hiện đại, vừa lưu trữ vừa trang trí cho không gian
• Dễ dàng lắp đặt, di chuyển và vệ sinh

PHÙ HỢP KHÔNG GIAN
• Phù hợp bố trí trong không gian phòng làm việc, mang lại sự tiện nghi và thẩm mỹ cho tổng thể không gian.",instock,1
KS68069,Kệ sách trang trí VERNON 3 tầng gỗ cao su khung sắt,Phòng Làm Việc > Kệ Sách,1530000,,/images/products/KS68069-1.jpg,"Kệ đa năng, tối ưu không gian trưng bày và lưu trữ.","Kệ sách trang trí VERNON 3 tầng gỗ cao su khung sắt là giải pháp lưu trữ và trang trí linh hoạt, giúp không gian sống trở nên ngăn nắp và cuốn hút hơn.

THÔNG SỐ KỸ THUẬT
• Chất liệu: Gỗ cao su tự nhiên, đã qua xử lý chống mối mọt và cong vênh; khung sắt sơn tĩnh điện, chống gỉ sét, chịu lực tốt
• Mã sản phẩm: KS68069
• Bảo hành: 12 tháng

CÔNG NĂNG NỔI BẬT
• Kết cấu vững chắc, chịu tải trọng tốt cho nhiều loại đồ vật
• Thiết kế nhiều tầng linh hoạt, tối ưu không gian lưu trữ và trưng bày
• Kiểu dáng hiện đại, vừa lưu trữ vừa trang trí cho không gian
• Dễ dàng lắp đặt, di chuyển và vệ sinh

PHÙ HỢP KHÔNG GIAN
• Phù hợp bố trí trong không gian phòng làm việc, mang lại sự tiện nghi và thẩm mỹ cho tổng thể không gian.",instock,1
KS68097,Kệ trang trí VEGA 4 tầng 60x32x161cm gỗ cao su,Phòng Khách > Kệ Trang Trí,2200000,,"/images/products/KS68097-1.jpg, /images/products/KS68097-2.jpg","Kệ đa năng, tối ưu không gian trưng bày và lưu trữ.","Kệ trang trí VEGA 4 tầng 60x32x161cm gỗ cao su là giải pháp lưu trữ và trang trí linh hoạt, giúp không gian sống trở nên ngăn nắp và cuốn hút hơn.

THÔNG SỐ KỸ THUẬT
• Chất liệu: Gỗ cao su tự nhiên, đã qua xử lý chống mối mọt và cong vênh
• Kích thước: 60x32x161cm
• Mã sản phẩm: KS68097
• Bảo hành: 12 tháng

CÔNG NĂNG NỔI BẬT
• Kết cấu vững chắc, chịu tải trọng tốt cho nhiều loại đồ vật
• Thiết kế nhiều tầng linh hoạt, tối ưu không gian lưu trữ và trưng bày
• Kiểu dáng hiện đại, vừa lưu trữ vừa trang trí cho không gian
• Dễ dàng lắp đặt, di chuyển và vệ sinh

PHÙ HỢP KHÔNG GIAN
• Phù hợp bố trí trong không gian phòng khách, mang lại sự tiện nghi và thẩm mỹ cho tổng thể không gian.",instock,1
KS68092,Kệ sách hình thang CASAN 4 tầng 60x36x126cm gỗ cao su,Phòng Làm Việc > Kệ Sách,1595000,,/images/products/KS68092-1.jpg,"Kệ đa năng, tối ưu không gian trưng bày và lưu trữ.","Kệ sách hình thang CASAN 4 tầng 60x36x126cm gỗ cao su là giải pháp lưu trữ và trang trí linh hoạt, giúp không gian sống trở nên ngăn nắp và cuốn hút hơn.

THÔNG SỐ KỸ THUẬT
• Chất liệu: Gỗ cao su tự nhiên, đã qua xử lý chống mối mọt và cong vênh
• Kích thước: 60x36x126cm
• Mã sản phẩm: KS68092
• Bảo hành: 12 tháng

CÔNG NĂNG NỔI BẬT
• Kết cấu vững chắc, chịu tải trọng tốt cho nhiều loại đồ vật
• Thiết kế nhiều tầng linh hoạt, tối ưu không gian lưu trữ và trưng bày
• Kiểu dáng hiện đại, vừa lưu trữ vừa trang trí cho không gian
• Dễ dàng lắp đặt, di chuyển và vệ sinh

PHÙ HỢP KHÔNG GIAN
• Phù hợp bố trí trong không gian phòng làm việc, mang lại sự tiện nghi và thẩm mỹ cho tổng thể không gian.",instock,1
FLD018,Ban flexidesk nang ha chieu cao goc khuyet 08,Nội thất văn phòng > Hệ Chân Bàn > Chân bàn nâng hạ Flexi,1590000,,"/images/products/FLD018-1.jpg, /images/products/FLD018-2.jpg, /images/products/FLD018-3.jpg, /images/products/FLD018-4.jpg, /images/products/FLD018-5.jpg, /images/products/FLD018-6.jpg","Phụ kiện tiện dụng, hỗ trợ không gian làm việc gọn gàng.","Ban flexidesk nang ha chieu cao goc khuyet 08 là phụ kiện hỗ trợ đắc lực, giúp không gian làm việc/sinh hoạt gọn gàng và tiện dụng hơn.

THÔNG SỐ KỸ THUẬT
• Chất liệu: Chất liệu cao cấp, chọn lọc kỹ càng đảm bảo độ bền và tính thẩm mỹ
• Mã sản phẩm: FLD018
• Bảo hành: 12 tháng

CÔNG NĂNG NỔI BẬT
• Thiết kế nhỏ gọn, dễ dàng lắp đặt vào hệ bàn/ghế hiện có
• Chất liệu bền bỉ, chịu lực và chịu nhiệt tốt trong quá trình sử dụng
• Giúp không gian làm việc gọn gàng, khoa học hơn
• Tương thích với nhiều mẫu bàn/ghế khác nhau

PHÙ HỢP KHÔNG GIAN
• Phù hợp bố trí trong không gian nội thất văn phòng, mang lại sự tiện nghi và thẩm mỹ cho tổng thể không gian.",instock,1
HBMC027,Ban cum 2 goc l noi tiep mconcept (4),Nội thất văn phòng > Bàn Văn Phòng > Cụm bàn 2 người,3670000,,"/images/products/HBMC027-1.jpg, /images/products/HBMC027-2.jpg, /images/products/HBMC027-3.jpg, /images/products/HBMC027-4.png, /images/products/HBMC027-5.png, /images/products/HBMC027-6.png","Bàn thiết kế chắc chắn, tối ưu không gian sử dụng.","Ban cum 2 goc l noi tiep mconcept (4) là lựa chọn lý tưởng cho không gian làm việc và sinh hoạt hiện đại, kết hợp giữa tính thẩm mỹ và công năng sử dụng thực tế.

THÔNG SỐ KỸ THUẬT
• Chất liệu: Chất liệu cao cấp, chọn lọc kỹ càng đảm bảo độ bền và tính thẩm mỹ
• Mã sản phẩm: HBMC027
• Bảo hành: 12 tháng

CÔNG NĂNG NỔI BẬT
• Mặt bàn rộng rãi, đủ không gian đặt máy tính, tài liệu và vật dụng cá nhân
• Khung/chân bàn chắc chắn, chịu lực tốt, hạn chế rung lắc khi sử dụng
• Thiết kế tối giản, dễ phối hợp với nhiều phong cách nội thất khác nhau
• Dễ dàng lắp ráp và vệ sinh, bảo trì trong quá trình sử dụng lâu dài

PHÙ HỢP KHÔNG GIAN
• Phù hợp bố trí trong không gian nội thất văn phòng, mang lại sự tiện nghi và thẩm mỹ cho tổng thể không gian.",instock,1
HBLG039,Module cum 6 mini he lego 07,Nội thất văn phòng > Hệ Bàn > Hệ Lego,2220000,,"/images/products/HBLG039-1.jpg, /images/products/HBLG039-2.jpg, /images/products/HBLG039-3.jpg, /images/products/HBLG039-4.jpg, /images/products/HBLG039-5.jpg, /images/products/HBLG039-6.jpg","Bàn thiết kế chắc chắn, tối ưu không gian sử dụng.","Module cum 6 mini he lego 07 là lựa chọn lý tưởng cho không gian làm việc và sinh hoạt hiện đại, kết hợp giữa tính thẩm mỹ và công năng sử dụng thực tế.

THÔNG SỐ KỸ THUẬT
• Chất liệu: Chất liệu cao cấp, chọn lọc kỹ càng đảm bảo độ bền và tính thẩm mỹ
• Mã sản phẩm: HBLG039
• Bảo hành: 12 tháng

CÔNG NĂNG NỔI BẬT
• Mặt bàn rộng rãi, đủ không gian đặt máy tính, tài liệu và vật dụng cá nhân
• Khung/chân bàn chắc chắn, chịu lực tốt, hạn chế rung lắc khi sử dụng
• Thiết kế tối giản, dễ phối hợp với nhiều phong cách nội thất khác nhau
• Dễ dàng lắp ráp và vệ sinh, bảo trì trong quá trình sử dụng lâu dài

PHÙ HỢP KHÔNG GIAN
• Phù hợp bố trí trong không gian nội thất văn phòng, mang lại sự tiện nghi và thẩm mỹ cho tổng thể không gian.",instock,1
YCB001,Yem che ban go cao su 04,Nội thất văn phòng > Bàn Văn Phòng > Bàn Giám Đốc,6410000,,"/images/products/YCB001-1.jpg, /images/products/YCB001-2.jpg, /images/products/YCB001-3.jpg, /images/products/YCB001-4.jpg, /images/products/YCB001-5.jpg","Bàn thiết kế chắc chắn, tối ưu không gian sử dụng.","Yem che ban go cao su 04 là lựa chọn lý tưởng cho không gian làm việc và sinh hoạt hiện đại, kết hợp giữa tính thẩm mỹ và công năng sử dụng thực tế.

THÔNG SỐ KỸ THUẬT
• Chất liệu: Chất liệu cao cấp, chọn lọc kỹ càng đảm bảo độ bền và tính thẩm mỹ
• Mã sản phẩm: YCB001
• Bảo hành: 12 tháng

CÔNG NĂNG NỔI BẬT
• Mặt bàn rộng rãi, đủ không gian đặt máy tính, tài liệu và vật dụng cá nhân
• Khung/chân bàn chắc chắn, chịu lực tốt, hạn chế rung lắc khi sử dụng
• Thiết kế tối giản, dễ phối hợp với nhiều phong cách nội thất khác nhau
• Dễ dàng lắp ráp và vệ sinh, bảo trì trong quá trình sử dụng lâu dài

PHÙ HỢP KHÔNG GIAN
• Phù hợp bố trí trong không gian nội thất văn phòng, mang lại sự tiện nghi và thẩm mỹ cho tổng thể không gian.",instock,1
HBTG012,Ban chu l 140x140cm chan tam giac quy 01,Nội thất văn phòng > Hệ Bàn > Hệ Tứ Giác Côn,5910000,,"/images/products/HBTG012-1.jpg, /images/products/HBTG012-2.jpg, /images/products/HBTG012-3.jpg, /images/products/HBTG012-4.jpg, /images/products/HBTG012-5.jpg, /images/products/HBTG012-6.jpg","Bàn thiết kế chắc chắn, tối ưu không gian sử dụng.","Ban chu l 140x140cm chan tam giac quy 01 là lựa chọn lý tưởng cho không gian làm việc và sinh hoạt hiện đại, kết hợp giữa tính thẩm mỹ và công năng sử dụng thực tế.

THÔNG SỐ KỸ THUẬT
• Chất liệu: Chất liệu cao cấp, chọn lọc kỹ càng đảm bảo độ bền và tính thẩm mỹ
• Kích thước: 140x140cm
• Mã sản phẩm: HBTG012
• Bảo hành: 12 tháng

CÔNG NĂNG NỔI BẬT
• Mặt bàn rộng rãi, đủ không gian đặt máy tính, tài liệu và vật dụng cá nhân
• Khung/chân bàn chắc chắn, chịu lực tốt, hạn chế rung lắc khi sử dụng
• Thiết kế tối giản, dễ phối hợp với nhiều phong cách nội thất khác nhau
• Dễ dàng lắp ráp và vệ sinh, bảo trì trong quá trình sử dụng lâu dài

PHÙ HỢP KHÔNG GIAN
• Phù hợp bố trí trong không gian nội thất văn phòng, mang lại sự tiện nghi và thẩm mỹ cho tổng thể không gian.",instock,1
HBOM218,Ban van phong cum 2 he oma ii (10),Nội thất văn phòng > Hệ Bàn > Hệ OMA II,5540000,,"/images/products/HBOM218-1.png, /images/products/HBOM218-2.png, /images/products/HBOM218-3.png, /images/products/HBOM218-4.png, /images/products/HBOM218-5.png","Bàn thiết kế chắc chắn, tối ưu không gian sử dụng.","Ban van phong cum 2 he oma ii (10) là lựa chọn lý tưởng cho không gian làm việc và sinh hoạt hiện đại, kết hợp giữa tính thẩm mỹ và công năng sử dụng thực tế.

THÔNG SỐ KỸ THUẬT
• Chất liệu: Chất liệu cao cấp, chọn lọc kỹ càng đảm bảo độ bền và tính thẩm mỹ
• Mã sản phẩm: HBOM218
• Bảo hành: 12 tháng

CÔNG NĂNG NỔI BẬT
• Mặt bàn rộng rãi, đủ không gian đặt máy tính, tài liệu và vật dụng cá nhân
• Khung/chân bàn chắc chắn, chịu lực tốt, hạn chế rung lắc khi sử dụng
• Thiết kế tối giản, dễ phối hợp với nhiều phong cách nội thất khác nhau
• Dễ dàng lắp ráp và vệ sinh, bảo trì trong quá trình sử dụng lâu dài

PHÙ HỢP KHÔNG GIAN
• Phù hợp bố trí trong không gian nội thất văn phòng, mang lại sự tiện nghi và thẩm mỹ cho tổng thể không gian.",instock,1
FLD002,Ban lam viec nang ha chieu cao go tram 01 uswh dn,Nội thất văn phòng > Hệ Chân Bàn > Chân bàn nâng hạ Flexi,540000,,"/images/products/FLD002-1.jpg, /images/products/FLD002-2.jpg, /images/products/FLD002-3.jpg, /images/products/FLD002-4.jpg, /images/products/FLD002-5.jpg, /images/products/FLD002-6.jpg","Phụ kiện tiện dụng, hỗ trợ không gian làm việc gọn gàng.","Ban lam viec nang ha chieu cao go tram 01 uswh dn là phụ kiện hỗ trợ đắc lực, giúp không gian làm việc/sinh hoạt gọn gàng và tiện dụng hơn.

THÔNG SỐ KỸ THUẬT
• Chất liệu: Chất liệu cao cấp, chọn lọc kỹ càng đảm bảo độ bền và tính thẩm mỹ
• Mã sản phẩm: FLD002
• Bảo hành: 12 tháng

CÔNG NĂNG NỔI BẬT
• Thiết kế nhỏ gọn, dễ dàng lắp đặt vào hệ bàn/ghế hiện có
• Chất liệu bền bỉ, chịu lực và chịu nhiệt tốt trong quá trình sử dụng
• Giúp không gian làm việc gọn gàng, khoa học hơn
• Tương thích với nhiều mẫu bàn/ghế khác nhau

PHÙ HỢP KHÔNG GIAN
• Phù hợp bố trí trong không gian nội thất văn phòng, mang lại sự tiện nghi và thẩm mỹ cho tổng thể không gian.",instock,1
THS68052,Tu ho so go tu nhien 02a,Nội thất văn phòng > Kệ - Tủ Văn Phòng > Tủ Hồ Sơ Đứng,3520000,,"/images/products/THS68052-1.jpg, /images/products/THS68052-2.jpg, /images/products/THS68052-3.jpg, /images/products/THS68052-4.jpg, /images/products/THS68052-5.jpg, /images/products/THS68052-6.jpg","Tủ lưu trữ tiện lợi, thiết kế gọn gàng.","Tu ho so go tu nhien 02a giúp tối ưu không gian lưu trữ, sắp xếp đồ đạc gọn gàng, khoa học mà vẫn đảm bảo tính thẩm mỹ cho căn phòng.

THÔNG SỐ KỸ THUẬT
• Chất liệu: Chất liệu cao cấp, chọn lọc kỹ càng đảm bảo độ bền và tính thẩm mỹ
• Mã sản phẩm: THS68052
• Bảo hành: 12 tháng

CÔNG NĂNG NỔI BẬT
• Nhiều ngăn/kệ chia hợp lý, tối ưu diện tích lưu trữ
• Hệ thống bản lề, tay nắm chắc chắn, đóng mở êm ái
• Bề mặt hoàn thiện chống trầy xước, dễ lau chùi
• Thiết kế kín đáo, giúp không gian luôn gọn gàng ngăn nắp

PHÙ HỢP KHÔNG GIAN
• Phù hợp bố trí trong không gian nội thất văn phòng, mang lại sự tiện nghi và thẩm mỹ cho tổng thể không gian.",instock,1
HBKC006,Ban lam viec 140x80 kconcept chan sat lap rap (3),Phòng Làm Việc > Bàn Làm Việc,13150000,,"/images/products/HBKC006-1.png, /images/products/HBKC006-2.png","Bàn thiết kế chắc chắn, tối ưu không gian sử dụng.","Ban lam viec 140x80 kconcept chan sat lap rap (3) là lựa chọn lý tưởng cho không gian làm việc và sinh hoạt hiện đại, kết hợp giữa tính thẩm mỹ và công năng sử dụng thực tế.

THÔNG SỐ KỸ THUẬT
• Chất liệu: Chất liệu cao cấp, chọn lọc kỹ càng đảm bảo độ bền và tính thẩm mỹ
• Mã sản phẩm: HBKC006
• Bảo hành: 12 tháng

CÔNG NĂNG NỔI BẬT
• Mặt bàn rộng rãi, đủ không gian đặt máy tính, tài liệu và vật dụng cá nhân
• Khung/chân bàn chắc chắn, chịu lực tốt, hạn chế rung lắc khi sử dụng
• Thiết kế tối giản, dễ phối hợp với nhiều phong cách nội thất khác nhau
• Dễ dàng lắp ráp và vệ sinh, bảo trì trong quá trình sử dụng lâu dài

PHÙ HỢP KHÔNG GIAN
• Phù hợp bố trí trong không gian phòng làm việc, mang lại sự tiện nghi và thẩm mỹ cho tổng thể không gian.",instock,1
BLT68016,Ban le tan go cao su 07,Nội thất văn phòng > Bàn Văn Phòng > Quầy Lễ Tân,10950000,,"/images/products/BLT68016-1.jpg, /images/products/BLT68016-2.jpg, /images/products/BLT68016-3.jpg, /images/products/BLT68016-4.jpg, /images/products/BLT68016-5.jpg, /images/products/BLT68016-6.jpg","Bàn thiết kế chắc chắn, tối ưu không gian sử dụng.","Ban le tan go cao su 07 là lựa chọn lý tưởng cho không gian làm việc và sinh hoạt hiện đại, kết hợp giữa tính thẩm mỹ và công năng sử dụng thực tế.

THÔNG SỐ KỸ THUẬT
• Chất liệu: Chất liệu cao cấp, chọn lọc kỹ càng đảm bảo độ bền và tính thẩm mỹ
• Mã sản phẩm: BLT68016
• Bảo hành: 12 tháng

CÔNG NĂNG NỔI BẬT
• Mặt bàn rộng rãi, đủ không gian đặt máy tính, tài liệu và vật dụng cá nhân
• Khung/chân bàn chắc chắn, chịu lực tốt, hạn chế rung lắc khi sử dụng
• Thiết kế tối giản, dễ phối hợp với nhiều phong cách nội thất khác nhau
• Dễ dàng lắp ráp và vệ sinh, bảo trì trong quá trình sử dụng lâu dài

PHÙ HỢP KHÔNG GIAN
• Phù hợp bố trí trong không gian nội thất văn phòng, mang lại sự tiện nghi và thẩm mỹ cho tổng thể không gian.",instock,1
MS68017,Ke man hinh 1m go tram 02,Nội thất văn phòng > Phụ Kiện Bàn > Kệ Màn Hình,430000,,"/images/products/MS68017-1.jpg, /images/products/MS68017-2.jpg, /images/products/MS68017-3.jpg","Phụ kiện tiện dụng, hỗ trợ không gian làm việc gọn gàng.","Ke man hinh 1m go tram 02 là phụ kiện hỗ trợ đắc lực, giúp không gian làm việc/sinh hoạt gọn gàng và tiện dụng hơn.

THÔNG SỐ KỸ THUẬT
• Chất liệu: Chất liệu cao cấp, chọn lọc kỹ càng đảm bảo độ bền và tính thẩm mỹ
• Mã sản phẩm: MS68017
• Bảo hành: 12 tháng

CÔNG NĂNG NỔI BẬT
• Thiết kế nhỏ gọn, dễ dàng lắp đặt vào hệ bàn/ghế hiện có
• Chất liệu bền bỉ, chịu lực và chịu nhiệt tốt trong quá trình sử dụng
• Giúp không gian làm việc gọn gàng, khoa học hơn
• Tương thích với nhiều mẫu bàn/ghế khác nhau

PHÙ HỢP KHÔNG GIAN
• Phù hợp bố trí trong không gian nội thất văn phòng, mang lại sự tiện nghi và thẩm mỹ cho tổng thể không gian.",instock,1
HBCO052,Ban giam doc 09a,Nội thất văn phòng > Bàn Văn Phòng > Bàn Giám Đốc,11710000,,"/images/products/HBCO052-1.jpg, /images/products/HBCO052-2.jpg, /images/products/HBCO052-3.jpg, /images/products/HBCO052-4.jpg, /images/products/HBCO052-5.jpg, /images/products/HBCO052-6.jpg","Bàn thiết kế chắc chắn, tối ưu không gian sử dụng.","Ban giam doc 09a là lựa chọn lý tưởng cho không gian làm việc và sinh hoạt hiện đại, kết hợp giữa tính thẩm mỹ và công năng sử dụng thực tế.

THÔNG SỐ KỸ THUẬT
• Chất liệu: Chất liệu cao cấp, chọn lọc kỹ càng đảm bảo độ bền và tính thẩm mỹ
• Mã sản phẩm: HBCO052
• Bảo hành: 12 tháng

CÔNG NĂNG NỔI BẬT
• Mặt bàn rộng rãi, đủ không gian đặt máy tính, tài liệu và vật dụng cá nhân
• Khung/chân bàn chắc chắn, chịu lực tốt, hạn chế rung lắc khi sử dụng
• Thiết kế tối giản, dễ phối hợp với nhiều phong cách nội thất khác nhau
• Dễ dàng lắp ráp và vệ sinh, bảo trì trong quá trình sử dụng lâu dài

PHÙ HỢP KHÔNG GIAN
• Phù hợp bố trí trong không gian nội thất văn phòng, mang lại sự tiện nghi và thẩm mỹ cho tổng thể không gian.",instock,1
GN68027,Giuong ngu go cao khung sat 03 8jhz by,Phòng Ngủ > Giường Ngủ,8880000,,"/images/products/GN68027-1.jpg, /images/products/GN68027-2.jpg","Giường ngủ chắc chắn, thiết kế hiện đại.","Giuong ngu go cao khung sat 03 8jhz by được thiết kế chú trọng vào sự chắc chắn và thoải mái, mang lại giấc ngủ ngon cho cả gia đình.

THÔNG SỐ KỸ THUẬT
• Chất liệu: Chất liệu cao cấp, chọn lọc kỹ càng đảm bảo độ bền và tính thẩm mỹ
• Mã sản phẩm: GN68027
• Bảo hành: 12 tháng

CÔNG NĂNG NỔI BẬT
• Khung giường chắc chắn, chịu lực tốt, đảm bảo độ bền lâu dài
• Thiết kế chân giường vững chãi, hạn chế phát ra tiếng động khi sử dụng
• Kiểu dáng tối giản hiện đại, dễ phối hợp nội thất phòng ngủ
• Dễ dàng lắp ráp và vệ sinh, bảo trì trong quá trình sử dụng

PHÙ HỢP KHÔNG GIAN
• Phù hợp bố trí trong không gian phòng ngủ, mang lại sự tiện nghi và thẩm mỹ cho tổng thể không gian.",instock,1
HBPL001,Ban lam viec 100x60cm go cao su chan sat lap rap he ply (2),Nội thất văn phòng > Hệ Bàn > Hệ PLY,2330000,,/images/products/HBPL001-1.png,"Bàn thiết kế chắc chắn, tối ưu không gian sử dụng.","Ban lam viec 100x60cm go cao su chan sat lap rap he ply (2) là lựa chọn lý tưởng cho không gian làm việc và sinh hoạt hiện đại, kết hợp giữa tính thẩm mỹ và công năng sử dụng thực tế.

THÔNG SỐ KỸ THUẬT
• Chất liệu: Chất liệu cao cấp, chọn lọc kỹ càng đảm bảo độ bền và tính thẩm mỹ
• Kích thước: 100x60cm
• Mã sản phẩm: HBPL001
• Bảo hành: 12 tháng

CÔNG NĂNG NỔI BẬT
• Mặt bàn rộng rãi, đủ không gian đặt máy tính, tài liệu và vật dụng cá nhân
• Khung/chân bàn chắc chắn, chịu lực tốt, hạn chế rung lắc khi sử dụng
• Thiết kế tối giản, dễ phối hợp với nhiều phong cách nội thất khác nhau
• Dễ dàng lắp ráp và vệ sinh, bảo trì trong quá trình sử dụng lâu dài

PHÙ HỢP KHÔNG GIAN
• Phù hợp bố trí trong không gian nội thất văn phòng, mang lại sự tiện nghi và thẩm mỹ cho tổng thể không gian.",instock,1
HBTC034,Ban lam viec cum 2 go plywood chan sat trapeze (2),Phòng Làm Việc > Bàn Làm Việc,2300000,,"/images/products/HBTC034-1.jpg, /images/products/HBTC034-2.jpg, /images/products/HBTC034-3.png, /images/products/HBTC034-4.jpg, /images/products/HBTC034-5.jpg, /images/products/HBTC034-6.jpg","Bàn thiết kế chắc chắn, tối ưu không gian sử dụng.","Ban lam viec cum 2 go plywood chan sat trapeze (2) là lựa chọn lý tưởng cho không gian làm việc và sinh hoạt hiện đại, kết hợp giữa tính thẩm mỹ và công năng sử dụng thực tế.

THÔNG SỐ KỸ THUẬT
• Chất liệu: Chất liệu cao cấp, chọn lọc kỹ càng đảm bảo độ bền và tính thẩm mỹ
• Mã sản phẩm: HBTC034
• Bảo hành: 12 tháng

CÔNG NĂNG NỔI BẬT
• Mặt bàn rộng rãi, đủ không gian đặt máy tính, tài liệu và vật dụng cá nhân
• Khung/chân bàn chắc chắn, chịu lực tốt, hạn chế rung lắc khi sử dụng
• Thiết kế tối giản, dễ phối hợp với nhiều phong cách nội thất khác nhau
• Dễ dàng lắp ráp và vệ sinh, bảo trì trong quá trình sử dụng lâu dài

PHÙ HỢP KHÔNG GIAN
• Phù hợp bố trí trong không gian phòng làm việc, mang lại sự tiện nghi và thẩm mỹ cho tổng thể không gian.",instock,1
HD68003,O cam khong day 05,Nội thất văn phòng > Phụ Kiện Bàn > Khay Đi Dây,450000,,"/images/products/HD68003-1.jpg, /images/products/HD68003-2.jpg, /images/products/HD68003-3.jpg, /images/products/HD68003-4.jpg, /images/products/HD68003-5.jpg","Phụ kiện tiện dụng, hỗ trợ không gian làm việc gọn gàng.","O cam khong day 05 là phụ kiện hỗ trợ đắc lực, giúp không gian làm việc/sinh hoạt gọn gàng và tiện dụng hơn.

THÔNG SỐ KỸ THUẬT
• Chất liệu: Bọc da cao cấp, êm ái và dễ vệ sinh
• Mã sản phẩm: HD68003
• Bảo hành: 12 tháng

CÔNG NĂNG NỔI BẬT
• Thiết kế nhỏ gọn, dễ dàng lắp đặt vào hệ bàn/ghế hiện có
• Chất liệu bền bỉ, chịu lực và chịu nhiệt tốt trong quá trình sử dụng
• Giúp không gian làm việc gọn gàng, khoa học hơn
• Tương thích với nhiều mẫu bàn/ghế khác nhau

PHÙ HỢP KHÔNG GIAN
• Phù hợp bố trí trong không gian nội thất văn phòng, mang lại sự tiện nghi và thẩm mỹ cho tổng thể không gian.",instock,1
KCPU68013,Ke de may in 05,Nội thất văn phòng > Kệ - Tủ Văn Phòng > Tủ Kệ Máy In,5470000,,/images/products/KCPU68013-1.jpg,"Tủ lưu trữ tiện lợi, thiết kế gọn gàng.","Ke de may in 05 giúp tối ưu không gian lưu trữ, sắp xếp đồ đạc gọn gàng, khoa học mà vẫn đảm bảo tính thẩm mỹ cho căn phòng.

THÔNG SỐ KỸ THUẬT
• Chất liệu: Chất liệu cao cấp, chọn lọc kỹ càng đảm bảo độ bền và tính thẩm mỹ
• Mã sản phẩm: KCPU68013
• Bảo hành: 12 tháng

CÔNG NĂNG NỔI BẬT
• Nhiều ngăn/kệ chia hợp lý, tối ưu diện tích lưu trữ
• Hệ thống bản lề, tay nắm chắc chắn, đóng mở êm ái
• Bề mặt hoàn thiện chống trầy xước, dễ lau chùi
• Thiết kế kín đáo, giúp không gian luôn gọn gàng ngăn nắp

PHÙ HỢP KHÔNG GIAN
• Phù hợp bố trí trong không gian nội thất văn phòng, mang lại sự tiện nghi và thẩm mỹ cho tổng thể không gian.",instock,1
HBTA015,Ban lam viec chu l 140x150cm he trian chan sat tam giac (2),Nội thất văn phòng > Hệ Bàn > Hệ Trian,5700000,,/images/products/HBTA015-1.png,"Bàn thiết kế chắc chắn, tối ưu không gian sử dụng.","Ban lam viec chu l 140x150cm he trian chan sat tam giac (2) là lựa chọn lý tưởng cho không gian làm việc và sinh hoạt hiện đại, kết hợp giữa tính thẩm mỹ và công năng sử dụng thực tế.

THÔNG SỐ KỸ THUẬT
• Chất liệu: Chất liệu cao cấp, chọn lọc kỹ càng đảm bảo độ bền và tính thẩm mỹ
• Kích thước: 140x150cm
• Mã sản phẩm: HBTA015
• Bảo hành: 12 tháng

CÔNG NĂNG NỔI BẬT
• Mặt bàn rộng rãi, đủ không gian đặt máy tính, tài liệu và vật dụng cá nhân
• Khung/chân bàn chắc chắn, chịu lực tốt, hạn chế rung lắc khi sử dụng
• Thiết kế tối giản, dễ phối hợp với nhiều phong cách nội thất khác nhau
• Dễ dàng lắp ráp và vệ sinh, bảo trì trong quá trình sử dụng lâu dài

PHÙ HỢP KHÔNG GIAN
• Phù hợp bố trí trong không gian nội thất văn phòng, mang lại sự tiện nghi và thẩm mỹ cho tổng thể không gian.",instock,1
HBMS008,Ban gap go plywood 12a,Nội thất văn phòng > Hệ Chân Bàn > Chân sắt gấp gọn,1310000,,"/images/products/HBMS008-1.jpg, /images/products/HBMS008-2.jpg, /images/products/HBMS008-3.jpg, /images/products/HBMS008-4.jpg, /images/products/HBMS008-5.jpg, /images/products/HBMS008-6.jpg","Phụ kiện tiện dụng, hỗ trợ không gian làm việc gọn gàng.","Ban gap go plywood 12a là phụ kiện hỗ trợ đắc lực, giúp không gian làm việc/sinh hoạt gọn gàng và tiện dụng hơn.

THÔNG SỐ KỸ THUẬT
• Chất liệu: Chất liệu cao cấp, chọn lọc kỹ càng đảm bảo độ bền và tính thẩm mỹ
• Mã sản phẩm: HBMS008
• Bảo hành: 12 tháng

CÔNG NĂNG NỔI BẬT
• Thiết kế nhỏ gọn, dễ dàng lắp đặt vào hệ bàn/ghế hiện có
• Chất liệu bền bỉ, chịu lực và chịu nhiệt tốt trong quá trình sử dụng
• Giúp không gian làm việc gọn gàng, khoa học hơn
• Tương thích với nhiều mẫu bàn/ghế khác nhau

PHÙ HỢP KHÔNG GIAN
• Phù hợp bố trí trong không gian nội thất văn phòng, mang lại sự tiện nghi và thẩm mỹ cho tổng thể không gian.",instock,1
HBXC046,Ban hop 240x120cm go plywood chan xconcept 01,Nội thất văn phòng > Bàn Văn Phòng > Bàn Họp,11900000,,"/images/products/HBXC046-1.jpg, /images/products/HBXC046-2.jpg","Bàn thiết kế chắc chắn, tối ưu không gian sử dụng.","Ban hop 240x120cm go plywood chan xconcept 01 là lựa chọn lý tưởng cho không gian làm việc và sinh hoạt hiện đại, kết hợp giữa tính thẩm mỹ và công năng sử dụng thực tế.

THÔNG SỐ KỸ THUẬT
• Chất liệu: Chất liệu cao cấp, chọn lọc kỹ càng đảm bảo độ bền và tính thẩm mỹ
• Kích thước: 240x120cm
• Mã sản phẩm: HBXC046
• Bảo hành: 12 tháng

CÔNG NĂNG NỔI BẬT
• Mặt bàn rộng rãi, đủ không gian đặt máy tính, tài liệu và vật dụng cá nhân
• Khung/chân bàn chắc chắn, chịu lực tốt, hạn chế rung lắc khi sử dụng
• Thiết kế tối giản, dễ phối hợp với nhiều phong cách nội thất khác nhau
• Dễ dàng lắp ráp và vệ sinh, bảo trì trong quá trình sử dụng lâu dài

PHÙ HỢP KHÔNG GIAN
• Phù hợp bố trí trong không gian nội thất văn phòng, mang lại sự tiện nghi và thẩm mỹ cho tổng thể không gian.",instock,1
HBUC045,Ban lam viec cum2 120x120cm 02,Phòng Làm Việc > Bàn Làm Việc,2250000,,"/images/products/HBUC045-1.jpg, /images/products/HBUC045-2.jpg, /images/products/HBUC045-3.jpg, /images/products/HBUC045-4.jpg, /images/products/HBUC045-5.jpg","Bàn thiết kế chắc chắn, tối ưu không gian sử dụng.","Ban lam viec cum2 120x120cm 02 là lựa chọn lý tưởng cho không gian làm việc và sinh hoạt hiện đại, kết hợp giữa tính thẩm mỹ và công năng sử dụng thực tế.

THÔNG SỐ KỸ THUẬT
• Chất liệu: Chất liệu cao cấp, chọn lọc kỹ càng đảm bảo độ bền và tính thẩm mỹ
• Kích thước: 120x120cm
• Mã sản phẩm: HBUC045
• Bảo hành: 12 tháng

CÔNG NĂNG NỔI BẬT
• Mặt bàn rộng rãi, đủ không gian đặt máy tính, tài liệu và vật dụng cá nhân
• Khung/chân bàn chắc chắn, chịu lực tốt, hạn chế rung lắc khi sử dụng
• Thiết kế tối giản, dễ phối hợp với nhiều phong cách nội thất khác nhau
• Dễ dàng lắp ráp và vệ sinh, bảo trì trong quá trình sử dụng lâu dài

PHÙ HỢP KHÔNG GIAN
• Phù hợp bố trí trong không gian phòng làm việc, mang lại sự tiện nghi và thẩm mỹ cho tổng thể không gian.",instock,1
HBMC006,Ban lam viec 140x80 mconcept chan sat lap rap (3),Phòng Làm Việc > Bàn Làm Việc,11220000,,"/images/products/HBMC006-1.png, /images/products/HBMC006-2.png","Bàn thiết kế chắc chắn, tối ưu không gian sử dụng.","Ban lam viec 140x80 mconcept chan sat lap rap (3) là lựa chọn lý tưởng cho không gian làm việc và sinh hoạt hiện đại, kết hợp giữa tính thẩm mỹ và công năng sử dụng thực tế.

THÔNG SỐ KỸ THUẬT
• Chất liệu: Chất liệu cao cấp, chọn lọc kỹ càng đảm bảo độ bền và tính thẩm mỹ
• Mã sản phẩm: HBMC006
• Bảo hành: 12 tháng

CÔNG NĂNG NỔI BẬT
• Mặt bàn rộng rãi, đủ không gian đặt máy tính, tài liệu và vật dụng cá nhân
• Khung/chân bàn chắc chắn, chịu lực tốt, hạn chế rung lắc khi sử dụng
• Thiết kế tối giản, dễ phối hợp với nhiều phong cách nội thất khác nhau
• Dễ dàng lắp ráp và vệ sinh, bảo trì trong quá trình sử dụng lâu dài

PHÙ HỢP KHÔNG GIAN
• Phù hợp bố trí trong không gian phòng làm việc, mang lại sự tiện nghi và thẩm mỹ cho tổng thể không gian.",instock,1
HCTG016,Chan ban chu l 180x160cm chan tam giac quy 01,Nội thất văn phòng > Hệ Bàn > Hệ Tứ Giác Côn,5140000,,"/images/products/HCTG016-1.jpg, /images/products/HCTG016-2.jpg, /images/products/HCTG016-3.jpg","Bàn thiết kế chắc chắn, tối ưu không gian sử dụng.","Chan ban chu l 180x160cm chan tam giac quy 01 là lựa chọn lý tưởng cho không gian làm việc và sinh hoạt hiện đại, kết hợp giữa tính thẩm mỹ và công năng sử dụng thực tế.

THÔNG SỐ KỸ THUẬT
• Chất liệu: Chất liệu cao cấp, chọn lọc kỹ càng đảm bảo độ bền và tính thẩm mỹ
• Kích thước: 180x160cm
• Mã sản phẩm: HCTG016
• Bảo hành: 12 tháng

CÔNG NĂNG NỔI BẬT
• Mặt bàn rộng rãi, đủ không gian đặt máy tính, tài liệu và vật dụng cá nhân
• Khung/chân bàn chắc chắn, chịu lực tốt, hạn chế rung lắc khi sử dụng
• Thiết kế tối giản, dễ phối hợp với nhiều phong cách nội thất khác nhau
• Dễ dàng lắp ráp và vệ sinh, bảo trì trong quá trình sử dụng lâu dài

PHÙ HỢP KHÔNG GIAN
• Phù hợp bố trí trong không gian nội thất văn phòng, mang lại sự tiện nghi và thẩm mỹ cho tổng thể không gian.",instock,1
HBTA006,Ban lam viec 80x140cm he trian chan sat tam giac (3),Nội thất văn phòng > Hệ Bàn > Hệ Trian,13810000,,"/images/products/HBTA006-1.png, /images/products/HBTA006-2.png","Bàn thiết kế chắc chắn, tối ưu không gian sử dụng.","Ban lam viec 80x140cm he trian chan sat tam giac (3) là lựa chọn lý tưởng cho không gian làm việc và sinh hoạt hiện đại, kết hợp giữa tính thẩm mỹ và công năng sử dụng thực tế.

THÔNG SỐ KỸ THUẬT
• Chất liệu: Chất liệu cao cấp, chọn lọc kỹ càng đảm bảo độ bền và tính thẩm mỹ
• Kích thước: 80x140cm
• Mã sản phẩm: HBTA006
• Bảo hành: 12 tháng

CÔNG NĂNG NỔI BẬT
• Mặt bàn rộng rãi, đủ không gian đặt máy tính, tài liệu và vật dụng cá nhân
• Khung/chân bàn chắc chắn, chịu lực tốt, hạn chế rung lắc khi sử dụng
• Thiết kế tối giản, dễ phối hợp với nhiều phong cách nội thất khác nhau
• Dễ dàng lắp ráp và vệ sinh, bảo trì trong quá trình sử dụng lâu dài

PHÙ HỢP KHÔNG GIAN
• Phù hợp bố trí trong không gian nội thất văn phòng, mang lại sự tiện nghi và thẩm mỹ cho tổng thể không gian.",instock,1
VIEC160,Ban lam x55cm go plywood chan CONE 11,Nội thất văn phòng > Hệ Bàn > Hệ CONE,12700000,,"/images/products/VIEC160-1.jpg, /images/products/VIEC160-2.jpg, /images/products/VIEC160-3.jpg, /images/products/VIEC160-4.jpg, /images/products/VIEC160-5.jpg, /images/products/VIEC160-6.jpg","Bàn thiết kế chắc chắn, tối ưu không gian sử dụng.","Ban lam x55cm go plywood chan CONE 11 là lựa chọn lý tưởng cho không gian làm việc và sinh hoạt hiện đại, kết hợp giữa tính thẩm mỹ và công năng sử dụng thực tế.

THÔNG SỐ KỸ THUẬT
• Chất liệu: Chất liệu cao cấp, chọn lọc kỹ càng đảm bảo độ bền và tính thẩm mỹ
• Mã sản phẩm: VIEC160
• Bảo hành: 12 tháng

CÔNG NĂNG NỔI BẬT
• Mặt bàn rộng rãi, đủ không gian đặt máy tính, tài liệu và vật dụng cá nhân
• Khung/chân bàn chắc chắn, chịu lực tốt, hạn chế rung lắc khi sử dụng
• Thiết kế tối giản, dễ phối hợp với nhiều phong cách nội thất khác nhau
• Dễ dàng lắp ráp và vệ sinh, bảo trì trong quá trình sử dụng lâu dài

PHÙ HỢP KHÔNG GIAN
• Phù hợp bố trí trong không gian nội thất văn phòng, mang lại sự tiện nghi và thẩm mỹ cho tổng thể không gian.",instock,1
HBXC048,Ban lam viec go plywood melamin chan sat xconcept (3),Phòng Làm Việc > Bàn Làm Việc,13570000,,"/images/products/HBXC048-1.jpg, /images/products/HBXC048-2.jpg, /images/products/HBXC048-3.jpg, /images/products/HBXC048-4.png, /images/products/HBXC048-5.png, /images/products/HBXC048-6.jpg","Bàn thiết kế chắc chắn, tối ưu không gian sử dụng.","Ban lam viec go plywood melamin chan sat xconcept (3) là lựa chọn lý tưởng cho không gian làm việc và sinh hoạt hiện đại, kết hợp giữa tính thẩm mỹ và công năng sử dụng thực tế.

THÔNG SỐ KỸ THUẬT
• Chất liệu: Chất liệu cao cấp, chọn lọc kỹ càng đảm bảo độ bền và tính thẩm mỹ
• Mã sản phẩm: HBXC048
• Bảo hành: 12 tháng

CÔNG NĂNG NỔI BẬT
• Mặt bàn rộng rãi, đủ không gian đặt máy tính, tài liệu và vật dụng cá nhân
• Khung/chân bàn chắc chắn, chịu lực tốt, hạn chế rung lắc khi sử dụng
• Thiết kế tối giản, dễ phối hợp với nhiều phong cách nội thất khác nhau
• Dễ dàng lắp ráp và vệ sinh, bảo trì trong quá trình sử dụng lâu dài

PHÙ HỢP KHÔNG GIAN
• Phù hợp bố trí trong không gian phòng làm việc, mang lại sự tiện nghi và thẩm mỹ cho tổng thể không gian.",instock,1
HOGVP029,Ghe Fuji03 c,Nội thất văn phòng > Ghế Văn Phòng > Ghế Giám Đốc,5470000,,"/images/products/HOGVP029-1.jpg, /images/products/HOGVP029-2.jpg, /images/products/HOGVP029-3.jpg, /images/products/HOGVP029-4.jpg, /images/products/HOGVP029-5.jpg, /images/products/HOGVP029-6.jpg","Ghế công thái học, êm ái và bền bỉ.","Ghe Fuji03 c mang đến trải nghiệm ngồi thoải mái, hỗ trợ tư thế đúng chuẩn cho thời gian sử dụng dài mà không gây mỏi mệt.

THÔNG SỐ KỸ THUẬT
• Chất liệu: Chất liệu cao cấp, chọn lọc kỹ càng đảm bảo độ bền và tính thẩm mỹ
• Mã sản phẩm: HOGVP029
• Bảo hành: 12 tháng

CÔNG NĂNG NỔI BẬT
• Thiết kế công thái học, nâng đỡ tốt cho vùng lưng và cổ
• Khung ghế chắc chắn, chịu tải trọng tốt, đảm bảo an toàn khi sử dụng
• Đệm ngồi êm ái, thoáng khí, phù hợp ngồi làm việc/sinh hoạt trong thời gian dài
• Kiểu dáng hiện đại, dễ dàng kết hợp với nhiều không gian nội thất

PHÙ HỢP KHÔNG GIAN
• Phù hợp bố trí trong không gian nội thất văn phòng, mang lại sự tiện nghi và thẩm mỹ cho tổng thể không gian.",instock,1
HBPL022,Ban cum 4 chan tu go cao su chan sat lap rap he ply (2),Nội thất văn phòng > Hệ Bàn > Hệ PLY,8840000,,"/images/products/HBPL022-1.jpg, /images/products/HBPL022-2.jpg, /images/products/HBPL022-3.jpg, /images/products/HBPL022-4.jpg, /images/products/HBPL022-5.png, /images/products/HBPL022-6.jpg","Bàn thiết kế chắc chắn, tối ưu không gian sử dụng.","Ban cum 4 chan tu go cao su chan sat lap rap he ply (2) là lựa chọn lý tưởng cho không gian làm việc và sinh hoạt hiện đại, kết hợp giữa tính thẩm mỹ và công năng sử dụng thực tế.

THÔNG SỐ KỸ THUẬT
• Chất liệu: Chất liệu cao cấp, chọn lọc kỹ càng đảm bảo độ bền và tính thẩm mỹ
• Mã sản phẩm: HBPL022
• Bảo hành: 12 tháng

CÔNG NĂNG NỔI BẬT
• Mặt bàn rộng rãi, đủ không gian đặt máy tính, tài liệu và vật dụng cá nhân
• Khung/chân bàn chắc chắn, chịu lực tốt, hạn chế rung lắc khi sử dụng
• Thiết kế tối giản, dễ phối hợp với nhiều phong cách nội thất khác nhau
• Dễ dàng lắp ráp và vệ sinh, bảo trì trong quá trình sử dụng lâu dài

PHÙ HỢP KHÔNG GIAN
• Phù hợp bố trí trong không gian nội thất văn phòng, mang lại sự tiện nghi và thẩm mỹ cho tổng thể không gian.",instock,1
BH68026,Ban hop chan sat v 3,Nội thất văn phòng > Bàn Văn Phòng > Bàn Họp,5500000,,"/images/products/BH68026-1.jpg, /images/products/BH68026-2.jpg, /images/products/BH68026-3.jpg, /images/products/BH68026-4.jpg, /images/products/BH68026-5.jpg, /images/products/BH68026-6.jpg","Bàn thiết kế chắc chắn, tối ưu không gian sử dụng.","Ban hop chan sat v 3 là lựa chọn lý tưởng cho không gian làm việc và sinh hoạt hiện đại, kết hợp giữa tính thẩm mỹ và công năng sử dụng thực tế.

THÔNG SỐ KỸ THUẬT
• Chất liệu: Chất liệu cao cấp, chọn lọc kỹ càng đảm bảo độ bền và tính thẩm mỹ
• Mã sản phẩm: BH68026
• Bảo hành: 12 tháng

CÔNG NĂNG NỔI BẬT
• Mặt bàn rộng rãi, đủ không gian đặt máy tính, tài liệu và vật dụng cá nhân
• Khung/chân bàn chắc chắn, chịu lực tốt, hạn chế rung lắc khi sử dụng
• Thiết kế tối giản, dễ phối hợp với nhiều phong cách nội thất khác nhau
• Dễ dàng lắp ráp và vệ sinh, bảo trì trong quá trình sử dụng lâu dài

PHÙ HỢP KHÔNG GIAN
• Phù hợp bố trí trong không gian nội thất văn phòng, mang lại sự tiện nghi và thẩm mỹ cho tổng thể không gian.",instock,1
HBLG032,Ban lego mini 002 8702 ip,Nội thất văn phòng > Hệ Bàn > Hệ Lego,9340000,,"/images/products/HBLG032-1.jpg, /images/products/HBLG032-2.jpg, /images/products/HBLG032-3.jpg, /images/products/HBLG032-4.jpg, /images/products/HBLG032-5.jpg, /images/products/HBLG032-6.jpg","Bàn thiết kế chắc chắn, tối ưu không gian sử dụng.","Ban lego mini 002 8702 ip là lựa chọn lý tưởng cho không gian làm việc và sinh hoạt hiện đại, kết hợp giữa tính thẩm mỹ và công năng sử dụng thực tế.

THÔNG SỐ KỸ THUẬT
• Chất liệu: Chất liệu cao cấp, chọn lọc kỹ càng đảm bảo độ bền và tính thẩm mỹ
• Mã sản phẩm: HBLG032
• Bảo hành: 12 tháng

CÔNG NĂNG NỔI BẬT
• Mặt bàn rộng rãi, đủ không gian đặt máy tính, tài liệu và vật dụng cá nhân
• Khung/chân bàn chắc chắn, chịu lực tốt, hạn chế rung lắc khi sử dụng
• Thiết kế tối giản, dễ phối hợp với nhiều phong cách nội thất khác nhau
• Dễ dàng lắp ráp và vệ sinh, bảo trì trong quá trình sử dụng lâu dài

PHÙ HỢP KHÔNG GIAN
• Phù hợp bố trí trong không gian nội thất văn phòng, mang lại sự tiện nghi và thẩm mỹ cho tổng thể không gian.",instock,1
HBMC009,Ban hop 160x80 mconcept chan sat lap rap (2),Nội thất văn phòng > Bàn Văn Phòng > Bàn Họp,11690000,,"/images/products/HBMC009-1.png, /images/products/HBMC009-2.png","Bàn thiết kế chắc chắn, tối ưu không gian sử dụng.","Ban hop 160x80 mconcept chan sat lap rap (2) là lựa chọn lý tưởng cho không gian làm việc và sinh hoạt hiện đại, kết hợp giữa tính thẩm mỹ và công năng sử dụng thực tế.

THÔNG SỐ KỸ THUẬT
• Chất liệu: Chất liệu cao cấp, chọn lọc kỹ càng đảm bảo độ bền và tính thẩm mỹ
• Mã sản phẩm: HBMC009
• Bảo hành: 12 tháng

CÔNG NĂNG NỔI BẬT
• Mặt bàn rộng rãi, đủ không gian đặt máy tính, tài liệu và vật dụng cá nhân
• Khung/chân bàn chắc chắn, chịu lực tốt, hạn chế rung lắc khi sử dụng
• Thiết kế tối giản, dễ phối hợp với nhiều phong cách nội thất khác nhau
• Dễ dàng lắp ráp và vệ sinh, bảo trì trong quá trình sử dụng lâu dài

PHÙ HỢP KHÔNG GIAN
• Phù hợp bố trí trong không gian nội thất văn phòng, mang lại sự tiện nghi và thẩm mỹ cho tổng thể không gian.",instock,1
THS68053,Tu ho so go cua kinh 05a,Nội thất văn phòng > Kệ - Tủ Văn Phòng > Tủ Hồ Sơ Đứng,6470000,,"/images/products/THS68053-1.jpg, /images/products/THS68053-2.jpg, /images/products/THS68053-3.jpg, /images/products/THS68053-4.jpg, /images/products/THS68053-5.jpg, /images/products/THS68053-6.jpg","Tủ lưu trữ tiện lợi, thiết kế gọn gàng.","Tu ho so go cua kinh 05a giúp tối ưu không gian lưu trữ, sắp xếp đồ đạc gọn gàng, khoa học mà vẫn đảm bảo tính thẩm mỹ cho căn phòng.

THÔNG SỐ KỸ THUẬT
• Chất liệu: Chất liệu cao cấp, chọn lọc kỹ càng đảm bảo độ bền và tính thẩm mỹ
• Mã sản phẩm: THS68053
• Bảo hành: 12 tháng

CÔNG NĂNG NỔI BẬT
• Nhiều ngăn/kệ chia hợp lý, tối ưu diện tích lưu trữ
• Hệ thống bản lề, tay nắm chắc chắn, đóng mở êm ái
• Bề mặt hoàn thiện chống trầy xước, dễ lau chùi
• Thiết kế kín đáo, giúp không gian luôn gọn gàng ngăn nắp

PHÙ HỢP KHÔNG GIAN
• Phù hợp bố trí trong không gian nội thất văn phòng, mang lại sự tiện nghi và thẩm mỹ cho tổng thể không gian.",instock,1
HBTH006,Ban lam viec 140x80 trapeze ii concept lap rap (2),Phòng Làm Việc > Bàn Làm Việc,1910000,,/images/products/HBTH006-1.png,"Bàn thiết kế chắc chắn, tối ưu không gian sử dụng.","Ban lam viec 140x80 trapeze ii concept lap rap (2) là lựa chọn lý tưởng cho không gian làm việc và sinh hoạt hiện đại, kết hợp giữa tính thẩm mỹ và công năng sử dụng thực tế.

THÔNG SỐ KỸ THUẬT
• Chất liệu: Chất liệu cao cấp, chọn lọc kỹ càng đảm bảo độ bền và tính thẩm mỹ
• Mã sản phẩm: HBTH006
• Bảo hành: 12 tháng

CÔNG NĂNG NỔI BẬT
• Mặt bàn rộng rãi, đủ không gian đặt máy tính, tài liệu và vật dụng cá nhân
• Khung/chân bàn chắc chắn, chịu lực tốt, hạn chế rung lắc khi sử dụng
• Thiết kế tối giản, dễ phối hợp với nhiều phong cách nội thất khác nhau
• Dễ dàng lắp ráp và vệ sinh, bảo trì trong quá trình sử dụng lâu dài

PHÙ HỢP KHÔNG GIAN
• Phù hợp bố trí trong không gian phòng làm việc, mang lại sự tiện nghi và thẩm mỹ cho tổng thể không gian.",instock,1
HBOV047,Ban hop go plywood melamin chan sat oval (12),Nội thất văn phòng > Bàn Văn Phòng > Bàn Họp,4480000,,"/images/products/HBOV047-1.jpg, /images/products/HBOV047-2.jpg, /images/products/HBOV047-3.jpg, /images/products/HBOV047-4.png, /images/products/HBOV047-5.jpg, /images/products/HBOV047-6.jpg","Bàn thiết kế chắc chắn, tối ưu không gian sử dụng.","Ban hop go plywood melamin chan sat oval (12) là lựa chọn lý tưởng cho không gian làm việc và sinh hoạt hiện đại, kết hợp giữa tính thẩm mỹ và công năng sử dụng thực tế.

THÔNG SỐ KỸ THUẬT
• Chất liệu: Chất liệu cao cấp, chọn lọc kỹ càng đảm bảo độ bền và tính thẩm mỹ
• Mã sản phẩm: HBOV047
• Bảo hành: 12 tháng

CÔNG NĂNG NỔI BẬT
• Mặt bàn rộng rãi, đủ không gian đặt máy tính, tài liệu và vật dụng cá nhân
• Khung/chân bàn chắc chắn, chịu lực tốt, hạn chế rung lắc khi sử dụng
• Thiết kế tối giản, dễ phối hợp với nhiều phong cách nội thất khác nhau
• Dễ dàng lắp ráp và vệ sinh, bảo trì trong quá trình sử dụng lâu dài

PHÙ HỢP KHÔNG GIAN
• Phù hợp bố trí trong không gian nội thất văn phòng, mang lại sự tiện nghi và thẩm mỹ cho tổng thể không gian.",instock,1
TCN68037,Tu di dong 08a,Nội thất văn phòng > Kệ - Tủ Văn Phòng > Tủ Hồ Sơ Di Động,13510000,,"/images/products/TCN68037-1.jpg, /images/products/TCN68037-2.jpg, /images/products/TCN68037-3.jpg, /images/products/TCN68037-4.jpg, /images/products/TCN68037-5.jpg, /images/products/TCN68037-6.jpg","Tủ lưu trữ tiện lợi, thiết kế gọn gàng.","Tu di dong 08a giúp tối ưu không gian lưu trữ, sắp xếp đồ đạc gọn gàng, khoa học mà vẫn đảm bảo tính thẩm mỹ cho căn phòng.

THÔNG SỐ KỸ THUẬT
• Chất liệu: Chất liệu cao cấp, chọn lọc kỹ càng đảm bảo độ bền và tính thẩm mỹ
• Mã sản phẩm: TCN68037
• Bảo hành: 12 tháng

CÔNG NĂNG NỔI BẬT
• Nhiều ngăn/kệ chia hợp lý, tối ưu diện tích lưu trữ
• Hệ thống bản lề, tay nắm chắc chắn, đóng mở êm ái
• Bề mặt hoàn thiện chống trầy xước, dễ lau chùi
• Thiết kế kín đáo, giúp không gian luôn gọn gàng ngăn nắp

PHÙ HỢP KHÔNG GIAN
• Phù hợp bố trí trong không gian nội thất văn phòng, mang lại sự tiện nghi và thẩm mỹ cho tổng thể không gian.",instock,1
BH68024,Ban hop chan sat gap khuc 2,Nội thất văn phòng > Bàn Văn Phòng > Bàn Họp,8890000,,"/images/products/BH68024-1.jpg, /images/products/BH68024-2.jpg, /images/products/BH68024-3.jpg, /images/products/BH68024-4.jpg, /images/products/BH68024-5.jpg, /images/products/BH68024-6.jpg","Bàn thiết kế chắc chắn, tối ưu không gian sử dụng.","Ban hop chan sat gap khuc 2 là lựa chọn lý tưởng cho không gian làm việc và sinh hoạt hiện đại, kết hợp giữa tính thẩm mỹ và công năng sử dụng thực tế.

THÔNG SỐ KỸ THUẬT
• Chất liệu: Chất liệu cao cấp, chọn lọc kỹ càng đảm bảo độ bền và tính thẩm mỹ
• Mã sản phẩm: BH68024
• Bảo hành: 12 tháng

CÔNG NĂNG NỔI BẬT
• Mặt bàn rộng rãi, đủ không gian đặt máy tính, tài liệu và vật dụng cá nhân
• Khung/chân bàn chắc chắn, chịu lực tốt, hạn chế rung lắc khi sử dụng
• Thiết kế tối giản, dễ phối hợp với nhiều phong cách nội thất khác nhau
• Dễ dàng lắp ráp và vệ sinh, bảo trì trong quá trình sử dụng lâu dài

PHÙ HỢP KHÔNG GIAN
• Phù hợp bố trí trong không gian nội thất văn phòng, mang lại sự tiện nghi và thẩm mỹ cho tổng thể không gian.",instock,1
HCTG019,Chan ban cum2 120x120cm sat tam giac quy 02,Nội thất văn phòng > Hệ Bàn > Hệ Tứ Giác Côn,7510000,,"/images/products/HCTG019-1.jpg, /images/products/HCTG019-2.jpg, /images/products/HCTG019-3.jpg, /images/products/HCTG019-4.jpg, /images/products/HCTG019-5.jpg","Bàn thiết kế chắc chắn, tối ưu không gian sử dụng.","Chan ban cum2 120x120cm sat tam giac quy 02 là lựa chọn lý tưởng cho không gian làm việc và sinh hoạt hiện đại, kết hợp giữa tính thẩm mỹ và công năng sử dụng thực tế.

THÔNG SỐ KỸ THUẬT
• Chất liệu: Chất liệu cao cấp, chọn lọc kỹ càng đảm bảo độ bền và tính thẩm mỹ
• Kích thước: 120x120cm
• Mã sản phẩm: HCTG019
• Bảo hành: 12 tháng

CÔNG NĂNG NỔI BẬT
• Mặt bàn rộng rãi, đủ không gian đặt máy tính, tài liệu và vật dụng cá nhân
• Khung/chân bàn chắc chắn, chịu lực tốt, hạn chế rung lắc khi sử dụng
• Thiết kế tối giản, dễ phối hợp với nhiều phong cách nội thất khác nhau
• Dễ dàng lắp ráp và vệ sinh, bảo trì trong quá trình sử dụng lâu dài

PHÙ HỢP KHÔNG GIAN
• Phù hợp bố trí trong không gian nội thất văn phòng, mang lại sự tiện nghi và thẩm mỹ cho tổng thể không gian.",instock,1
HBTA002,Ban lam viec 60x100cm he trian chan sat tam giac (3),Nội thất văn phòng > Hệ Bàn > Hệ Trian,6460000,,"/images/products/HBTA002-1.png, /images/products/HBTA002-2.png, /images/products/HBTA002-3.png, /images/products/HBTA002-4.png","Bàn thiết kế chắc chắn, tối ưu không gian sử dụng.","Ban lam viec 60x100cm he trian chan sat tam giac (3) là lựa chọn lý tưởng cho không gian làm việc và sinh hoạt hiện đại, kết hợp giữa tính thẩm mỹ và công năng sử dụng thực tế.

THÔNG SỐ KỸ THUẬT
• Chất liệu: Chất liệu cao cấp, chọn lọc kỹ càng đảm bảo độ bền và tính thẩm mỹ
• Kích thước: 60x100cm
• Mã sản phẩm: HBTA002
• Bảo hành: 12 tháng

CÔNG NĂNG NỔI BẬT
• Mặt bàn rộng rãi, đủ không gian đặt máy tính, tài liệu và vật dụng cá nhân
• Khung/chân bàn chắc chắn, chịu lực tốt, hạn chế rung lắc khi sử dụng
• Thiết kế tối giản, dễ phối hợp với nhiều phong cách nội thất khác nhau
• Dễ dàng lắp ráp và vệ sinh, bảo trì trong quá trình sử dụng lâu dài

PHÙ HỢP KHÔNG GIAN
• Phù hợp bố trí trong không gian nội thất văn phòng, mang lại sự tiện nghi và thẩm mỹ cho tổng thể không gian.",instock,1
KCPU68009,Ke de cpu dimension,Nội thất văn phòng > Phụ Kiện Bàn > Kệ Để CPU,580000,,"/images/products/KCPU68009-1.jpg, /images/products/KCPU68009-2.jpg, /images/products/KCPU68009-3.jpg, /images/products/KCPU68009-4.jpg, /images/products/KCPU68009-5.jpg, /images/products/KCPU68009-6.jpg","Phụ kiện tiện dụng, hỗ trợ không gian làm việc gọn gàng.","Ke de cpu dimension là phụ kiện hỗ trợ đắc lực, giúp không gian làm việc/sinh hoạt gọn gàng và tiện dụng hơn.

THÔNG SỐ KỸ THUẬT
• Chất liệu: Chất liệu cao cấp, chọn lọc kỹ càng đảm bảo độ bền và tính thẩm mỹ
• Mã sản phẩm: KCPU68009
• Bảo hành: 12 tháng

CÔNG NĂNG NỔI BẬT
• Thiết kế nhỏ gọn, dễ dàng lắp đặt vào hệ bàn/ghế hiện có
• Chất liệu bền bỉ, chịu lực và chịu nhiệt tốt trong quá trình sử dụng
• Giúp không gian làm việc gọn gàng, khoa học hơn
• Tương thích với nhiều mẫu bàn/ghế khác nhau

PHÙ HỢP KHÔNG GIAN
• Phù hợp bố trí trong không gian nội thất văn phòng, mang lại sự tiện nghi và thẩm mỹ cho tổng thể không gian.",instock,1
HBTC046,Ban lam viec go plywood melamin chan sat trapeze (2),Phòng Làm Việc > Bàn Làm Việc,5410000,,"/images/products/HBTC046-1.jpg, /images/products/HBTC046-2.jpg, /images/products/HBTC046-3.jpg, /images/products/HBTC046-4.png, /images/products/HBTC046-5.jpg, /images/products/HBTC046-6.jpg","Bàn thiết kế chắc chắn, tối ưu không gian sử dụng.","Ban lam viec go plywood melamin chan sat trapeze (2) là lựa chọn lý tưởng cho không gian làm việc và sinh hoạt hiện đại, kết hợp giữa tính thẩm mỹ và công năng sử dụng thực tế.

THÔNG SỐ KỸ THUẬT
• Chất liệu: Chất liệu cao cấp, chọn lọc kỹ càng đảm bảo độ bền và tính thẩm mỹ
• Mã sản phẩm: HBTC046
• Bảo hành: 12 tháng

CÔNG NĂNG NỔI BẬT
• Mặt bàn rộng rãi, đủ không gian đặt máy tính, tài liệu và vật dụng cá nhân
• Khung/chân bàn chắc chắn, chịu lực tốt, hạn chế rung lắc khi sử dụng
• Thiết kế tối giản, dễ phối hợp với nhiều phong cách nội thất khác nhau
• Dễ dàng lắp ráp và vệ sinh, bảo trì trong quá trình sử dụng lâu dài

PHÙ HỢP KHÔNG GIAN
• Phù hợp bố trí trong không gian phòng làm việc, mang lại sự tiện nghi và thẩm mỹ cho tổng thể không gian.",instock,1
HBAT005,Ban lam viec 140x70 aton concept chan sat lap rap (4),Phòng Làm Việc > Bàn Làm Việc,7450000,,"/images/products/HBAT005-1.png, /images/products/HBAT005-2.png","Bàn thiết kế chắc chắn, tối ưu không gian sử dụng.","Ban lam viec 140x70 aton concept chan sat lap rap (4) là lựa chọn lý tưởng cho không gian làm việc và sinh hoạt hiện đại, kết hợp giữa tính thẩm mỹ và công năng sử dụng thực tế.

THÔNG SỐ KỸ THUẬT
• Chất liệu: Chất liệu cao cấp, chọn lọc kỹ càng đảm bảo độ bền và tính thẩm mỹ
• Mã sản phẩm: HBAT005
• Bảo hành: 12 tháng

CÔNG NĂNG NỔI BẬT
• Mặt bàn rộng rãi, đủ không gian đặt máy tính, tài liệu và vật dụng cá nhân
• Khung/chân bàn chắc chắn, chịu lực tốt, hạn chế rung lắc khi sử dụng
• Thiết kế tối giản, dễ phối hợp với nhiều phong cách nội thất khác nhau
• Dễ dàng lắp ráp và vệ sinh, bảo trì trong quá trình sử dụng lâu dài

PHÙ HỢP KHÔNG GIAN
• Phù hợp bố trí trong không gian phòng làm việc, mang lại sự tiện nghi và thẩm mỹ cho tổng thể không gian.",instock,1
HBUC052,Ban hop go plywood mau be tong chan sat he uconcept (3),Nội thất văn phòng > Hệ Bàn > Hệ UConcept,3510000,,"/images/products/HBUC052-1.jpg, /images/products/HBUC052-2.jpg, /images/products/HBUC052-3.png, /images/products/HBUC052-4.png, /images/products/HBUC052-5.jpg, /images/products/HBUC052-6.jpg","Bàn thiết kế chắc chắn, tối ưu không gian sử dụng.","Ban hop go plywood mau be tong chan sat he uconcept (3) là lựa chọn lý tưởng cho không gian làm việc và sinh hoạt hiện đại, kết hợp giữa tính thẩm mỹ và công năng sử dụng thực tế.

THÔNG SỐ KỸ THUẬT
• Chất liệu: Chất liệu cao cấp, chọn lọc kỹ càng đảm bảo độ bền và tính thẩm mỹ
• Mã sản phẩm: HBUC052
• Bảo hành: 12 tháng

CÔNG NĂNG NỔI BẬT
• Mặt bàn rộng rãi, đủ không gian đặt máy tính, tài liệu và vật dụng cá nhân
• Khung/chân bàn chắc chắn, chịu lực tốt, hạn chế rung lắc khi sử dụng
• Thiết kế tối giản, dễ phối hợp với nhiều phong cách nội thất khác nhau
• Dễ dàng lắp ráp và vệ sinh, bảo trì trong quá trình sử dụng lâu dài

PHÙ HỢP KHÔNG GIAN
• Phù hợp bố trí trong không gian nội thất văn phòng, mang lại sự tiện nghi và thẩm mỹ cho tổng thể không gian.",instock,1
HBON011,Ban lam viec go cao su chan ong nuoc chu x (3),Phòng Làm Việc > Bàn Làm Việc,3360000,,"/images/products/HBON011-1.png, /images/products/HBON011-2.png, /images/products/HBON011-3.jpg, /images/products/HBON011-4.jpg, /images/products/HBON011-5.jpg, /images/products/HBON011-6.jpg","Bàn thiết kế chắc chắn, tối ưu không gian sử dụng.","Ban lam viec go cao su chan ong nuoc chu x (3) là lựa chọn lý tưởng cho không gian làm việc và sinh hoạt hiện đại, kết hợp giữa tính thẩm mỹ và công năng sử dụng thực tế.

THÔNG SỐ KỸ THUẬT
• Chất liệu: Chất liệu cao cấp, chọn lọc kỹ càng đảm bảo độ bền và tính thẩm mỹ
• Mã sản phẩm: HBON011
• Bảo hành: 12 tháng

CÔNG NĂNG NỔI BẬT
• Mặt bàn rộng rãi, đủ không gian đặt máy tính, tài liệu và vật dụng cá nhân
• Khung/chân bàn chắc chắn, chịu lực tốt, hạn chế rung lắc khi sử dụng
• Thiết kế tối giản, dễ phối hợp với nhiều phong cách nội thất khác nhau
• Dễ dàng lắp ráp và vệ sinh, bảo trì trong quá trình sử dụng lâu dài

PHÙ HỢP KHÔNG GIAN
• Phù hợp bố trí trong không gian phòng làm việc, mang lại sự tiện nghi và thẩm mỹ cho tổng thể không gian.",instock,1
THS68057,Tu ho so go cua kinh 04a,Nội thất văn phòng > Kệ - Tủ Văn Phòng > Tủ Hồ Sơ Đứng,8170000,,"/images/products/THS68057-1.jpg, /images/products/THS68057-2.jpg, /images/products/THS68057-3.jpg, /images/products/THS68057-4.jpg, /images/products/THS68057-5.jpg, /images/products/THS68057-6.jpg","Tủ lưu trữ tiện lợi, thiết kế gọn gàng.","Tu ho so go cua kinh 04a giúp tối ưu không gian lưu trữ, sắp xếp đồ đạc gọn gàng, khoa học mà vẫn đảm bảo tính thẩm mỹ cho căn phòng.

THÔNG SỐ KỸ THUẬT
• Chất liệu: Chất liệu cao cấp, chọn lọc kỹ càng đảm bảo độ bền và tính thẩm mỹ
• Mã sản phẩm: THS68057
• Bảo hành: 12 tháng

CÔNG NĂNG NỔI BẬT
• Nhiều ngăn/kệ chia hợp lý, tối ưu diện tích lưu trữ
• Hệ thống bản lề, tay nắm chắc chắn, đóng mở êm ái
• Bề mặt hoàn thiện chống trầy xước, dễ lau chùi
• Thiết kế kín đáo, giúp không gian luôn gọn gàng ngăn nắp

PHÙ HỢP KHÔNG GIAN
• Phù hợp bố trí trong không gian nội thất văn phòng, mang lại sự tiện nghi và thẩm mỹ cho tổng thể không gian.",instock,1
HCTG024,Chan ban hop 240x120cm sat tam giac quy kichthuoc 01,Nội thất văn phòng > Bàn Văn Phòng > Bàn Họp,3420000,,"/images/products/HCTG024-1.jpg, /images/products/HCTG024-2.jpg, /images/products/HCTG024-3.jpg, /images/products/HCTG024-4.jpg, /images/products/HCTG024-5.jpg","Bàn thiết kế chắc chắn, tối ưu không gian sử dụng.","Chan ban hop 240x120cm sat tam giac quy kichthuoc 01 là lựa chọn lý tưởng cho không gian làm việc và sinh hoạt hiện đại, kết hợp giữa tính thẩm mỹ và công năng sử dụng thực tế.

THÔNG SỐ KỸ THUẬT
• Chất liệu: Chất liệu cao cấp, chọn lọc kỹ càng đảm bảo độ bền và tính thẩm mỹ
• Kích thước: 240x120cm
• Mã sản phẩm: HCTG024
• Bảo hành: 12 tháng

CÔNG NĂNG NỔI BẬT
• Mặt bàn rộng rãi, đủ không gian đặt máy tính, tài liệu và vật dụng cá nhân
• Khung/chân bàn chắc chắn, chịu lực tốt, hạn chế rung lắc khi sử dụng
• Thiết kế tối giản, dễ phối hợp với nhiều phong cách nội thất khác nhau
• Dễ dàng lắp ráp và vệ sinh, bảo trì trong quá trình sử dụng lâu dài

PHÙ HỢP KHÔNG GIAN
• Phù hợp bố trí trong không gian nội thất văn phòng, mang lại sự tiện nghi và thẩm mỹ cho tổng thể không gian.",instock,1
KHD68002,Khay di day dien mau trang 04,Nội thất văn phòng > Phụ Kiện Bàn > Khay Đi Dây,1000000,,"/images/products/KHD68002-1.jpg, /images/products/KHD68002-2.jpg, /images/products/KHD68002-3.jpg, /images/products/KHD68002-4.jpg, /images/products/KHD68002-5.jpg, /images/products/KHD68002-6.jpg","Phụ kiện tiện dụng, hỗ trợ không gian làm việc gọn gàng.","Khay di day dien mau trang 04 là phụ kiện hỗ trợ đắc lực, giúp không gian làm việc/sinh hoạt gọn gàng và tiện dụng hơn.

THÔNG SỐ KỸ THUẬT
• Chất liệu: Bọc da cao cấp, êm ái và dễ vệ sinh
• Mã sản phẩm: KHD68002
• Bảo hành: 12 tháng

CÔNG NĂNG NỔI BẬT
• Thiết kế nhỏ gọn, dễ dàng lắp đặt vào hệ bàn/ghế hiện có
• Chất liệu bền bỉ, chịu lực và chịu nhiệt tốt trong quá trình sử dụng
• Giúp không gian làm việc gọn gàng, khoa học hơn
• Tương thích với nhiều mẫu bàn/ghế khác nhau

PHÙ HỢP KHÔNG GIAN
• Phù hợp bố trí trong không gian nội thất văn phòng, mang lại sự tiện nghi và thẩm mỹ cho tổng thể không gian.",instock,1
BNV68061,Ban cum 4 chan sat lap rap go cao su 120x240cm,Nội thất văn phòng > Bàn Văn Phòng > Cụm bàn 2 người,7570000,,"/images/products/BNV68061-1.jpg, /images/products/BNV68061-2.jpg, /images/products/BNV68061-3.png, /images/products/BNV68061-4.png, /images/products/BNV68061-5.jpg, /images/products/BNV68061-6.jpg","Bàn thiết kế chắc chắn, tối ưu không gian sử dụng.","Ban cum 4 chan sat lap rap go cao su 120x240cm là lựa chọn lý tưởng cho không gian làm việc và sinh hoạt hiện đại, kết hợp giữa tính thẩm mỹ và công năng sử dụng thực tế.

THÔNG SỐ KỸ THUẬT
• Chất liệu: Chất liệu cao cấp, chọn lọc kỹ càng đảm bảo độ bền và tính thẩm mỹ
• Kích thước: 120x240cm
• Mã sản phẩm: BNV68061
• Bảo hành: 12 tháng

CÔNG NĂNG NỔI BẬT
• Mặt bàn rộng rãi, đủ không gian đặt máy tính, tài liệu và vật dụng cá nhân
• Khung/chân bàn chắc chắn, chịu lực tốt, hạn chế rung lắc khi sử dụng
• Thiết kế tối giản, dễ phối hợp với nhiều phong cách nội thất khác nhau
• Dễ dàng lắp ráp và vệ sinh, bảo trì trong quá trình sử dụng lâu dài

PHÙ HỢP KHÔNG GIAN
• Phù hợp bố trí trong không gian nội thất văn phòng, mang lại sự tiện nghi và thẩm mỹ cho tổng thể không gian.",instock,1
HBLG040,Module ban cum3 03,Trường Học > Bàn Ghế Trường Học > Cụm Module Trường Học,3120000,,"/images/products/HBLG040-1.png, /images/products/HBLG040-2.jpg","Ghế công thái học, êm ái và bền bỉ.","Module ban cum3 03 mang đến trải nghiệm ngồi thoải mái, hỗ trợ tư thế đúng chuẩn cho thời gian sử dụng dài mà không gây mỏi mệt.

THÔNG SỐ KỸ THUẬT
• Chất liệu: Chất liệu cao cấp, chọn lọc kỹ càng đảm bảo độ bền và tính thẩm mỹ
• Mã sản phẩm: HBLG040
• Bảo hành: 12 tháng

CÔNG NĂNG NỔI BẬT
• Thiết kế công thái học, nâng đỡ tốt cho vùng lưng và cổ
• Khung ghế chắc chắn, chịu tải trọng tốt, đảm bảo an toàn khi sử dụng
• Đệm ngồi êm ái, thoáng khí, phù hợp ngồi làm việc/sinh hoạt trong thời gian dài
• Kiểu dáng hiện đại, dễ dàng kết hợp với nhiều không gian nội thất

PHÙ HỢP KHÔNG GIAN
• Phù hợp bố trí trong không gian trường học, mang lại sự tiện nghi và thẩm mỹ cho tổng thể không gian.",instock,1
HBTC039,Ban lam viec chu l go plywood chan sat trapeze (17),Phòng Làm Việc > Bàn Làm Việc,2530000,,"/images/products/HBTC039-1.jpg, /images/products/HBTC039-2.jpg, /images/products/HBTC039-3.png, /images/products/HBTC039-4.jpg, /images/products/HBTC039-5.jpg, /images/products/HBTC039-6.png","Bàn thiết kế chắc chắn, tối ưu không gian sử dụng.","Ban lam viec chu l go plywood chan sat trapeze (17) là lựa chọn lý tưởng cho không gian làm việc và sinh hoạt hiện đại, kết hợp giữa tính thẩm mỹ và công năng sử dụng thực tế.

THÔNG SỐ KỸ THUẬT
• Chất liệu: Chất liệu cao cấp, chọn lọc kỹ càng đảm bảo độ bền và tính thẩm mỹ
• Mã sản phẩm: HBTC039
• Bảo hành: 12 tháng

CÔNG NĂNG NỔI BẬT
• Mặt bàn rộng rãi, đủ không gian đặt máy tính, tài liệu và vật dụng cá nhân
• Khung/chân bàn chắc chắn, chịu lực tốt, hạn chế rung lắc khi sử dụng
• Thiết kế tối giản, dễ phối hợp với nhiều phong cách nội thất khác nhau
• Dễ dàng lắp ráp và vệ sinh, bảo trì trong quá trình sử dụng lâu dài

PHÙ HỢP KHÔNG GIAN
• Phù hợp bố trí trong không gian phòng làm việc, mang lại sự tiện nghi và thẩm mỹ cho tổng thể không gian.",instock,1
HBKC031,Ban lam viec go plywood chan sat he kconcept (3),Nội thất văn phòng > Hệ Bàn > Hệ KConcept,9510000,,"/images/products/HBKC031-1.jpg, /images/products/HBKC031-2.jpg, /images/products/HBKC031-3.png, /images/products/HBKC031-4.png, /images/products/HBKC031-5.jpg, /images/products/HBKC031-6.jpg","Bàn thiết kế chắc chắn, tối ưu không gian sử dụng.","Ban lam viec go plywood chan sat he kconcept (3) là lựa chọn lý tưởng cho không gian làm việc và sinh hoạt hiện đại, kết hợp giữa tính thẩm mỹ và công năng sử dụng thực tế.

THÔNG SỐ KỸ THUẬT
• Chất liệu: Chất liệu cao cấp, chọn lọc kỹ càng đảm bảo độ bền và tính thẩm mỹ
• Mã sản phẩm: HBKC031
• Bảo hành: 12 tháng

CÔNG NĂNG NỔI BẬT
• Mặt bàn rộng rãi, đủ không gian đặt máy tính, tài liệu và vật dụng cá nhân
• Khung/chân bàn chắc chắn, chịu lực tốt, hạn chế rung lắc khi sử dụng
• Thiết kế tối giản, dễ phối hợp với nhiều phong cách nội thất khác nhau
• Dễ dàng lắp ráp và vệ sinh, bảo trì trong quá trình sử dụng lâu dài

PHÙ HỢP KHÔNG GIAN
• Phù hợp bố trí trong không gian nội thất văn phòng, mang lại sự tiện nghi và thẩm mỹ cho tổng thể không gian.",instock,1
THS68056,Tu ho so 04,Nội thất văn phòng > Kệ - Tủ Văn Phòng > Tủ Hồ Sơ Đứng,10800000,,/images/products/THS68056-1.jpg,"Tủ lưu trữ tiện lợi, thiết kế gọn gàng.","Tu ho so 04 giúp tối ưu không gian lưu trữ, sắp xếp đồ đạc gọn gàng, khoa học mà vẫn đảm bảo tính thẩm mỹ cho căn phòng.

THÔNG SỐ KỸ THUẬT
• Chất liệu: Chất liệu cao cấp, chọn lọc kỹ càng đảm bảo độ bền và tính thẩm mỹ
• Mã sản phẩm: THS68056
• Bảo hành: 12 tháng

CÔNG NĂNG NỔI BẬT
• Nhiều ngăn/kệ chia hợp lý, tối ưu diện tích lưu trữ
• Hệ thống bản lề, tay nắm chắc chắn, đóng mở êm ái
• Bề mặt hoàn thiện chống trầy xước, dễ lau chùi
• Thiết kế kín đáo, giúp không gian luôn gọn gàng ngăn nắp

PHÙ HỢP KHÔNG GIAN
• Phù hợp bố trí trong không gian nội thất văn phòng, mang lại sự tiện nghi và thẩm mỹ cho tổng thể không gian.",instock,1
HBTG008,Ban 140x70cm go cao su chan tam giac quy 01,Nội thất văn phòng > Hệ Bàn > Hệ Tứ Giác Côn,3890000,,"/images/products/HBTG008-1.jpg, /images/products/HBTG008-2.jpg, /images/products/HBTG008-3.jpg, /images/products/HBTG008-4.jpg","Bàn thiết kế chắc chắn, tối ưu không gian sử dụng.","Ban 140x70cm go cao su chan tam giac quy 01 là lựa chọn lý tưởng cho không gian làm việc và sinh hoạt hiện đại, kết hợp giữa tính thẩm mỹ và công năng sử dụng thực tế.

THÔNG SỐ KỸ THUẬT
• Chất liệu: Chất liệu cao cấp, chọn lọc kỹ càng đảm bảo độ bền và tính thẩm mỹ
• Kích thước: 140x70cm
• Mã sản phẩm: HBTG008
• Bảo hành: 12 tháng

CÔNG NĂNG NỔI BẬT
• Mặt bàn rộng rãi, đủ không gian đặt máy tính, tài liệu và vật dụng cá nhân
• Khung/chân bàn chắc chắn, chịu lực tốt, hạn chế rung lắc khi sử dụng
• Thiết kế tối giản, dễ phối hợp với nhiều phong cách nội thất khác nhau
• Dễ dàng lắp ráp và vệ sinh, bảo trì trong quá trình sử dụng lâu dài

PHÙ HỢP KHÔNG GIAN
• Phù hợp bố trí trong không gian nội thất văn phòng, mang lại sự tiện nghi và thẩm mỹ cho tổng thể không gian.",instock,1
HBKC024,Ban lam viec 60x200cm kconcept 02 tgnt 2d,Phòng Làm Việc > Bàn Làm Việc,8150000,,"/images/products/HBKC024-1.jpg, /images/products/HBKC024-2.jpg, /images/products/HBKC024-3.jpg, /images/products/HBKC024-4.png, /images/products/HBKC024-5.jpg, /images/products/HBKC024-6.jpg","Bàn thiết kế chắc chắn, tối ưu không gian sử dụng.","Ban lam viec 60x200cm kconcept 02 tgnt 2d là lựa chọn lý tưởng cho không gian làm việc và sinh hoạt hiện đại, kết hợp giữa tính thẩm mỹ và công năng sử dụng thực tế.

THÔNG SỐ KỸ THUẬT
• Chất liệu: Chất liệu cao cấp, chọn lọc kỹ càng đảm bảo độ bền và tính thẩm mỹ
• Kích thước: 60x200cm
• Mã sản phẩm: HBKC024
• Bảo hành: 12 tháng

CÔNG NĂNG NỔI BẬT
• Mặt bàn rộng rãi, đủ không gian đặt máy tính, tài liệu và vật dụng cá nhân
• Khung/chân bàn chắc chắn, chịu lực tốt, hạn chế rung lắc khi sử dụng
• Thiết kế tối giản, dễ phối hợp với nhiều phong cách nội thất khác nhau
• Dễ dàng lắp ráp và vệ sinh, bảo trì trong quá trình sử dụng lâu dài

PHÙ HỢP KHÔNG GIAN
• Phù hợp bố trí trong không gian phòng làm việc, mang lại sự tiện nghi và thẩm mỹ cho tổng thể không gian.",instock,1
HOM1086,Ghe van phong 01 kich thuoc,Nội thất văn phòng > Ghế Văn Phòng > Ghế Giám Đốc,1560000,,"/images/products/HOM1086-1.jpg, /images/products/HOM1086-2.jpg, /images/products/HOM1086-3.jpg, /images/products/HOM1086-4.jpg, /images/products/HOM1086-5.jpg, /images/products/HOM1086-6.jpg","Ghế công thái học, êm ái và bền bỉ.","Ghe van phong 01 kich thuoc mang đến trải nghiệm ngồi thoải mái, hỗ trợ tư thế đúng chuẩn cho thời gian sử dụng dài mà không gây mỏi mệt.

THÔNG SỐ KỸ THUẬT
• Chất liệu: Chất liệu cao cấp, chọn lọc kỹ càng đảm bảo độ bền và tính thẩm mỹ
• Mã sản phẩm: HOM1086
• Bảo hành: 12 tháng

CÔNG NĂNG NỔI BẬT
• Thiết kế công thái học, nâng đỡ tốt cho vùng lưng và cổ
• Khung ghế chắc chắn, chịu tải trọng tốt, đảm bảo an toàn khi sử dụng
• Đệm ngồi êm ái, thoáng khí, phù hợp ngồi làm việc/sinh hoạt trong thời gian dài
• Kiểu dáng hiện đại, dễ dàng kết hợp với nhiều không gian nội thất

PHÙ HỢP KHÔNG GIAN
• Phù hợp bố trí trong không gian nội thất văn phòng, mang lại sự tiện nghi và thẩm mỹ cho tổng thể không gian.",instock,1
HBTA005,Ban lam viec 70x140cm eh trian chan sat tam giac (2),Phòng Làm Việc > Bàn Làm Việc,11060000,,"/images/products/HBTA005-1.png, /images/products/HBTA005-2.png","Bàn thiết kế chắc chắn, tối ưu không gian sử dụng.","Ban lam viec 70x140cm eh trian chan sat tam giac (2) là lựa chọn lý tưởng cho không gian làm việc và sinh hoạt hiện đại, kết hợp giữa tính thẩm mỹ và công năng sử dụng thực tế.

THÔNG SỐ KỸ THUẬT
• Chất liệu: Chất liệu cao cấp, chọn lọc kỹ càng đảm bảo độ bền và tính thẩm mỹ
• Kích thước: 70x140cm
• Mã sản phẩm: HBTA005
• Bảo hành: 12 tháng

CÔNG NĂNG NỔI BẬT
• Mặt bàn rộng rãi, đủ không gian đặt máy tính, tài liệu và vật dụng cá nhân
• Khung/chân bàn chắc chắn, chịu lực tốt, hạn chế rung lắc khi sử dụng
• Thiết kế tối giản, dễ phối hợp với nhiều phong cách nội thất khác nhau
• Dễ dàng lắp ráp và vệ sinh, bảo trì trong quá trình sử dụng lâu dài

PHÙ HỢP KHÔNG GIAN
• Phù hợp bố trí trong không gian phòng làm việc, mang lại sự tiện nghi và thẩm mỹ cho tổng thể không gian.",instock,1
HCTG007,Chan ban 120x70 sat tam giac quy 02 up5v d7,Nội thất văn phòng > Hệ Bàn > Hệ Tứ Giác Côn,6720000,,"/images/products/HCTG007-1.jpg, /images/products/HCTG007-2.jpg, /images/products/HCTG007-3.jpg, /images/products/HCTG007-4.jpg","Bàn thiết kế chắc chắn, tối ưu không gian sử dụng.","Chan ban 120x70 sat tam giac quy 02 up5v d7 là lựa chọn lý tưởng cho không gian làm việc và sinh hoạt hiện đại, kết hợp giữa tính thẩm mỹ và công năng sử dụng thực tế.

THÔNG SỐ KỸ THUẬT
• Chất liệu: Chất liệu cao cấp, chọn lọc kỹ càng đảm bảo độ bền và tính thẩm mỹ
• Mã sản phẩm: HCTG007
• Bảo hành: 12 tháng

CÔNG NĂNG NỔI BẬT
• Mặt bàn rộng rãi, đủ không gian đặt máy tính, tài liệu và vật dụng cá nhân
• Khung/chân bàn chắc chắn, chịu lực tốt, hạn chế rung lắc khi sử dụng
• Thiết kế tối giản, dễ phối hợp với nhiều phong cách nội thất khác nhau
• Dễ dàng lắp ráp và vệ sinh, bảo trì trong quá trình sử dụng lâu dài

PHÙ HỢP KHÔNG GIAN
• Phù hợp bố trí trong không gian nội thất văn phòng, mang lại sự tiện nghi và thẩm mỹ cho tổng thể không gian.",instock,1
MS68008,Ke man hinh van soi 02,Nội thất văn phòng > Phụ Kiện Bàn > Kệ Màn Hình,1570000,,"/images/products/MS68008-1.png, /images/products/MS68008-2.jpg, /images/products/MS68008-3.jpg","Phụ kiện tiện dụng, hỗ trợ không gian làm việc gọn gàng.","Ke man hinh van soi 02 là phụ kiện hỗ trợ đắc lực, giúp không gian làm việc/sinh hoạt gọn gàng và tiện dụng hơn.

THÔNG SỐ KỸ THUẬT
• Chất liệu: Chất liệu cao cấp, chọn lọc kỹ càng đảm bảo độ bền và tính thẩm mỹ
• Mã sản phẩm: MS68008
• Bảo hành: 12 tháng

CÔNG NĂNG NỔI BẬT
• Thiết kế nhỏ gọn, dễ dàng lắp đặt vào hệ bàn/ghế hiện có
• Chất liệu bền bỉ, chịu lực và chịu nhiệt tốt trong quá trình sử dụng
• Giúp không gian làm việc gọn gàng, khoa học hơn
• Tương thích với nhiều mẫu bàn/ghế khác nhau

PHÙ HỢP KHÔNG GIAN
• Phù hợp bố trí trong không gian nội thất văn phòng, mang lại sự tiện nghi và thẩm mỹ cho tổng thể không gian.",instock,1
HBMC014,Ban cum 2 120x120 mconcept chan sat lap rap (2),Nội thất văn phòng > Bàn Văn Phòng > Cụm bàn 2 người,12180000,,"/images/products/HBMC014-1.png, /images/products/HBMC014-2.png","Bàn thiết kế chắc chắn, tối ưu không gian sử dụng.","Ban cum 2 120x120 mconcept chan sat lap rap (2) là lựa chọn lý tưởng cho không gian làm việc và sinh hoạt hiện đại, kết hợp giữa tính thẩm mỹ và công năng sử dụng thực tế.

THÔNG SỐ KỸ THUẬT
• Chất liệu: Chất liệu cao cấp, chọn lọc kỹ càng đảm bảo độ bền và tính thẩm mỹ
• Mã sản phẩm: HBMC014
• Bảo hành: 12 tháng

CÔNG NĂNG NỔI BẬT
• Mặt bàn rộng rãi, đủ không gian đặt máy tính, tài liệu và vật dụng cá nhân
• Khung/chân bàn chắc chắn, chịu lực tốt, hạn chế rung lắc khi sử dụng
• Thiết kế tối giản, dễ phối hợp với nhiều phong cách nội thất khác nhau
• Dễ dàng lắp ráp và vệ sinh, bảo trì trong quá trình sử dụng lâu dài

PHÙ HỢP KHÔNG GIAN
• Phù hợp bố trí trong không gian nội thất văn phòng, mang lại sự tiện nghi và thẩm mỹ cho tổng thể không gian.",instock,1
JO813,Ghe ergonomic cong thai hoc GAK 09,Phòng Làm Việc > Ghế Công Thái Học,3930000,,"/images/products/JO813-1.jpg, /images/products/JO813-2.jpg, /images/products/JO813-3.jpg, /images/products/JO813-4.jpg, /images/products/JO813-5.jpg, /images/products/JO813-6.jpg","Ghế công thái học, êm ái và bền bỉ.","Ghe ergonomic cong thai hoc GAK 09 mang đến trải nghiệm ngồi thoải mái, hỗ trợ tư thế đúng chuẩn cho thời gian sử dụng dài mà không gây mỏi mệt.

THÔNG SỐ KỸ THUẬT
• Chất liệu: Chất liệu cao cấp, chọn lọc kỹ càng đảm bảo độ bền và tính thẩm mỹ
• Mã sản phẩm: JO813
• Bảo hành: 12 tháng

CÔNG NĂNG NỔI BẬT
• Thiết kế công thái học, nâng đỡ tốt cho vùng lưng và cổ
• Khung ghế chắc chắn, chịu tải trọng tốt, đảm bảo an toàn khi sử dụng
• Đệm ngồi êm ái, thoáng khí, phù hợp ngồi làm việc/sinh hoạt trong thời gian dài
• Kiểu dáng hiện đại, dễ dàng kết hợp với nhiều không gian nội thất

PHÙ HỢP KHÔNG GIAN
• Phù hợp bố trí trong không gian phòng làm việc, mang lại sự tiện nghi và thẩm mỹ cho tổng thể không gian.",instock,1
TCN68031,Tu di dong go 05a,Nội thất văn phòng > Kệ - Tủ Văn Phòng > Tủ Hồ Sơ Di Động,11490000,,"/images/products/TCN68031-1.jpg, /images/products/TCN68031-2.jpg, /images/products/TCN68031-3.jpg, /images/products/TCN68031-4.jpg, /images/products/TCN68031-5.jpg, /images/products/TCN68031-6.jpg","Tủ lưu trữ tiện lợi, thiết kế gọn gàng.","Tu di dong go 05a giúp tối ưu không gian lưu trữ, sắp xếp đồ đạc gọn gàng, khoa học mà vẫn đảm bảo tính thẩm mỹ cho căn phòng.

THÔNG SỐ KỸ THUẬT
• Chất liệu: Chất liệu cao cấp, chọn lọc kỹ càng đảm bảo độ bền và tính thẩm mỹ
• Mã sản phẩm: TCN68031
• Bảo hành: 12 tháng

CÔNG NĂNG NỔI BẬT
• Nhiều ngăn/kệ chia hợp lý, tối ưu diện tích lưu trữ
• Hệ thống bản lề, tay nắm chắc chắn, đóng mở êm ái
• Bề mặt hoàn thiện chống trầy xước, dễ lau chùi
• Thiết kế kín đáo, giúp không gian luôn gọn gàng ngăn nắp

PHÙ HỢP KHÔNG GIAN
• Phù hợp bố trí trong không gian nội thất văn phòng, mang lại sự tiện nghi và thẩm mỹ cho tổng thể không gian.",instock,1
HBAC034,Ban lam viec go plywood melamin chan sat aconcept (2),Phòng Làm Việc > Bàn Làm Việc,5030000,,"/images/products/HBAC034-1.jpg, /images/products/HBAC034-2.jpg, /images/products/HBAC034-3.png, /images/products/HBAC034-4.jpg","Bàn thiết kế chắc chắn, tối ưu không gian sử dụng.","Ban lam viec go plywood melamin chan sat aconcept (2) là lựa chọn lý tưởng cho không gian làm việc và sinh hoạt hiện đại, kết hợp giữa tính thẩm mỹ và công năng sử dụng thực tế.

THÔNG SỐ KỸ THUẬT
• Chất liệu: Chất liệu cao cấp, chọn lọc kỹ càng đảm bảo độ bền và tính thẩm mỹ
• Mã sản phẩm: HBAC034
• Bảo hành: 12 tháng

CÔNG NĂNG NỔI BẬT
• Mặt bàn rộng rãi, đủ không gian đặt máy tính, tài liệu và vật dụng cá nhân
• Khung/chân bàn chắc chắn, chịu lực tốt, hạn chế rung lắc khi sử dụng
• Thiết kế tối giản, dễ phối hợp với nhiều phong cách nội thất khác nhau
• Dễ dàng lắp ráp và vệ sinh, bảo trì trong quá trình sử dụng lâu dài

PHÙ HỢP KHÔNG GIAN
• Phù hợp bố trí trong không gian phòng làm việc, mang lại sự tiện nghi và thẩm mỹ cho tổng thể không gian.",instock,1
WH1000,Khay di day sat son tinh dien 123,Nội thất văn phòng > Phụ Kiện Bàn > Khay Đi Dây,1730000,,"/images/products/WH1000-1.jpg, /images/products/WH1000-2.jpg, /images/products/WH1000-3.jpg, /images/products/WH1000-4.jpg, /images/products/WH1000-5.jpg, /images/products/WH1000-6.jpg","Phụ kiện tiện dụng, hỗ trợ không gian làm việc gọn gàng.","Khay di day sat son tinh dien 123 là phụ kiện hỗ trợ đắc lực, giúp không gian làm việc/sinh hoạt gọn gàng và tiện dụng hơn.

THÔNG SỐ KỸ THUẬT
• Chất liệu: Bọc da cao cấp, êm ái và dễ vệ sinh
• Mã sản phẩm: WH1000
• Bảo hành: 12 tháng

CÔNG NĂNG NỔI BẬT
• Thiết kế nhỏ gọn, dễ dàng lắp đặt vào hệ bàn/ghế hiện có
• Chất liệu bền bỉ, chịu lực và chịu nhiệt tốt trong quá trình sử dụng
• Giúp không gian làm việc gọn gàng, khoa học hơn
• Tương thích với nhiều mẫu bàn/ghế khác nhau

PHÙ HỢP KHÔNG GIAN
• Phù hợp bố trí trong không gian nội thất văn phòng, mang lại sự tiện nghi và thẩm mỹ cho tổng thể không gian.",instock,1
HBTC036,Ban cum4 240x120cm go plywood chan trapeze 02,Nội thất văn phòng > Hệ Bàn > Hệ Trapeze,2970000,,"/images/products/HBTC036-1.jpg, /images/products/HBTC036-2.jpg, /images/products/HBTC036-3.jpg, /images/products/HBTC036-4.jpg, /images/products/HBTC036-5.jpg","Bàn thiết kế chắc chắn, tối ưu không gian sử dụng.","Ban cum4 240x120cm go plywood chan trapeze 02 là lựa chọn lý tưởng cho không gian làm việc và sinh hoạt hiện đại, kết hợp giữa tính thẩm mỹ và công năng sử dụng thực tế.

THÔNG SỐ KỸ THUẬT
• Chất liệu: Chất liệu cao cấp, chọn lọc kỹ càng đảm bảo độ bền và tính thẩm mỹ
• Kích thước: 240x120cm
• Mã sản phẩm: HBTC036
• Bảo hành: 12 tháng

CÔNG NĂNG NỔI BẬT
• Mặt bàn rộng rãi, đủ không gian đặt máy tính, tài liệu và vật dụng cá nhân
• Khung/chân bàn chắc chắn, chịu lực tốt, hạn chế rung lắc khi sử dụng
• Thiết kế tối giản, dễ phối hợp với nhiều phong cách nội thất khác nhau
• Dễ dàng lắp ráp và vệ sinh, bảo trì trong quá trình sử dụng lâu dài

PHÙ HỢP KHÔNG GIAN
• Phù hợp bố trí trong không gian nội thất văn phòng, mang lại sự tiện nghi và thẩm mỹ cho tổng thể không gian.",instock,1
ETL001,Chan ban dien son trang 01 d3g9 y4,Nội thất văn phòng > Phụ Kiện Bàn > Hộp Điện,350000,,"/images/products/ETL001-1.jpg, /images/products/ETL001-2.jpg, /images/products/ETL001-3.jpg, /images/products/ETL001-4.jpg, /images/products/ETL001-5.jpg, /images/products/ETL001-6.jpg","Phụ kiện tiện dụng, hỗ trợ không gian làm việc gọn gàng.","Chan ban dien son trang 01 d3g9 y4 là phụ kiện hỗ trợ đắc lực, giúp không gian làm việc/sinh hoạt gọn gàng và tiện dụng hơn.

THÔNG SỐ KỸ THUẬT
• Chất liệu: Chất liệu cao cấp, chọn lọc kỹ càng đảm bảo độ bền và tính thẩm mỹ
• Mã sản phẩm: ETL001
• Bảo hành: 12 tháng

CÔNG NĂNG NỔI BẬT
• Thiết kế nhỏ gọn, dễ dàng lắp đặt vào hệ bàn/ghế hiện có
• Chất liệu bền bỉ, chịu lực và chịu nhiệt tốt trong quá trình sử dụng
• Giúp không gian làm việc gọn gàng, khoa học hơn
• Tương thích với nhiều mẫu bàn/ghế khác nhau

PHÙ HỢP KHÔNG GIAN
• Phù hợp bố trí trong không gian nội thất văn phòng, mang lại sự tiện nghi và thẩm mỹ cho tổng thể không gian.",instock,1
FLD004,Ban lam viec nang ha chieu cao go plywood 02 ewib fq,Nội thất văn phòng > Hệ Chân Bàn > Chân bàn nâng hạ Flexi,1640000,,"/images/products/FLD004-1.jpg, /images/products/FLD004-2.jpg, /images/products/FLD004-3.jpg, /images/products/FLD004-4.jpg, /images/products/FLD004-5.jpg, /images/products/FLD004-6.jpg","Phụ kiện tiện dụng, hỗ trợ không gian làm việc gọn gàng.","Ban lam viec nang ha chieu cao go plywood 02 ewib fq là phụ kiện hỗ trợ đắc lực, giúp không gian làm việc/sinh hoạt gọn gàng và tiện dụng hơn.

THÔNG SỐ KỸ THUẬT
• Chất liệu: Chất liệu cao cấp, chọn lọc kỹ càng đảm bảo độ bền và tính thẩm mỹ
• Mã sản phẩm: FLD004
• Bảo hành: 12 tháng

CÔNG NĂNG NỔI BẬT
• Thiết kế nhỏ gọn, dễ dàng lắp đặt vào hệ bàn/ghế hiện có
• Chất liệu bền bỉ, chịu lực và chịu nhiệt tốt trong quá trình sử dụng
• Giúp không gian làm việc gọn gàng, khoa học hơn
• Tương thích với nhiều mẫu bàn/ghế khác nhau

PHÙ HỢP KHÔNG GIAN
• Phù hợp bố trí trong không gian nội thất văn phòng, mang lại sự tiện nghi và thẩm mỹ cho tổng thể không gian.",instock,1
HBTC033,Ban 160x80cm go plywood chan trapeze 01,Nội thất văn phòng > Hệ Bàn > Hệ Trapeze,5620000,,"/images/products/HBTC033-1.jpg, /images/products/HBTC033-2.jpg, /images/products/HBTC033-3.jpg, /images/products/HBTC033-4.jpg, /images/products/HBTC033-5.jpg","Bàn thiết kế chắc chắn, tối ưu không gian sử dụng.","Ban 160x80cm go plywood chan trapeze 01 là lựa chọn lý tưởng cho không gian làm việc và sinh hoạt hiện đại, kết hợp giữa tính thẩm mỹ và công năng sử dụng thực tế.

THÔNG SỐ KỸ THUẬT
• Chất liệu: Chất liệu cao cấp, chọn lọc kỹ càng đảm bảo độ bền và tính thẩm mỹ
• Kích thước: 160x80cm
• Mã sản phẩm: HBTC033
• Bảo hành: 12 tháng

CÔNG NĂNG NỔI BẬT
• Mặt bàn rộng rãi, đủ không gian đặt máy tính, tài liệu và vật dụng cá nhân
• Khung/chân bàn chắc chắn, chịu lực tốt, hạn chế rung lắc khi sử dụng
• Thiết kế tối giản, dễ phối hợp với nhiều phong cách nội thất khác nhau
• Dễ dàng lắp ráp và vệ sinh, bảo trì trong quá trình sử dụng lâu dài

PHÙ HỢP KHÔNG GIAN
• Phù hợp bố trí trong không gian nội thất văn phòng, mang lại sự tiện nghi và thẩm mỹ cho tổng thể không gian.",instock,1
HBTA010,Ban hop 120x240cm he trian chan sat tam giac (2),Nội thất văn phòng > Hệ Bàn > Hệ Trian,6660000,,/images/products/HBTA010-1.png,"Bàn thiết kế chắc chắn, tối ưu không gian sử dụng.","Ban hop 120x240cm he trian chan sat tam giac (2) là lựa chọn lý tưởng cho không gian làm việc và sinh hoạt hiện đại, kết hợp giữa tính thẩm mỹ và công năng sử dụng thực tế.

THÔNG SỐ KỸ THUẬT
• Chất liệu: Chất liệu cao cấp, chọn lọc kỹ càng đảm bảo độ bền và tính thẩm mỹ
• Kích thước: 120x240cm
• Mã sản phẩm: HBTA010
• Bảo hành: 12 tháng

CÔNG NĂNG NỔI BẬT
• Mặt bàn rộng rãi, đủ không gian đặt máy tính, tài liệu và vật dụng cá nhân
• Khung/chân bàn chắc chắn, chịu lực tốt, hạn chế rung lắc khi sử dụng
• Thiết kế tối giản, dễ phối hợp với nhiều phong cách nội thất khác nhau
• Dễ dàng lắp ráp và vệ sinh, bảo trì trong quá trình sử dụng lâu dài

PHÙ HỢP KHÔNG GIAN
• Phù hợp bố trí trong không gian nội thất văn phòng, mang lại sự tiện nghi và thẩm mỹ cho tổng thể không gian.",instock,1
BGD68055,Ban giam doc 03,Nội thất văn phòng > Bàn Văn Phòng > Bàn Giám Đốc,3140000,,/images/products/BGD68055-1.jpg,"Bàn thiết kế chắc chắn, tối ưu không gian sử dụng.","Ban giam doc 03 là lựa chọn lý tưởng cho không gian làm việc và sinh hoạt hiện đại, kết hợp giữa tính thẩm mỹ và công năng sử dụng thực tế.

THÔNG SỐ KỸ THUẬT
• Chất liệu: Chất liệu cao cấp, chọn lọc kỹ càng đảm bảo độ bền và tính thẩm mỹ
• Mã sản phẩm: BGD68055
• Bảo hành: 12 tháng

CÔNG NĂNG NỔI BẬT
• Mặt bàn rộng rãi, đủ không gian đặt máy tính, tài liệu và vật dụng cá nhân
• Khung/chân bàn chắc chắn, chịu lực tốt, hạn chế rung lắc khi sử dụng
• Thiết kế tối giản, dễ phối hợp với nhiều phong cách nội thất khác nhau
• Dễ dàng lắp ráp và vệ sinh, bảo trì trong quá trình sử dụng lâu dài

PHÙ HỢP KHÔNG GIAN
• Phù hợp bố trí trong không gian nội thất văn phòng, mang lại sự tiện nghi và thẩm mỹ cho tổng thể không gian.",instock,1
HBTG021,Ban cum 6 360x120cm chan sat tam giac quy 01 z5n4 2q,Nội thất văn phòng > Bàn Văn Phòng > Cụm bàn 2 người,5710000,,"/images/products/HBTG021-1.jpg, /images/products/HBTG021-2.jpg, /images/products/HBTG021-3.jpg, /images/products/HBTG021-4.jpg, /images/products/HBTG021-5.jpg, /images/products/HBTG021-6.jpg","Bàn thiết kế chắc chắn, tối ưu không gian sử dụng.","Ban cum 6 360x120cm chan sat tam giac quy 01 z5n4 2q là lựa chọn lý tưởng cho không gian làm việc và sinh hoạt hiện đại, kết hợp giữa tính thẩm mỹ và công năng sử dụng thực tế.

THÔNG SỐ KỸ THUẬT
• Chất liệu: Chất liệu cao cấp, chọn lọc kỹ càng đảm bảo độ bền và tính thẩm mỹ
• Kích thước: 360x120cm
• Mã sản phẩm: HBTG021
• Bảo hành: 12 tháng

CÔNG NĂNG NỔI BẬT
• Mặt bàn rộng rãi, đủ không gian đặt máy tính, tài liệu và vật dụng cá nhân
• Khung/chân bàn chắc chắn, chịu lực tốt, hạn chế rung lắc khi sử dụng
• Thiết kế tối giản, dễ phối hợp với nhiều phong cách nội thất khác nhau
• Dễ dàng lắp ráp và vệ sinh, bảo trì trong quá trình sử dụng lâu dài

PHÙ HỢP KHÔNG GIAN
• Phù hợp bố trí trong không gian nội thất văn phòng, mang lại sự tiện nghi và thẩm mỹ cho tổng thể không gian.",instock,1
HBTG011,Ban 160x80cm go cao su chan tam giac quy 02,Nội thất văn phòng > Hệ Bàn > Hệ Tứ Giác Côn,3490000,,"/images/products/HBTG011-1.jpg, /images/products/HBTG011-2.jpg, /images/products/HBTG011-3.jpg, /images/products/HBTG011-4.jpg","Bàn thiết kế chắc chắn, tối ưu không gian sử dụng.","Ban 160x80cm go cao su chan tam giac quy 02 là lựa chọn lý tưởng cho không gian làm việc và sinh hoạt hiện đại, kết hợp giữa tính thẩm mỹ và công năng sử dụng thực tế.

THÔNG SỐ KỸ THUẬT
• Chất liệu: Chất liệu cao cấp, chọn lọc kỹ càng đảm bảo độ bền và tính thẩm mỹ
• Kích thước: 160x80cm
• Mã sản phẩm: HBTG011
• Bảo hành: 12 tháng

CÔNG NĂNG NỔI BẬT
• Mặt bàn rộng rãi, đủ không gian đặt máy tính, tài liệu và vật dụng cá nhân
• Khung/chân bàn chắc chắn, chịu lực tốt, hạn chế rung lắc khi sử dụng
• Thiết kế tối giản, dễ phối hợp với nhiều phong cách nội thất khác nhau
• Dễ dàng lắp ráp và vệ sinh, bảo trì trong quá trình sử dụng lâu dài

PHÙ HỢP KHÔNG GIAN
• Phù hợp bố trí trong không gian nội thất văn phòng, mang lại sự tiện nghi và thẩm mỹ cho tổng thể không gian.",instock,1
HBMN019,Ban cum 2 kwt hop ke 08,Nội thất văn phòng > Bàn Văn Phòng > Cụm bàn 2 người,8180000,,"/images/products/HBMN019-1.jpg, /images/products/HBMN019-2.jpg, /images/products/HBMN019-3.jpg, /images/products/HBMN019-4.jpg, /images/products/HBMN019-5.jpg, /images/products/HBMN019-6.jpg","Bàn thiết kế chắc chắn, tối ưu không gian sử dụng.","Ban cum 2 kwt hop ke 08 là lựa chọn lý tưởng cho không gian làm việc và sinh hoạt hiện đại, kết hợp giữa tính thẩm mỹ và công năng sử dụng thực tế.

THÔNG SỐ KỸ THUẬT
• Chất liệu: Chất liệu cao cấp, chọn lọc kỹ càng đảm bảo độ bền và tính thẩm mỹ
• Mã sản phẩm: HBMN019
• Bảo hành: 12 tháng

CÔNG NĂNG NỔI BẬT
• Mặt bàn rộng rãi, đủ không gian đặt máy tính, tài liệu và vật dụng cá nhân
• Khung/chân bàn chắc chắn, chịu lực tốt, hạn chế rung lắc khi sử dụng
• Thiết kế tối giản, dễ phối hợp với nhiều phong cách nội thất khác nhau
• Dễ dàng lắp ráp và vệ sinh, bảo trì trong quá trình sử dụng lâu dài

PHÙ HỢP KHÔNG GIAN
• Phù hợp bố trí trong không gian nội thất văn phòng, mang lại sự tiện nghi và thẩm mỹ cho tổng thể không gian.",instock,1
HBAC044,Ban lam viec chu l go plywood melamin chan sat aconcept (5),Phòng Làm Việc > Bàn Làm Việc,6460000,,"/images/products/HBAC044-1.jpg, /images/products/HBAC044-2.jpg, /images/products/HBAC044-3.jpg, /images/products/HBAC044-4.jpg, /images/products/HBAC044-5.png, /images/products/HBAC044-6.png","Bàn thiết kế chắc chắn, tối ưu không gian sử dụng.","Ban lam viec chu l go plywood melamin chan sat aconcept (5) là lựa chọn lý tưởng cho không gian làm việc và sinh hoạt hiện đại, kết hợp giữa tính thẩm mỹ và công năng sử dụng thực tế.

THÔNG SỐ KỸ THUẬT
• Chất liệu: Chất liệu cao cấp, chọn lọc kỹ càng đảm bảo độ bền và tính thẩm mỹ
• Mã sản phẩm: HBAC044
• Bảo hành: 12 tháng

CÔNG NĂNG NỔI BẬT
• Mặt bàn rộng rãi, đủ không gian đặt máy tính, tài liệu và vật dụng cá nhân
• Khung/chân bàn chắc chắn, chịu lực tốt, hạn chế rung lắc khi sử dụng
• Thiết kế tối giản, dễ phối hợp với nhiều phong cách nội thất khác nhau
• Dễ dàng lắp ráp và vệ sinh, bảo trì trong quá trình sử dụng lâu dài

PHÙ HỢP KHÔNG GIAN
• Phù hợp bố trí trong không gian phòng làm việc, mang lại sự tiện nghi và thẩm mỹ cho tổng thể không gian.",instock,1
MS68012,Ke man hinh go plywood 4,Nội thất văn phòng > Phụ Kiện Bàn > Kệ Màn Hình,1200000,,"/images/products/MS68012-1.jpg, /images/products/MS68012-2.jpg, /images/products/MS68012-3.jpg, /images/products/MS68012-4.jpg, /images/products/MS68012-5.jpg, /images/products/MS68012-6.jpg","Phụ kiện tiện dụng, hỗ trợ không gian làm việc gọn gàng.","Ke man hinh go plywood 4 là phụ kiện hỗ trợ đắc lực, giúp không gian làm việc/sinh hoạt gọn gàng và tiện dụng hơn.

THÔNG SỐ KỸ THUẬT
• Chất liệu: Chất liệu cao cấp, chọn lọc kỹ càng đảm bảo độ bền và tính thẩm mỹ
• Mã sản phẩm: MS68012
• Bảo hành: 12 tháng

CÔNG NĂNG NỔI BẬT
• Thiết kế nhỏ gọn, dễ dàng lắp đặt vào hệ bàn/ghế hiện có
• Chất liệu bền bỉ, chịu lực và chịu nhiệt tốt trong quá trình sử dụng
• Giúp không gian làm việc gọn gàng, khoa học hơn
• Tương thích với nhiều mẫu bàn/ghế khác nhau

PHÙ HỢP KHÔNG GIAN
• Phù hợp bố trí trong không gian nội thất văn phòng, mang lại sự tiện nghi và thẩm mỹ cho tổng thể không gian.",instock,1
HBAC048,Ban hop go plywood phu melamin chan sat aconcept (2),Nội thất văn phòng > Phụ Kiện Bàn > Hộp Điện,1580000,,"/images/products/HBAC048-1.jpg, /images/products/HBAC048-2.jpg, /images/products/HBAC048-3.png, /images/products/HBAC048-4.png, /images/products/HBAC048-5.jpg, /images/products/HBAC048-6.jpg","Phụ kiện tiện dụng, hỗ trợ không gian làm việc gọn gàng.","Ban hop go plywood phu melamin chan sat aconcept (2) là phụ kiện hỗ trợ đắc lực, giúp không gian làm việc/sinh hoạt gọn gàng và tiện dụng hơn.

THÔNG SỐ KỸ THUẬT
• Chất liệu: Chất liệu cao cấp, chọn lọc kỹ càng đảm bảo độ bền và tính thẩm mỹ
• Mã sản phẩm: HBAC048
• Bảo hành: 12 tháng

CÔNG NĂNG NỔI BẬT
• Thiết kế nhỏ gọn, dễ dàng lắp đặt vào hệ bàn/ghế hiện có
• Chất liệu bền bỉ, chịu lực và chịu nhiệt tốt trong quá trình sử dụng
• Giúp không gian làm việc gọn gàng, khoa học hơn
• Tương thích với nhiều mẫu bàn/ghế khác nhau

PHÙ HỢP KHÔNG GIAN
• Phù hợp bố trí trong không gian nội thất văn phòng, mang lại sự tiện nghi và thẩm mỹ cho tổng thể không gian.",instock,1
HBTG005,Ban lam viec go cao su chan sat tam gia he trian ii (2),Nội thất văn phòng > Hệ Chân Bàn > Chân sắt hệ Trian II,1020000,,"/images/products/HBTG005-1.jpg, /images/products/HBTG005-2.jpg, /images/products/HBTG005-3.jpg, /images/products/HBTG005-4.png, /images/products/HBTG005-5.jpg, /images/products/HBTG005-6.jpg","Phụ kiện tiện dụng, hỗ trợ không gian làm việc gọn gàng.","Ban lam viec go cao su chan sat tam gia he trian ii (2) là phụ kiện hỗ trợ đắc lực, giúp không gian làm việc/sinh hoạt gọn gàng và tiện dụng hơn.

THÔNG SỐ KỸ THUẬT
• Chất liệu: Chất liệu cao cấp, chọn lọc kỹ càng đảm bảo độ bền và tính thẩm mỹ
• Mã sản phẩm: HBTG005
• Bảo hành: 12 tháng

CÔNG NĂNG NỔI BẬT
• Thiết kế nhỏ gọn, dễ dàng lắp đặt vào hệ bàn/ghế hiện có
• Chất liệu bền bỉ, chịu lực và chịu nhiệt tốt trong quá trình sử dụng
• Giúp không gian làm việc gọn gàng, khoa học hơn
• Tương thích với nhiều mẫu bàn/ghế khác nhau

PHÙ HỢP KHÔNG GIAN
• Phù hợp bố trí trong không gian nội thất văn phòng, mang lại sự tiện nghi và thẩm mỹ cho tổng thể không gian.",instock,1
HBTC031,Ban lam viec go plywood phu melamin chan sat trapeze (2),Phụ Kiện > Phụ Kiện Bàn Làm Việc,590000,,"/images/products/HBTC031-1.jpg, /images/products/HBTC031-2.jpg, /images/products/HBTC031-3.jpg, /images/products/HBTC031-4.png, /images/products/HBTC031-5.jpg, /images/products/HBTC031-6.jpg","Phụ kiện tiện dụng, hỗ trợ không gian làm việc gọn gàng.","Ban lam viec go plywood phu melamin chan sat trapeze (2) là phụ kiện hỗ trợ đắc lực, giúp không gian làm việc/sinh hoạt gọn gàng và tiện dụng hơn.

THÔNG SỐ KỸ THUẬT
• Chất liệu: Chất liệu cao cấp, chọn lọc kỹ càng đảm bảo độ bền và tính thẩm mỹ
• Mã sản phẩm: HBTC031
• Bảo hành: 12 tháng

CÔNG NĂNG NỔI BẬT
• Thiết kế nhỏ gọn, dễ dàng lắp đặt vào hệ bàn/ghế hiện có
• Chất liệu bền bỉ, chịu lực và chịu nhiệt tốt trong quá trình sử dụng
• Giúp không gian làm việc gọn gàng, khoa học hơn
• Tương thích với nhiều mẫu bàn/ghế khác nhau

PHÙ HỢP KHÔNG GIAN
• Phù hợp sử dụng kèm nhiều mẫu bàn/ghế văn phòng, gia đình khác nhau, mang lại sự tiện nghi và thẩm mỹ cho tổng thể không gian.",instock,1
KTB68072,Ke trang tri 04 znzz gl,Trường Học > Tủ Kệ Trường Học > Kệ Trang Trí,8010000,,/images/products/KTB68072-1.jpg,"Kệ đa năng, tối ưu không gian trưng bày và lưu trữ.","Ke trang tri 04 znzz gl là giải pháp lưu trữ và trang trí linh hoạt, giúp không gian sống trở nên ngăn nắp và cuốn hút hơn.

THÔNG SỐ KỸ THUẬT
• Chất liệu: Chất liệu cao cấp, chọn lọc kỹ càng đảm bảo độ bền và tính thẩm mỹ
• Mã sản phẩm: KTB68072
• Bảo hành: 12 tháng

CÔNG NĂNG NỔI BẬT
• Kết cấu vững chắc, chịu tải trọng tốt cho nhiều loại đồ vật
• Thiết kế nhiều tầng linh hoạt, tối ưu không gian lưu trữ và trưng bày
• Kiểu dáng hiện đại, vừa lưu trữ vừa trang trí cho không gian
• Dễ dàng lắp đặt, di chuyển và vệ sinh

PHÙ HỢP KHÔNG GIAN
• Phù hợp bố trí trong không gian trường học, mang lại sự tiện nghi và thẩm mỹ cho tổng thể không gian.",instock,1
BLT68018,Ban le tan go cao su 05,Nội thất văn phòng > Bàn Văn Phòng > Quầy Lễ Tân,7760000,,"/images/products/BLT68018-1.jpg, /images/products/BLT68018-2.jpg, /images/products/BLT68018-3.jpg, /images/products/BLT68018-4.jpg, /images/products/BLT68018-5.jpg, /images/products/BLT68018-6.jpg","Bàn thiết kế chắc chắn, tối ưu không gian sử dụng.","Ban le tan go cao su 05 là lựa chọn lý tưởng cho không gian làm việc và sinh hoạt hiện đại, kết hợp giữa tính thẩm mỹ và công năng sử dụng thực tế.

THÔNG SỐ KỸ THUẬT
• Chất liệu: Chất liệu cao cấp, chọn lọc kỹ càng đảm bảo độ bền và tính thẩm mỹ
• Mã sản phẩm: BLT68018
• Bảo hành: 12 tháng

CÔNG NĂNG NỔI BẬT
• Mặt bàn rộng rãi, đủ không gian đặt máy tính, tài liệu và vật dụng cá nhân
• Khung/chân bàn chắc chắn, chịu lực tốt, hạn chế rung lắc khi sử dụng
• Thiết kế tối giản, dễ phối hợp với nhiều phong cách nội thất khác nhau
• Dễ dàng lắp ráp và vệ sinh, bảo trì trong quá trình sử dụng lâu dài

PHÙ HỢP KHÔNG GIAN
• Phù hợp bố trí trong không gian nội thất văn phòng, mang lại sự tiện nghi và thẩm mỹ cho tổng thể không gian.",instock,1
GBC68032,Ghe chan xoay 07,Nội thất văn phòng > Ghế Văn Phòng > Ghế Giám Đốc,2660000,,"/images/products/GBC68032-1.jpg, /images/products/GBC68032-2.jpg, /images/products/GBC68032-3.jpg, /images/products/GBC68032-4.jpg, /images/products/GBC68032-5.jpg, /images/products/GBC68032-6.jpg","Ghế công thái học, êm ái và bền bỉ.","Ghe chan xoay 07 mang đến trải nghiệm ngồi thoải mái, hỗ trợ tư thế đúng chuẩn cho thời gian sử dụng dài mà không gây mỏi mệt.

THÔNG SỐ KỸ THUẬT
• Chất liệu: Chất liệu cao cấp, chọn lọc kỹ càng đảm bảo độ bền và tính thẩm mỹ
• Mã sản phẩm: GBC68032
• Bảo hành: 12 tháng

CÔNG NĂNG NỔI BẬT
• Thiết kế công thái học, nâng đỡ tốt cho vùng lưng và cổ
• Khung ghế chắc chắn, chịu tải trọng tốt, đảm bảo an toàn khi sử dụng
• Đệm ngồi êm ái, thoáng khí, phù hợp ngồi làm việc/sinh hoạt trong thời gian dài
• Kiểu dáng hiện đại, dễ dàng kết hợp với nhiều không gian nội thất

PHÙ HỢP KHÔNG GIAN
• Phù hợp bố trí trong không gian nội thất văn phòng, mang lại sự tiện nghi và thẩm mỹ cho tổng thể không gian.",instock,1
TCN68032,Tu di dong 04,Nội thất văn phòng > Kệ - Tủ Văn Phòng > Tủ Hồ Sơ Di Động,13040000,,"/images/products/TCN68032-1.jpg, /images/products/TCN68032-2.jpg","Tủ lưu trữ tiện lợi, thiết kế gọn gàng.","Tu di dong 04 giúp tối ưu không gian lưu trữ, sắp xếp đồ đạc gọn gàng, khoa học mà vẫn đảm bảo tính thẩm mỹ cho căn phòng.

THÔNG SỐ KỸ THUẬT
• Chất liệu: Chất liệu cao cấp, chọn lọc kỹ càng đảm bảo độ bền và tính thẩm mỹ
• Mã sản phẩm: TCN68032
• Bảo hành: 12 tháng

CÔNG NĂNG NỔI BẬT
• Nhiều ngăn/kệ chia hợp lý, tối ưu diện tích lưu trữ
• Hệ thống bản lề, tay nắm chắc chắn, đóng mở êm ái
• Bề mặt hoàn thiện chống trầy xước, dễ lau chùi
• Thiết kế kín đáo, giúp không gian luôn gọn gàng ngăn nắp

PHÙ HỢP KHÔNG GIAN
• Phù hợp bố trí trong không gian nội thất văn phòng, mang lại sự tiện nghi và thẩm mỹ cho tổng thể không gian.",instock,1
HBAC030,Ban lam viec go plywood van soi he aconcept 07,Nội thất văn phòng > Hệ Bàn > Hệ AConcept,6280000,,"/images/products/HBAC030-1.jpg, /images/products/HBAC030-2.jpg, /images/products/HBAC030-3.jpg, /images/products/HBAC030-4.jpg, /images/products/HBAC030-5.jpg","Bàn thiết kế chắc chắn, tối ưu không gian sử dụng.","Ban lam viec go plywood van soi he aconcept 07 là lựa chọn lý tưởng cho không gian làm việc và sinh hoạt hiện đại, kết hợp giữa tính thẩm mỹ và công năng sử dụng thực tế.

THÔNG SỐ KỸ THUẬT
• Chất liệu: Chất liệu cao cấp, chọn lọc kỹ càng đảm bảo độ bền và tính thẩm mỹ
• Mã sản phẩm: HBAC030
• Bảo hành: 12 tháng

CÔNG NĂNG NỔI BẬT
• Mặt bàn rộng rãi, đủ không gian đặt máy tính, tài liệu và vật dụng cá nhân
• Khung/chân bàn chắc chắn, chịu lực tốt, hạn chế rung lắc khi sử dụng
• Thiết kế tối giản, dễ phối hợp với nhiều phong cách nội thất khác nhau
• Dễ dàng lắp ráp và vệ sinh, bảo trì trong quá trình sử dụng lâu dài

PHÙ HỢP KHÔNG GIAN
• Phù hợp bố trí trong không gian nội thất văn phòng, mang lại sự tiện nghi và thẩm mỹ cho tổng thể không gian.",instock,1
HBAT004,Ban lam viec 120x70 aton concept chan sat lap rap (2),Phòng Làm Việc > Bàn Làm Việc,13570000,,"/images/products/HBAT004-1.png, /images/products/HBAT004-2.png","Bàn thiết kế chắc chắn, tối ưu không gian sử dụng.","Ban lam viec 120x70 aton concept chan sat lap rap (2) là lựa chọn lý tưởng cho không gian làm việc và sinh hoạt hiện đại, kết hợp giữa tính thẩm mỹ và công năng sử dụng thực tế.

THÔNG SỐ KỸ THUẬT
• Chất liệu: Chất liệu cao cấp, chọn lọc kỹ càng đảm bảo độ bền và tính thẩm mỹ
• Mã sản phẩm: HBAT004
• Bảo hành: 12 tháng

CÔNG NĂNG NỔI BẬT
• Mặt bàn rộng rãi, đủ không gian đặt máy tính, tài liệu và vật dụng cá nhân
• Khung/chân bàn chắc chắn, chịu lực tốt, hạn chế rung lắc khi sử dụng
• Thiết kế tối giản, dễ phối hợp với nhiều phong cách nội thất khác nhau
• Dễ dàng lắp ráp và vệ sinh, bảo trì trong quá trình sử dụng lâu dài

PHÙ HỢP KHÔNG GIAN
• Phù hợp bố trí trong không gian phòng làm việc, mang lại sự tiện nghi và thẩm mỹ cho tổng thể không gian.",instock,1
KTV68071,Ke tivi go cao su 03,Phòng Khách > Kệ Tivi,13270000,,/images/products/KTV68071-1.jpg,"Kệ đa năng, tối ưu không gian trưng bày và lưu trữ.","Ke tivi go cao su 03 là giải pháp lưu trữ và trang trí linh hoạt, giúp không gian sống trở nên ngăn nắp và cuốn hút hơn.

THÔNG SỐ KỸ THUẬT
• Chất liệu: Chất liệu cao cấp, chọn lọc kỹ càng đảm bảo độ bền và tính thẩm mỹ
• Mã sản phẩm: KTV68071
• Bảo hành: 12 tháng

CÔNG NĂNG NỔI BẬT
• Kết cấu vững chắc, chịu tải trọng tốt cho nhiều loại đồ vật
• Thiết kế nhiều tầng linh hoạt, tối ưu không gian lưu trữ và trưng bày
• Kiểu dáng hiện đại, vừa lưu trữ vừa trang trí cho không gian
• Dễ dàng lắp đặt, di chuyển và vệ sinh

PHÙ HỢP KHÔNG GIAN
• Phù hợp bố trí trong không gian phòng khách, mang lại sự tiện nghi và thẩm mỹ cho tổng thể không gian.",instock,1
HBW028,Ban 140x60cm go tram chan ong nuoc he wooden 03,Nội thất văn phòng > Hệ Bàn > Hệ Wooden,12670000,,"/images/products/HBW028-1.jpg, /images/products/HBW028-2.jpg, /images/products/HBW028-3.jpg, /images/products/HBW028-4.jpg, /images/products/HBW028-5.jpg, /images/products/HBW028-6.jpg","Bàn thiết kế chắc chắn, tối ưu không gian sử dụng.","Ban 140x60cm go tram chan ong nuoc he wooden 03 là lựa chọn lý tưởng cho không gian làm việc và sinh hoạt hiện đại, kết hợp giữa tính thẩm mỹ và công năng sử dụng thực tế.

THÔNG SỐ KỸ THUẬT
• Chất liệu: Chất liệu cao cấp, chọn lọc kỹ càng đảm bảo độ bền và tính thẩm mỹ
• Kích thước: 140x60cm
• Mã sản phẩm: HBW028
• Bảo hành: 12 tháng

CÔNG NĂNG NỔI BẬT
• Mặt bàn rộng rãi, đủ không gian đặt máy tính, tài liệu và vật dụng cá nhân
• Khung/chân bàn chắc chắn, chịu lực tốt, hạn chế rung lắc khi sử dụng
• Thiết kế tối giản, dễ phối hợp với nhiều phong cách nội thất khác nhau
• Dễ dàng lắp ráp và vệ sinh, bảo trì trong quá trình sử dụng lâu dài

PHÙ HỢP KHÔNG GIAN
• Phù hợp bố trí trong không gian nội thất văn phòng, mang lại sự tiện nghi và thẩm mỹ cho tổng thể không gian.",instock,1
HOM1092,Ghe xep 02 r03 6dhx 8w,Nội thất văn phòng > Ghế Văn Phòng > Ghế Giám Đốc,1500000,,"/images/products/HOM1092-1.jpg, /images/products/HOM1092-2.jpg, /images/products/HOM1092-3.jpg, /images/products/HOM1092-4.jpg, /images/products/HOM1092-5.jpg, /images/products/HOM1092-6.jpg","Ghế công thái học, êm ái và bền bỉ.","Ghe xep 02 r03 6dhx 8w mang đến trải nghiệm ngồi thoải mái, hỗ trợ tư thế đúng chuẩn cho thời gian sử dụng dài mà không gây mỏi mệt.

THÔNG SỐ KỸ THUẬT
• Chất liệu: Chất liệu cao cấp, chọn lọc kỹ càng đảm bảo độ bền và tính thẩm mỹ
• Mã sản phẩm: HOM1092
• Bảo hành: 12 tháng

CÔNG NĂNG NỔI BẬT
• Thiết kế công thái học, nâng đỡ tốt cho vùng lưng và cổ
• Khung ghế chắc chắn, chịu tải trọng tốt, đảm bảo an toàn khi sử dụng
• Đệm ngồi êm ái, thoáng khí, phù hợp ngồi làm việc/sinh hoạt trong thời gian dài
• Kiểu dáng hiện đại, dễ dàng kết hợp với nhiều không gian nội thất

PHÙ HỢP KHÔNG GIAN
• Phù hợp bố trí trong không gian nội thất văn phòng, mang lại sự tiện nghi và thẩm mỹ cho tổng thể không gian.",instock,1
HBOV035,Ban 140x70cm go plywood chan sat oval 01,Nội thất văn phòng > Hệ Bàn > Hệ Oval,12020000,,"/images/products/HBOV035-1.jpg, /images/products/HBOV035-2.jpg, /images/products/HBOV035-3.jpg, /images/products/HBOV035-4.jpg, /images/products/HBOV035-5.jpg, /images/products/HBOV035-6.jpg","Bàn thiết kế chắc chắn, tối ưu không gian sử dụng.","Ban 140x70cm go plywood chan sat oval 01 là lựa chọn lý tưởng cho không gian làm việc và sinh hoạt hiện đại, kết hợp giữa tính thẩm mỹ và công năng sử dụng thực tế.

THÔNG SỐ KỸ THUẬT
• Chất liệu: Chất liệu cao cấp, chọn lọc kỹ càng đảm bảo độ bền và tính thẩm mỹ
• Kích thước: 140x70cm
• Mã sản phẩm: HBOV035
• Bảo hành: 12 tháng

CÔNG NĂNG NỔI BẬT
• Mặt bàn rộng rãi, đủ không gian đặt máy tính, tài liệu và vật dụng cá nhân
• Khung/chân bàn chắc chắn, chịu lực tốt, hạn chế rung lắc khi sử dụng
• Thiết kế tối giản, dễ phối hợp với nhiều phong cách nội thất khác nhau
• Dễ dàng lắp ráp và vệ sinh, bảo trì trong quá trình sử dụng lâu dài

PHÙ HỢP KHÔNG GIAN
• Phù hợp bố trí trong không gian nội thất văn phòng, mang lại sự tiện nghi và thẩm mỹ cho tổng thể không gian.",instock,1
BNV68065,Ban cum 6 cho 120x360cm go cao su chan concept v lap rap,Nội thất văn phòng > Bàn Văn Phòng > Cụm bàn 2 người,12450000,,"/images/products/BNV68065-1.jpg, /images/products/BNV68065-2.jpg, /images/products/BNV68065-3.png, /images/products/BNV68065-4.png, /images/products/BNV68065-5.png, /images/products/BNV68065-6.jpg","Bàn thiết kế chắc chắn, tối ưu không gian sử dụng.","Ban cum 6 cho 120x360cm go cao su chan concept v lap rap là lựa chọn lý tưởng cho không gian làm việc và sinh hoạt hiện đại, kết hợp giữa tính thẩm mỹ và công năng sử dụng thực tế.

THÔNG SỐ KỸ THUẬT
• Chất liệu: Chất liệu cao cấp, chọn lọc kỹ càng đảm bảo độ bền và tính thẩm mỹ
• Kích thước: 120x360cm
• Mã sản phẩm: BNV68065
• Bảo hành: 12 tháng

CÔNG NĂNG NỔI BẬT
• Mặt bàn rộng rãi, đủ không gian đặt máy tính, tài liệu và vật dụng cá nhân
• Khung/chân bàn chắc chắn, chịu lực tốt, hạn chế rung lắc khi sử dụng
• Thiết kế tối giản, dễ phối hợp với nhiều phong cách nội thất khác nhau
• Dễ dàng lắp ráp và vệ sinh, bảo trì trong quá trình sử dụng lâu dài

PHÙ HỢP KHÔNG GIAN
• Phù hợp bố trí trong không gian nội thất văn phòng, mang lại sự tiện nghi và thẩm mỹ cho tổng thể không gian.",instock,1
SD68001,Ban studio go cao su kich thuoc,Nội thất văn phòng > Bàn Văn Phòng > Bàn Giám Đốc,4670000,,/images/products/SD68001-1.jpg,"Bàn thiết kế chắc chắn, tối ưu không gian sử dụng.","Ban studio go cao su kich thuoc là lựa chọn lý tưởng cho không gian làm việc và sinh hoạt hiện đại, kết hợp giữa tính thẩm mỹ và công năng sử dụng thực tế.

THÔNG SỐ KỸ THUẬT
• Chất liệu: Chất liệu cao cấp, chọn lọc kỹ càng đảm bảo độ bền và tính thẩm mỹ
• Mã sản phẩm: SD68001
• Bảo hành: 12 tháng

CÔNG NĂNG NỔI BẬT
• Mặt bàn rộng rãi, đủ không gian đặt máy tính, tài liệu và vật dụng cá nhân
• Khung/chân bàn chắc chắn, chịu lực tốt, hạn chế rung lắc khi sử dụng
• Thiết kế tối giản, dễ phối hợp với nhiều phong cách nội thất khác nhau
• Dễ dàng lắp ráp và vệ sinh, bảo trì trong quá trình sử dụng lâu dài

PHÙ HỢP KHÔNG GIAN
• Phù hợp bố trí trong không gian nội thất văn phòng, mang lại sự tiện nghi và thẩm mỹ cho tổng thể không gian.",instock,1
THS68015,Tu ho so 120cm cua kinh go cao su 2,Nội thất văn phòng > Kệ - Tủ Văn Phòng > Tủ Hồ Sơ Đứng,10760000,,"/images/products/THS68015-1.jpg, /images/products/THS68015-2.jpg, /images/products/THS68015-3.jpg, /images/products/THS68015-4.jpg","Tủ lưu trữ tiện lợi, thiết kế gọn gàng.","Tu ho so 120cm cua kinh go cao su 2 giúp tối ưu không gian lưu trữ, sắp xếp đồ đạc gọn gàng, khoa học mà vẫn đảm bảo tính thẩm mỹ cho căn phòng.

THÔNG SỐ KỸ THUẬT
• Chất liệu: Chất liệu cao cấp, chọn lọc kỹ càng đảm bảo độ bền và tính thẩm mỹ
• Mã sản phẩm: THS68015
• Bảo hành: 12 tháng

CÔNG NĂNG NỔI BẬT
• Nhiều ngăn/kệ chia hợp lý, tối ưu diện tích lưu trữ
• Hệ thống bản lề, tay nắm chắc chắn, đóng mở êm ái
• Bề mặt hoàn thiện chống trầy xước, dễ lau chùi
• Thiết kế kín đáo, giúp không gian luôn gọn gàng ngăn nắp

PHÙ HỢP KHÔNG GIAN
• Phù hợp bố trí trong không gian nội thất văn phòng, mang lại sự tiện nghi và thẩm mỹ cho tổng thể không gian.",instock,1
HBXC040,Ban chuL 140x150cm go plywood chan xconcept 04,Nội thất văn phòng > Hệ Bàn > Hệ XConcept,5910000,,"/images/products/HBXC040-1.jpg, /images/products/HBXC040-2.jpg, /images/products/HBXC040-3.jpg, /images/products/HBXC040-4.jpg","Bàn thiết kế chắc chắn, tối ưu không gian sử dụng.","Ban chuL 140x150cm go plywood chan xconcept 04 là lựa chọn lý tưởng cho không gian làm việc và sinh hoạt hiện đại, kết hợp giữa tính thẩm mỹ và công năng sử dụng thực tế.

THÔNG SỐ KỸ THUẬT
• Chất liệu: Chất liệu cao cấp, chọn lọc kỹ càng đảm bảo độ bền và tính thẩm mỹ
• Kích thước: 140x150cm
• Mã sản phẩm: HBXC040
• Bảo hành: 12 tháng

CÔNG NĂNG NỔI BẬT
• Mặt bàn rộng rãi, đủ không gian đặt máy tính, tài liệu và vật dụng cá nhân
• Khung/chân bàn chắc chắn, chịu lực tốt, hạn chế rung lắc khi sử dụng
• Thiết kế tối giản, dễ phối hợp với nhiều phong cách nội thất khác nhau
• Dễ dàng lắp ráp và vệ sinh, bảo trì trong quá trình sử dụng lâu dài

PHÙ HỢP KHÔNG GIAN
• Phù hợp bố trí trong không gian nội thất văn phòng, mang lại sự tiện nghi và thẩm mỹ cho tổng thể không gian.",instock,1
FLD013,Ban nang ha 3 khop mat go tram 07,Nội thất văn phòng > Hệ Chân Bàn > Chân bàn nâng hạ Flexi,590000,,"/images/products/FLD013-1.jpg, /images/products/FLD013-2.jpg, /images/products/FLD013-3.jpg, /images/products/FLD013-4.jpg, /images/products/FLD013-5.jpg, /images/products/FLD013-6.jpg","Phụ kiện tiện dụng, hỗ trợ không gian làm việc gọn gàng.","Ban nang ha 3 khop mat go tram 07 là phụ kiện hỗ trợ đắc lực, giúp không gian làm việc/sinh hoạt gọn gàng và tiện dụng hơn.

THÔNG SỐ KỸ THUẬT
• Chất liệu: Chất liệu cao cấp, chọn lọc kỹ càng đảm bảo độ bền và tính thẩm mỹ
• Mã sản phẩm: FLD013
• Bảo hành: 12 tháng

CÔNG NĂNG NỔI BẬT
• Thiết kế nhỏ gọn, dễ dàng lắp đặt vào hệ bàn/ghế hiện có
• Chất liệu bền bỉ, chịu lực và chịu nhiệt tốt trong quá trình sử dụng
• Giúp không gian làm việc gọn gàng, khoa học hơn
• Tương thích với nhiều mẫu bàn/ghế khác nhau

PHÙ HỢP KHÔNG GIAN
• Phù hợp bố trí trong không gian nội thất văn phòng, mang lại sự tiện nghi và thẩm mỹ cho tổng thể không gian.",instock,1
HBCN015,Ban cum 4 2,Nội thất văn phòng > Bàn Văn Phòng > Cụm bàn 2 người,9560000,,"/images/products/HBCN015-1.jpg, /images/products/HBCN015-2.jpg, /images/products/HBCN015-3.jpg, /images/products/HBCN015-4.jpg","Bàn thiết kế chắc chắn, tối ưu không gian sử dụng.","Ban cum 4 2 là lựa chọn lý tưởng cho không gian làm việc và sinh hoạt hiện đại, kết hợp giữa tính thẩm mỹ và công năng sử dụng thực tế.

THÔNG SỐ KỸ THUẬT
• Chất liệu: Chất liệu cao cấp, chọn lọc kỹ càng đảm bảo độ bền và tính thẩm mỹ
• Mã sản phẩm: HBCN015
• Bảo hành: 12 tháng

CÔNG NĂNG NỔI BẬT
• Mặt bàn rộng rãi, đủ không gian đặt máy tính, tài liệu và vật dụng cá nhân
• Khung/chân bàn chắc chắn, chịu lực tốt, hạn chế rung lắc khi sử dụng
• Thiết kế tối giản, dễ phối hợp với nhiều phong cách nội thất khác nhau
• Dễ dàng lắp ráp và vệ sinh, bảo trì trong quá trình sử dụng lâu dài

PHÙ HỢP KHÔNG GIAN
• Phù hợp bố trí trong không gian nội thất văn phòng, mang lại sự tiện nghi và thẩm mỹ cho tổng thể không gian.",instock,1
JC170,Ghe van phong chan quy MF C 07,Nội thất văn phòng > Ghế Văn Phòng > Ghế Giám Đốc,4080000,,"/images/products/JC170-1.jpg, /images/products/JC170-2.jpg, /images/products/JC170-3.jpg, /images/products/JC170-4.jpg, /images/products/JC170-5.jpg, /images/products/JC170-6.jpg","Ghế công thái học, êm ái và bền bỉ.","Ghe van phong chan quy MF C 07 mang đến trải nghiệm ngồi thoải mái, hỗ trợ tư thế đúng chuẩn cho thời gian sử dụng dài mà không gây mỏi mệt.

THÔNG SỐ KỸ THUẬT
• Chất liệu: Chất liệu cao cấp, chọn lọc kỹ càng đảm bảo độ bền và tính thẩm mỹ
• Mã sản phẩm: JC170
• Bảo hành: 12 tháng

CÔNG NĂNG NỔI BẬT
• Thiết kế công thái học, nâng đỡ tốt cho vùng lưng và cổ
• Khung ghế chắc chắn, chịu tải trọng tốt, đảm bảo an toàn khi sử dụng
• Đệm ngồi êm ái, thoáng khí, phù hợp ngồi làm việc/sinh hoạt trong thời gian dài
• Kiểu dáng hiện đại, dễ dàng kết hợp với nhiều không gian nội thất

PHÙ HỢP KHÔNG GIAN
• Phù hợp bố trí trong không gian nội thất văn phòng, mang lại sự tiện nghi và thẩm mỹ cho tổng thể không gian.",instock,1
BLT68012,Ban le tan go cao su 08,Nội thất văn phòng > Bàn Văn Phòng > Quầy Lễ Tân,6330000,,"/images/products/BLT68012-1.jpg, /images/products/BLT68012-2.jpg, /images/products/BLT68012-3.jpg, /images/products/BLT68012-4.jpg, /images/products/BLT68012-5.jpg, /images/products/BLT68012-6.jpg","Bàn thiết kế chắc chắn, tối ưu không gian sử dụng.","Ban le tan go cao su 08 là lựa chọn lý tưởng cho không gian làm việc và sinh hoạt hiện đại, kết hợp giữa tính thẩm mỹ và công năng sử dụng thực tế.

THÔNG SỐ KỸ THUẬT
• Chất liệu: Chất liệu cao cấp, chọn lọc kỹ càng đảm bảo độ bền và tính thẩm mỹ
• Mã sản phẩm: BLT68012
• Bảo hành: 12 tháng

CÔNG NĂNG NỔI BẬT
• Mặt bàn rộng rãi, đủ không gian đặt máy tính, tài liệu và vật dụng cá nhân
• Khung/chân bàn chắc chắn, chịu lực tốt, hạn chế rung lắc khi sử dụng
• Thiết kế tối giản, dễ phối hợp với nhiều phong cách nội thất khác nhau
• Dễ dàng lắp ráp và vệ sinh, bảo trì trong quá trình sử dụng lâu dài

PHÙ HỢP KHÔNG GIAN
• Phù hợp bố trí trong không gian nội thất văn phòng, mang lại sự tiện nghi và thẩm mỹ cho tổng thể không gian.",instock,1
HBON002,Ban lam viec 120x60 he pipe concept lap rap (2),Nội thất văn phòng > Hệ Bàn > Hệ Pipe,12540000,,"/images/products/HBON002-1.png, /images/products/HBON002-2.png","Bàn thiết kế chắc chắn, tối ưu không gian sử dụng.","Ban lam viec 120x60 he pipe concept lap rap (2) là lựa chọn lý tưởng cho không gian làm việc và sinh hoạt hiện đại, kết hợp giữa tính thẩm mỹ và công năng sử dụng thực tế.

THÔNG SỐ KỸ THUẬT
• Chất liệu: Chất liệu cao cấp, chọn lọc kỹ càng đảm bảo độ bền và tính thẩm mỹ
• Mã sản phẩm: HBON002
• Bảo hành: 12 tháng

CÔNG NĂNG NỔI BẬT
• Mặt bàn rộng rãi, đủ không gian đặt máy tính, tài liệu và vật dụng cá nhân
• Khung/chân bàn chắc chắn, chịu lực tốt, hạn chế rung lắc khi sử dụng
• Thiết kế tối giản, dễ phối hợp với nhiều phong cách nội thất khác nhau
• Dễ dàng lắp ráp và vệ sinh, bảo trì trong quá trình sử dụng lâu dài

PHÙ HỢP KHÔNG GIAN
• Phù hợp bố trí trong không gian nội thất văn phòng, mang lại sự tiện nghi và thẩm mỹ cho tổng thể không gian.",instock,1
HBTH002,Ban lam viec 120x60 trapeze ii concept lap rap (2),Phòng Làm Việc > Bàn Làm Việc,13350000,,"/images/products/HBTH002-1.png, /images/products/HBTH002-2.png","Bàn thiết kế chắc chắn, tối ưu không gian sử dụng.","Ban lam viec 120x60 trapeze ii concept lap rap (2) là lựa chọn lý tưởng cho không gian làm việc và sinh hoạt hiện đại, kết hợp giữa tính thẩm mỹ và công năng sử dụng thực tế.

THÔNG SỐ KỸ THUẬT
• Chất liệu: Chất liệu cao cấp, chọn lọc kỹ càng đảm bảo độ bền và tính thẩm mỹ
• Mã sản phẩm: HBTH002
• Bảo hành: 12 tháng

CÔNG NĂNG NỔI BẬT
• Mặt bàn rộng rãi, đủ không gian đặt máy tính, tài liệu và vật dụng cá nhân
• Khung/chân bàn chắc chắn, chịu lực tốt, hạn chế rung lắc khi sử dụng
• Thiết kế tối giản, dễ phối hợp với nhiều phong cách nội thất khác nhau
• Dễ dàng lắp ráp và vệ sinh, bảo trì trong quá trình sử dụng lâu dài

PHÙ HỢP KHÔNG GIAN
• Phù hợp bố trí trong không gian phòng làm việc, mang lại sự tiện nghi và thẩm mỹ cho tổng thể không gian.",instock,1
KHD68001,Khay di day dien mau trang dimension,Nội thất văn phòng > Phụ Kiện Bàn > Khay Đi Dây,1420000,,"/images/products/KHD68001-1.jpg, /images/products/KHD68001-2.jpg, /images/products/KHD68001-3.jpg, /images/products/KHD68001-4.jpg, /images/products/KHD68001-5.jpg, /images/products/KHD68001-6.jpg","Phụ kiện tiện dụng, hỗ trợ không gian làm việc gọn gàng.","Khay di day dien mau trang dimension là phụ kiện hỗ trợ đắc lực, giúp không gian làm việc/sinh hoạt gọn gàng và tiện dụng hơn.

THÔNG SỐ KỸ THUẬT
• Chất liệu: Bọc da cao cấp, êm ái và dễ vệ sinh
• Mã sản phẩm: KHD68001
• Bảo hành: 12 tháng

CÔNG NĂNG NỔI BẬT
• Thiết kế nhỏ gọn, dễ dàng lắp đặt vào hệ bàn/ghế hiện có
• Chất liệu bền bỉ, chịu lực và chịu nhiệt tốt trong quá trình sử dụng
• Giúp không gian làm việc gọn gàng, khoa học hơn
• Tương thích với nhiều mẫu bàn/ghế khác nhau

PHÙ HỢP KHÔNG GIAN
• Phù hợp bố trí trong không gian nội thất văn phòng, mang lại sự tiện nghi và thẩm mỹ cho tổng thể không gian.",instock,1
HBOM212,Ban lam viec chu l he oma ii (6),Nội thất văn phòng > Hệ Bàn > Hệ OMA II,5480000,,"/images/products/HBOM212-1.png, /images/products/HBOM212-2.png, /images/products/HBOM212-3.png, /images/products/HBOM212-4.png, /images/products/HBOM212-5.png","Bàn thiết kế chắc chắn, tối ưu không gian sử dụng.","Ban lam viec chu l he oma ii (6) là lựa chọn lý tưởng cho không gian làm việc và sinh hoạt hiện đại, kết hợp giữa tính thẩm mỹ và công năng sử dụng thực tế.

THÔNG SỐ KỸ THUẬT
• Chất liệu: Chất liệu cao cấp, chọn lọc kỹ càng đảm bảo độ bền và tính thẩm mỹ
• Mã sản phẩm: HBOM212
• Bảo hành: 12 tháng

CÔNG NĂNG NỔI BẬT
• Mặt bàn rộng rãi, đủ không gian đặt máy tính, tài liệu và vật dụng cá nhân
• Khung/chân bàn chắc chắn, chịu lực tốt, hạn chế rung lắc khi sử dụng
• Thiết kế tối giản, dễ phối hợp với nhiều phong cách nội thất khác nhau
• Dễ dàng lắp ráp và vệ sinh, bảo trì trong quá trình sử dụng lâu dài

PHÙ HỢP KHÔNG GIAN
• Phù hợp bố trí trong không gian nội thất văn phòng, mang lại sự tiện nghi và thẩm mỹ cho tổng thể không gian.",instock,1
SPD68158,Ban lam viec go thong chan ong nuoc (2),Phòng Làm Việc > Bàn Làm Việc,13290000,,/images/products/SPD68158-1.png,"Bàn thiết kế chắc chắn, tối ưu không gian sử dụng.","Ban lam viec go thong chan ong nuoc (2) là lựa chọn lý tưởng cho không gian làm việc và sinh hoạt hiện đại, kết hợp giữa tính thẩm mỹ và công năng sử dụng thực tế.

THÔNG SỐ KỸ THUẬT
• Chất liệu: Chất liệu cao cấp, chọn lọc kỹ càng đảm bảo độ bền và tính thẩm mỹ
• Mã sản phẩm: SPD68158
• Bảo hành: 12 tháng

CÔNG NĂNG NỔI BẬT
• Mặt bàn rộng rãi, đủ không gian đặt máy tính, tài liệu và vật dụng cá nhân
• Khung/chân bàn chắc chắn, chịu lực tốt, hạn chế rung lắc khi sử dụng
• Thiết kế tối giản, dễ phối hợp với nhiều phong cách nội thất khác nhau
• Dễ dàng lắp ráp và vệ sinh, bảo trì trong quá trình sử dụng lâu dài

PHÙ HỢP KHÔNG GIAN
• Phù hợp bố trí trong không gian phòng làm việc, mang lại sự tiện nghi và thẩm mỹ cho tổng thể không gian.",instock,1
HBLG036,Module ban cum 6 07,Trường Học > Bàn Ghế Trường Học > Cụm Module Trường Học,3620000,,"/images/products/HBLG036-1.jpg, /images/products/HBLG036-2.jpg, /images/products/HBLG036-3.jpg, /images/products/HBLG036-4.jpg, /images/products/HBLG036-5.jpg, /images/products/HBLG036-6.jpg","Ghế công thái học, êm ái và bền bỉ.","Module ban cum 6 07 mang đến trải nghiệm ngồi thoải mái, hỗ trợ tư thế đúng chuẩn cho thời gian sử dụng dài mà không gây mỏi mệt.

THÔNG SỐ KỸ THUẬT
• Chất liệu: Chất liệu cao cấp, chọn lọc kỹ càng đảm bảo độ bền và tính thẩm mỹ
• Mã sản phẩm: HBLG036
• Bảo hành: 12 tháng

CÔNG NĂNG NỔI BẬT
• Thiết kế công thái học, nâng đỡ tốt cho vùng lưng và cổ
• Khung ghế chắc chắn, chịu tải trọng tốt, đảm bảo an toàn khi sử dụng
• Đệm ngồi êm ái, thoáng khí, phù hợp ngồi làm việc/sinh hoạt trong thời gian dài
• Kiểu dáng hiện đại, dễ dàng kết hợp với nhiều không gian nội thất

PHÙ HỢP KHÔNG GIAN
• Phù hợp bố trí trong không gian trường học, mang lại sự tiện nghi và thẩm mỹ cho tổng thể không gian.",instock,1
HBTG018,Ban gac tu 180x160cm go cao su chan tam giac quy 05,Nội thất văn phòng > Hệ Bàn > Hệ Tứ Giác Côn,2740000,,"/images/products/HBTG018-1.jpg, /images/products/HBTG018-2.jpg, /images/products/HBTG018-3.jpg, /images/products/HBTG018-4.jpg, /images/products/HBTG018-5.jpg, /images/products/HBTG018-6.jpg","Bàn thiết kế chắc chắn, tối ưu không gian sử dụng.","Ban gac tu 180x160cm go cao su chan tam giac quy 05 là lựa chọn lý tưởng cho không gian làm việc và sinh hoạt hiện đại, kết hợp giữa tính thẩm mỹ và công năng sử dụng thực tế.

THÔNG SỐ KỸ THUẬT
• Chất liệu: Chất liệu cao cấp, chọn lọc kỹ càng đảm bảo độ bền và tính thẩm mỹ
• Kích thước: 180x160cm
• Mã sản phẩm: HBTG018
• Bảo hành: 12 tháng

CÔNG NĂNG NỔI BẬT
• Mặt bàn rộng rãi, đủ không gian đặt máy tính, tài liệu và vật dụng cá nhân
• Khung/chân bàn chắc chắn, chịu lực tốt, hạn chế rung lắc khi sử dụng
• Thiết kế tối giản, dễ phối hợp với nhiều phong cách nội thất khác nhau
• Dễ dàng lắp ráp và vệ sinh, bảo trì trong quá trình sử dụng lâu dài

PHÙ HỢP KHÔNG GIAN
• Phù hợp bố trí trong không gian nội thất văn phòng, mang lại sự tiện nghi và thẩm mỹ cho tổng thể không gian.",instock,1
HBTA004,Ban lam viec 70x120cm eh trian chan sat tam giac (2),Phòng Làm Việc > Bàn Làm Việc,5640000,,"/images/products/HBTA004-1.png, /images/products/HBTA004-2.png","Bàn thiết kế chắc chắn, tối ưu không gian sử dụng.","Ban lam viec 70x120cm eh trian chan sat tam giac (2) là lựa chọn lý tưởng cho không gian làm việc và sinh hoạt hiện đại, kết hợp giữa tính thẩm mỹ và công năng sử dụng thực tế.

THÔNG SỐ KỸ THUẬT
• Chất liệu: Chất liệu cao cấp, chọn lọc kỹ càng đảm bảo độ bền và tính thẩm mỹ
• Kích thước: 70x120cm
• Mã sản phẩm: HBTA004
• Bảo hành: 12 tháng

CÔNG NĂNG NỔI BẬT
• Mặt bàn rộng rãi, đủ không gian đặt máy tính, tài liệu và vật dụng cá nhân
• Khung/chân bàn chắc chắn, chịu lực tốt, hạn chế rung lắc khi sử dụng
• Thiết kế tối giản, dễ phối hợp với nhiều phong cách nội thất khác nhau
• Dễ dàng lắp ráp và vệ sinh, bảo trì trong quá trình sử dụng lâu dài

PHÙ HỢP KHÔNG GIAN
• Phù hợp bố trí trong không gian phòng làm việc, mang lại sự tiện nghi và thẩm mỹ cho tổng thể không gian.",instock,1
MS68010,Ke man hinh go tram r01,Nội thất văn phòng > Phụ Kiện Bàn > Kệ Màn Hình,320000,,"/images/products/MS68010-1.jpg, /images/products/MS68010-2.jpg, /images/products/MS68010-3.jpg, /images/products/MS68010-4.jpg, /images/products/MS68010-5.jpg, /images/products/MS68010-6.jpg","Phụ kiện tiện dụng, hỗ trợ không gian làm việc gọn gàng.","Ke man hinh go tram r01 là phụ kiện hỗ trợ đắc lực, giúp không gian làm việc/sinh hoạt gọn gàng và tiện dụng hơn.

THÔNG SỐ KỸ THUẬT
• Chất liệu: Chất liệu cao cấp, chọn lọc kỹ càng đảm bảo độ bền và tính thẩm mỹ
• Mã sản phẩm: MS68010
• Bảo hành: 12 tháng

CÔNG NĂNG NỔI BẬT
• Thiết kế nhỏ gọn, dễ dàng lắp đặt vào hệ bàn/ghế hiện có
• Chất liệu bền bỉ, chịu lực và chịu nhiệt tốt trong quá trình sử dụng
• Giúp không gian làm việc gọn gàng, khoa học hơn
• Tương thích với nhiều mẫu bàn/ghế khác nhau

PHÙ HỢP KHÔNG GIAN
• Phù hợp bố trí trong không gian nội thất văn phòng, mang lại sự tiện nghi và thẩm mỹ cho tổng thể không gian.",instock,1
HBOV046,Ban hop 200x100cm go plywood chan oval 02,Nội thất văn phòng > Bàn Văn Phòng > Bàn Họp,7090000,,"/images/products/HBOV046-1.jpg, /images/products/HBOV046-2.jpg, /images/products/HBOV046-3.jpg, /images/products/HBOV046-4.jpg, /images/products/HBOV046-5.jpg, /images/products/HBOV046-6.jpg","Bàn thiết kế chắc chắn, tối ưu không gian sử dụng.","Ban hop 200x100cm go plywood chan oval 02 là lựa chọn lý tưởng cho không gian làm việc và sinh hoạt hiện đại, kết hợp giữa tính thẩm mỹ và công năng sử dụng thực tế.

THÔNG SỐ KỸ THUẬT
• Chất liệu: Chất liệu cao cấp, chọn lọc kỹ càng đảm bảo độ bền và tính thẩm mỹ
• Kích thước: 200x100cm
• Mã sản phẩm: HBOV046
• Bảo hành: 12 tháng

CÔNG NĂNG NỔI BẬT
• Mặt bàn rộng rãi, đủ không gian đặt máy tính, tài liệu và vật dụng cá nhân
• Khung/chân bàn chắc chắn, chịu lực tốt, hạn chế rung lắc khi sử dụng
• Thiết kế tối giản, dễ phối hợp với nhiều phong cách nội thất khác nhau
• Dễ dàng lắp ráp và vệ sinh, bảo trì trong quá trình sử dụng lâu dài

PHÙ HỢP KHÔNG GIAN
• Phù hợp bố trí trong không gian nội thất văn phòng, mang lại sự tiện nghi và thẩm mỹ cho tổng thể không gian.",instock,1
HCTG012,Chan ban chu l 140x140cm chan tam giac quy 01,Nội thất văn phòng > Hệ Bàn > Hệ Tứ Giác Côn,8530000,,"/images/products/HCTG012-1.jpg, /images/products/HCTG012-2.jpg, /images/products/HCTG012-3.jpg, /images/products/HCTG012-4.jpg","Bàn thiết kế chắc chắn, tối ưu không gian sử dụng.","Chan ban chu l 140x140cm chan tam giac quy 01 là lựa chọn lý tưởng cho không gian làm việc và sinh hoạt hiện đại, kết hợp giữa tính thẩm mỹ và công năng sử dụng thực tế.

THÔNG SỐ KỸ THUẬT
• Chất liệu: Chất liệu cao cấp, chọn lọc kỹ càng đảm bảo độ bền và tính thẩm mỹ
• Kích thước: 140x140cm
• Mã sản phẩm: HCTG012
• Bảo hành: 12 tháng

CÔNG NĂNG NỔI BẬT
• Mặt bàn rộng rãi, đủ không gian đặt máy tính, tài liệu và vật dụng cá nhân
• Khung/chân bàn chắc chắn, chịu lực tốt, hạn chế rung lắc khi sử dụng
• Thiết kế tối giản, dễ phối hợp với nhiều phong cách nội thất khác nhau
• Dễ dàng lắp ráp và vệ sinh, bảo trì trong quá trình sử dụng lâu dài

PHÙ HỢP KHÔNG GIAN
• Phù hợp bố trí trong không gian nội thất văn phòng, mang lại sự tiện nghi và thẩm mỹ cho tổng thể không gian.",instock,1
HOGVP149,Ghe chan xoay 07a,Phòng Ngủ > Ghế Trang Điểm,3150000,,"/images/products/HOGVP149-1.jpg, /images/products/HOGVP149-2.jpg, /images/products/HOGVP149-3.jpg, /images/products/HOGVP149-4.jpg, /images/products/HOGVP149-5.jpg, /images/products/HOGVP149-6.jpg","Ghế công thái học, êm ái và bền bỉ.","Ghe chan xoay 07a mang đến trải nghiệm ngồi thoải mái, hỗ trợ tư thế đúng chuẩn cho thời gian sử dụng dài mà không gây mỏi mệt.

THÔNG SỐ KỸ THUẬT
• Chất liệu: Chất liệu cao cấp, chọn lọc kỹ càng đảm bảo độ bền và tính thẩm mỹ
• Mã sản phẩm: HOGVP149
• Bảo hành: 12 tháng

CÔNG NĂNG NỔI BẬT
• Thiết kế công thái học, nâng đỡ tốt cho vùng lưng và cổ
• Khung ghế chắc chắn, chịu tải trọng tốt, đảm bảo an toàn khi sử dụng
• Đệm ngồi êm ái, thoáng khí, phù hợp ngồi làm việc/sinh hoạt trong thời gian dài
• Kiểu dáng hiện đại, dễ dàng kết hợp với nhiều không gian nội thất

PHÙ HỢP KHÔNG GIAN
• Phù hợp bố trí trong không gian phòng ngủ, mang lại sự tiện nghi và thẩm mỹ cho tổng thể không gian.",instock,1
HBMC017,Ban lam viec chu l 140x140 mconcept chan sat lap rap (3),Phòng Làm Việc > Bàn Làm Việc,2910000,,"/images/products/HBMC017-1.png, /images/products/HBMC017-2.png","Bàn thiết kế chắc chắn, tối ưu không gian sử dụng.","Ban lam viec chu l 140x140 mconcept chan sat lap rap (3) là lựa chọn lý tưởng cho không gian làm việc và sinh hoạt hiện đại, kết hợp giữa tính thẩm mỹ và công năng sử dụng thực tế.

THÔNG SỐ KỸ THUẬT
• Chất liệu: Chất liệu cao cấp, chọn lọc kỹ càng đảm bảo độ bền và tính thẩm mỹ
• Mã sản phẩm: HBMC017
• Bảo hành: 12 tháng

CÔNG NĂNG NỔI BẬT
• Mặt bàn rộng rãi, đủ không gian đặt máy tính, tài liệu và vật dụng cá nhân
• Khung/chân bàn chắc chắn, chịu lực tốt, hạn chế rung lắc khi sử dụng
• Thiết kế tối giản, dễ phối hợp với nhiều phong cách nội thất khác nhau
• Dễ dàng lắp ráp và vệ sinh, bảo trì trong quá trình sử dụng lâu dài

PHÙ HỢP KHÔNG GIAN
• Phù hợp bố trí trong không gian phòng làm việc, mang lại sự tiện nghi và thẩm mỹ cho tổng thể không gian.",instock,1
FLD003,Ban lam viec nang ha chieu cao go plywood 02 dhg8 eh,Nội thất văn phòng > Hệ Chân Bàn > Chân bàn nâng hạ Flexi,690000,,"/images/products/FLD003-1.jpg, /images/products/FLD003-2.jpg, /images/products/FLD003-3.jpg, /images/products/FLD003-4.jpg, /images/products/FLD003-5.jpg, /images/products/FLD003-6.jpg","Phụ kiện tiện dụng, hỗ trợ không gian làm việc gọn gàng.","Ban lam viec nang ha chieu cao go plywood 02 dhg8 eh là phụ kiện hỗ trợ đắc lực, giúp không gian làm việc/sinh hoạt gọn gàng và tiện dụng hơn.

THÔNG SỐ KỸ THUẬT
• Chất liệu: Chất liệu cao cấp, chọn lọc kỹ càng đảm bảo độ bền và tính thẩm mỹ
• Mã sản phẩm: FLD003
• Bảo hành: 12 tháng

CÔNG NĂNG NỔI BẬT
• Thiết kế nhỏ gọn, dễ dàng lắp đặt vào hệ bàn/ghế hiện có
• Chất liệu bền bỉ, chịu lực và chịu nhiệt tốt trong quá trình sử dụng
• Giúp không gian làm việc gọn gàng, khoa học hơn
• Tương thích với nhiều mẫu bàn/ghế khác nhau

PHÙ HỢP KHÔNG GIAN
• Phù hợp bố trí trong không gian nội thất văn phòng, mang lại sự tiện nghi và thẩm mỹ cho tổng thể không gian.",instock,1
HBOM011,Ban 100x60cm go plywood 06a,Nội thất văn phòng > Bàn Văn Phòng > Bàn Giám Đốc,11320000,,"/images/products/HBOM011-1.jpg, /images/products/HBOM011-2.jpg, /images/products/HBOM011-3.jpg, /images/products/HBOM011-4.jpg, /images/products/HBOM011-5.jpg, /images/products/HBOM011-6.jpg","Bàn thiết kế chắc chắn, tối ưu không gian sử dụng.","Ban 100x60cm go plywood 06a là lựa chọn lý tưởng cho không gian làm việc và sinh hoạt hiện đại, kết hợp giữa tính thẩm mỹ và công năng sử dụng thực tế.

THÔNG SỐ KỸ THUẬT
• Chất liệu: Chất liệu cao cấp, chọn lọc kỹ càng đảm bảo độ bền và tính thẩm mỹ
• Kích thước: 100x60cm
• Mã sản phẩm: HBOM011
• Bảo hành: 12 tháng

CÔNG NĂNG NỔI BẬT
• Mặt bàn rộng rãi, đủ không gian đặt máy tính, tài liệu và vật dụng cá nhân
• Khung/chân bàn chắc chắn, chịu lực tốt, hạn chế rung lắc khi sử dụng
• Thiết kế tối giản, dễ phối hợp với nhiều phong cách nội thất khác nhau
• Dễ dàng lắp ráp và vệ sinh, bảo trì trong quá trình sử dụng lâu dài

PHÙ HỢP KHÔNG GIAN
• Phù hợp bố trí trong không gian nội thất văn phòng, mang lại sự tiện nghi và thẩm mỹ cho tổng thể không gian.",instock,1
MF8331,Ghe chan quy tay lat C 09,Nội thất văn phòng > Phụ Kiện Bàn > Tay Đỡ Màn Hình,1760000,,"/images/products/MF8331-1.jpg, /images/products/MF8331-2.jpg, /images/products/MF8331-3.jpg, /images/products/MF8331-4.jpg, /images/products/MF8331-5.jpg, /images/products/MF8331-6.jpg","Phụ kiện tiện dụng, hỗ trợ không gian làm việc gọn gàng.","Ghe chan quy tay lat C 09 là phụ kiện hỗ trợ đắc lực, giúp không gian làm việc/sinh hoạt gọn gàng và tiện dụng hơn.

THÔNG SỐ KỸ THUẬT
• Chất liệu: Chất liệu cao cấp, chọn lọc kỹ càng đảm bảo độ bền và tính thẩm mỹ
• Mã sản phẩm: MF8331
• Bảo hành: 12 tháng

CÔNG NĂNG NỔI BẬT
• Thiết kế nhỏ gọn, dễ dàng lắp đặt vào hệ bàn/ghế hiện có
• Chất liệu bền bỉ, chịu lực và chịu nhiệt tốt trong quá trình sử dụng
• Giúp không gian làm việc gọn gàng, khoa học hơn
• Tương thích với nhiều mẫu bàn/ghế khác nhau

PHÙ HỢP KHÔNG GIAN
• Phù hợp bố trí trong không gian nội thất văn phòng, mang lại sự tiện nghi và thẩm mỹ cho tổng thể không gian.",instock,1
COD68034,Ban vi tinh ket hop ke 02,Nội thất văn phòng > Bàn Văn Phòng > Bàn Họp,7080000,,"/images/products/COD68034-1.jpg, /images/products/COD68034-2.jpg, /images/products/COD68034-3.jpg, /images/products/COD68034-4.jpg, /images/products/COD68034-5.jpg, /images/products/COD68034-6.jpg","Bàn thiết kế chắc chắn, tối ưu không gian sử dụng.","Ban vi tinh ket hop ke 02 là lựa chọn lý tưởng cho không gian làm việc và sinh hoạt hiện đại, kết hợp giữa tính thẩm mỹ và công năng sử dụng thực tế.

THÔNG SỐ KỸ THUẬT
• Chất liệu: Chất liệu cao cấp, chọn lọc kỹ càng đảm bảo độ bền và tính thẩm mỹ
• Mã sản phẩm: COD68034
• Bảo hành: 12 tháng

CÔNG NĂNG NỔI BẬT
• Mặt bàn rộng rãi, đủ không gian đặt máy tính, tài liệu và vật dụng cá nhân
• Khung/chân bàn chắc chắn, chịu lực tốt, hạn chế rung lắc khi sử dụng
• Thiết kế tối giản, dễ phối hợp với nhiều phong cách nội thất khác nhau
• Dễ dàng lắp ráp và vệ sinh, bảo trì trong quá trình sử dụng lâu dài

PHÙ HỢP KHÔNG GIAN
• Phù hợp bố trí trong không gian nội thất văn phòng, mang lại sự tiện nghi và thẩm mỹ cho tổng thể không gian.",instock,1
HBAC033,Ban lam viec go plywood melamin chan sat aconcept (11),Phòng Làm Việc > Bàn Làm Việc,5370000,,"/images/products/HBAC033-1.jpg, /images/products/HBAC033-2.jpg, /images/products/HBAC033-3.png, /images/products/HBAC033-4.jpg, /images/products/HBAC033-5.png, /images/products/HBAC033-6.jpg","Bàn thiết kế chắc chắn, tối ưu không gian sử dụng.","Ban lam viec go plywood melamin chan sat aconcept (11) là lựa chọn lý tưởng cho không gian làm việc và sinh hoạt hiện đại, kết hợp giữa tính thẩm mỹ và công năng sử dụng thực tế.

THÔNG SỐ KỸ THUẬT
• Chất liệu: Chất liệu cao cấp, chọn lọc kỹ càng đảm bảo độ bền và tính thẩm mỹ
• Mã sản phẩm: HBAC033
• Bảo hành: 12 tháng

CÔNG NĂNG NỔI BẬT
• Mặt bàn rộng rãi, đủ không gian đặt máy tính, tài liệu và vật dụng cá nhân
• Khung/chân bàn chắc chắn, chịu lực tốt, hạn chế rung lắc khi sử dụng
• Thiết kế tối giản, dễ phối hợp với nhiều phong cách nội thất khác nhau
• Dễ dàng lắp ráp và vệ sinh, bảo trì trong quá trình sử dụng lâu dài

PHÙ HỢP KHÔNG GIAN
• Phù hợp bố trí trong không gian phòng làm việc, mang lại sự tiện nghi và thẩm mỹ cho tổng thể không gian.",instock,1
OEXH701,A dock sac khong day 4 1000x1000,Nội thất văn phòng > Phụ Kiện Bàn > Khay Đi Dây,1620000,,"/images/products/OEXH701-1.jpg, /images/products/OEXH701-2.jpg, /images/products/OEXH701-3.jpg","Phụ kiện tiện dụng, hỗ trợ không gian làm việc gọn gàng.","A dock sac khong day 4 1000x1000 là phụ kiện hỗ trợ đắc lực, giúp không gian làm việc/sinh hoạt gọn gàng và tiện dụng hơn.

THÔNG SỐ KỸ THUẬT
• Chất liệu: Bọc da cao cấp, êm ái và dễ vệ sinh
• Mã sản phẩm: OEXH701
• Bảo hành: 12 tháng

CÔNG NĂNG NỔI BẬT
• Thiết kế nhỏ gọn, dễ dàng lắp đặt vào hệ bàn/ghế hiện có
• Chất liệu bền bỉ, chịu lực và chịu nhiệt tốt trong quá trình sử dụng
• Giúp không gian làm việc gọn gàng, khoa học hơn
• Tương thích với nhiều mẫu bàn/ghế khác nhau

PHÙ HỢP KHÔNG GIAN
• Phù hợp bố trí trong không gian nội thất văn phòng, mang lại sự tiện nghi và thẩm mỹ cho tổng thể không gian.",instock,1
HBTA001,Ban lam viec 60x100cm he trian chan sat tam giac (2),Nội thất văn phòng > Hệ Bàn > Hệ Trian,10180000,,"/images/products/HBTA001-1.png, /images/products/HBTA001-2.png","Bàn thiết kế chắc chắn, tối ưu không gian sử dụng.","Ban lam viec 60x100cm he trian chan sat tam giac (2) là lựa chọn lý tưởng cho không gian làm việc và sinh hoạt hiện đại, kết hợp giữa tính thẩm mỹ và công năng sử dụng thực tế.

THÔNG SỐ KỸ THUẬT
• Chất liệu: Chất liệu cao cấp, chọn lọc kỹ càng đảm bảo độ bền và tính thẩm mỹ
• Kích thước: 60x100cm
• Mã sản phẩm: HBTA001
• Bảo hành: 12 tháng

CÔNG NĂNG NỔI BẬT
• Mặt bàn rộng rãi, đủ không gian đặt máy tính, tài liệu và vật dụng cá nhân
• Khung/chân bàn chắc chắn, chịu lực tốt, hạn chế rung lắc khi sử dụng
• Thiết kế tối giản, dễ phối hợp với nhiều phong cách nội thất khác nhau
• Dễ dàng lắp ráp và vệ sinh, bảo trì trong quá trình sử dụng lâu dài

PHÙ HỢP KHÔNG GIAN
• Phù hợp bố trí trong không gian nội thất văn phòng, mang lại sự tiện nghi và thẩm mỹ cho tổng thể không gian.",instock,1
HBMS009,Ban gap sail 09a,Nội thất văn phòng > Hệ Chân Bàn > Chân sắt gấp gọn,1080000,,"/images/products/HBMS009-1.jpg, /images/products/HBMS009-2.jpg, /images/products/HBMS009-3.jpg, /images/products/HBMS009-4.jpg, /images/products/HBMS009-5.jpg, /images/products/HBMS009-6.jpg","Phụ kiện tiện dụng, hỗ trợ không gian làm việc gọn gàng.","Ban gap sail 09a là phụ kiện hỗ trợ đắc lực, giúp không gian làm việc/sinh hoạt gọn gàng và tiện dụng hơn.

THÔNG SỐ KỸ THUẬT
• Chất liệu: Chất liệu cao cấp, chọn lọc kỹ càng đảm bảo độ bền và tính thẩm mỹ
• Mã sản phẩm: HBMS009
• Bảo hành: 12 tháng

CÔNG NĂNG NỔI BẬT
• Thiết kế nhỏ gọn, dễ dàng lắp đặt vào hệ bàn/ghế hiện có
• Chất liệu bền bỉ, chịu lực và chịu nhiệt tốt trong quá trình sử dụng
• Giúp không gian làm việc gọn gàng, khoa học hơn
• Tương thích với nhiều mẫu bàn/ghế khác nhau

PHÙ HỢP KHÔNG GIAN
• Phù hợp bố trí trong không gian nội thất văn phòng, mang lại sự tiện nghi và thẩm mỹ cho tổng thể không gian.",instock,1
TCN68036,Tu di dong 04,Nội thất văn phòng > Kệ - Tủ Văn Phòng > Tủ Hồ Sơ Di Động,12590000,,"/images/products/TCN68036-1.jpg, /images/products/TCN68036-2.jpg","Tủ lưu trữ tiện lợi, thiết kế gọn gàng.","Tu di dong 04 giúp tối ưu không gian lưu trữ, sắp xếp đồ đạc gọn gàng, khoa học mà vẫn đảm bảo tính thẩm mỹ cho căn phòng.

THÔNG SỐ KỸ THUẬT
• Chất liệu: Chất liệu cao cấp, chọn lọc kỹ càng đảm bảo độ bền và tính thẩm mỹ
• Mã sản phẩm: TCN68036
• Bảo hành: 12 tháng

CÔNG NĂNG NỔI BẬT
• Nhiều ngăn/kệ chia hợp lý, tối ưu diện tích lưu trữ
• Hệ thống bản lề, tay nắm chắc chắn, đóng mở êm ái
• Bề mặt hoàn thiện chống trầy xước, dễ lau chùi
• Thiết kế kín đáo, giúp không gian luôn gọn gàng ngăn nắp

PHÙ HỢP KHÔNG GIAN
• Phù hợp bố trí trong không gian nội thất văn phòng, mang lại sự tiện nghi và thẩm mỹ cho tổng thể không gian.",instock,1
HBPL020,Ban cum 2 chan tu 03,Nội thất văn phòng > Bàn Văn Phòng > Cụm bàn 2 người,9500000,,"/images/products/HBPL020-1.jpg, /images/products/HBPL020-2.jpg, /images/products/HBPL020-3.jpg, /images/products/HBPL020-4.jpg","Bàn thiết kế chắc chắn, tối ưu không gian sử dụng.","Ban cum 2 chan tu 03 là lựa chọn lý tưởng cho không gian làm việc và sinh hoạt hiện đại, kết hợp giữa tính thẩm mỹ và công năng sử dụng thực tế.

THÔNG SỐ KỸ THUẬT
• Chất liệu: Chất liệu cao cấp, chọn lọc kỹ càng đảm bảo độ bền và tính thẩm mỹ
• Mã sản phẩm: HBPL020
• Bảo hành: 12 tháng

CÔNG NĂNG NỔI BẬT
• Mặt bàn rộng rãi, đủ không gian đặt máy tính, tài liệu và vật dụng cá nhân
• Khung/chân bàn chắc chắn, chịu lực tốt, hạn chế rung lắc khi sử dụng
• Thiết kế tối giản, dễ phối hợp với nhiều phong cách nội thất khác nhau
• Dễ dàng lắp ráp và vệ sinh, bảo trì trong quá trình sử dụng lâu dài

PHÙ HỢP KHÔNG GIAN
• Phù hợp bố trí trong không gian nội thất văn phòng, mang lại sự tiện nghi và thẩm mỹ cho tổng thể không gian.",instock,1
HBOM215,Ban hop da nang tron 1m2 he oma ii (5),Nội thất văn phòng > Hệ Bàn > Hệ OMA II,4200000,,"/images/products/HBOM215-1.png, /images/products/HBOM215-2.png, /images/products/HBOM215-3.png","Bàn thiết kế chắc chắn, tối ưu không gian sử dụng.","Ban hop da nang tron 1m2 he oma ii (5) là lựa chọn lý tưởng cho không gian làm việc và sinh hoạt hiện đại, kết hợp giữa tính thẩm mỹ và công năng sử dụng thực tế.

THÔNG SỐ KỸ THUẬT
• Chất liệu: Bọc da cao cấp, êm ái và dễ vệ sinh
• Mã sản phẩm: HBOM215
• Bảo hành: 12 tháng

CÔNG NĂNG NỔI BẬT
• Mặt bàn rộng rãi, đủ không gian đặt máy tính, tài liệu và vật dụng cá nhân
• Khung/chân bàn chắc chắn, chịu lực tốt, hạn chế rung lắc khi sử dụng
• Thiết kế tối giản, dễ phối hợp với nhiều phong cách nội thất khác nhau
• Dễ dàng lắp ráp và vệ sinh, bảo trì trong quá trình sử dụng lâu dài

PHÙ HỢP KHÔNG GIAN
• Phù hợp bố trí trong không gian nội thất văn phòng, mang lại sự tiện nghi và thẩm mỹ cho tổng thể không gian.",instock,1
HBTH013,Ban cum 2 trapez 2 2,Nội thất văn phòng > Bàn Văn Phòng > Cụm bàn 2 người,6240000,,/images/products/HBTH013-1.jpg,"Bàn thiết kế chắc chắn, tối ưu không gian sử dụng.","Ban cum 2 trapez 2 2 là lựa chọn lý tưởng cho không gian làm việc và sinh hoạt hiện đại, kết hợp giữa tính thẩm mỹ và công năng sử dụng thực tế.

THÔNG SỐ KỸ THUẬT
• Chất liệu: Chất liệu cao cấp, chọn lọc kỹ càng đảm bảo độ bền và tính thẩm mỹ
• Mã sản phẩm: HBTH013
• Bảo hành: 12 tháng

CÔNG NĂNG NỔI BẬT
• Mặt bàn rộng rãi, đủ không gian đặt máy tính, tài liệu và vật dụng cá nhân
• Khung/chân bàn chắc chắn, chịu lực tốt, hạn chế rung lắc khi sử dụng
• Thiết kế tối giản, dễ phối hợp với nhiều phong cách nội thất khác nhau
• Dễ dàng lắp ráp và vệ sinh, bảo trì trong quá trình sử dụng lâu dài

PHÙ HỢP KHÔNG GIAN
• Phù hợp bố trí trong không gian nội thất văn phòng, mang lại sự tiện nghi và thẩm mỹ cho tổng thể không gian.",instock,1
HBMN002,Ban lam viec go cao su chan sat lap rap (2),Phòng Làm Việc > Bàn Làm Việc,4140000,,/images/products/HBMN002-1.png,"Bàn thiết kế chắc chắn, tối ưu không gian sử dụng.","Ban lam viec go cao su chan sat lap rap (2) là lựa chọn lý tưởng cho không gian làm việc và sinh hoạt hiện đại, kết hợp giữa tính thẩm mỹ và công năng sử dụng thực tế.

THÔNG SỐ KỸ THUẬT
• Chất liệu: Chất liệu cao cấp, chọn lọc kỹ càng đảm bảo độ bền và tính thẩm mỹ
• Mã sản phẩm: HBMN002
• Bảo hành: 12 tháng

CÔNG NĂNG NỔI BẬT
• Mặt bàn rộng rãi, đủ không gian đặt máy tính, tài liệu và vật dụng cá nhân
• Khung/chân bàn chắc chắn, chịu lực tốt, hạn chế rung lắc khi sử dụng
• Thiết kế tối giản, dễ phối hợp với nhiều phong cách nội thất khác nhau
• Dễ dàng lắp ráp và vệ sinh, bảo trì trong quá trình sử dụng lâu dài

PHÙ HỢP KHÔNG GIAN
• Phù hợp bố trí trong không gian phòng làm việc, mang lại sự tiện nghi và thẩm mỹ cho tổng thể không gian.",instock,1
HBAC051,Ban cum2 100x100cm go plywood chan aconcept 03,Nội thất văn phòng > Bàn Văn Phòng > Cụm bàn 2 người,5940000,,"/images/products/HBAC051-1.jpg, /images/products/HBAC051-2.jpg, /images/products/HBAC051-3.png, /images/products/HBAC051-4.png, /images/products/HBAC051-5.png, /images/products/HBAC051-6.jpg","Bàn thiết kế chắc chắn, tối ưu không gian sử dụng.","Ban cum2 100x100cm go plywood chan aconcept 03 là lựa chọn lý tưởng cho không gian làm việc và sinh hoạt hiện đại, kết hợp giữa tính thẩm mỹ và công năng sử dụng thực tế.

THÔNG SỐ KỸ THUẬT
• Chất liệu: Chất liệu cao cấp, chọn lọc kỹ càng đảm bảo độ bền và tính thẩm mỹ
• Kích thước: 100x100cm
• Mã sản phẩm: HBAC051
• Bảo hành: 12 tháng

CÔNG NĂNG NỔI BẬT
• Mặt bàn rộng rãi, đủ không gian đặt máy tính, tài liệu và vật dụng cá nhân
• Khung/chân bàn chắc chắn, chịu lực tốt, hạn chế rung lắc khi sử dụng
• Thiết kế tối giản, dễ phối hợp với nhiều phong cách nội thất khác nhau
• Dễ dàng lắp ráp và vệ sinh, bảo trì trong quá trình sử dụng lâu dài

PHÙ HỢP KHÔNG GIAN
• Phù hợp bố trí trong không gian nội thất văn phòng, mang lại sự tiện nghi và thẩm mỹ cho tổng thể không gian.",instock,1
HOM1084,Ghe van phong 01 kich thuoc,Nội thất văn phòng > Ghế Văn Phòng > Ghế Giám Đốc,5420000,,"/images/products/HOM1084-1.jpg, /images/products/HOM1084-2.jpg, /images/products/HOM1084-3.jpg, /images/products/HOM1084-4.jpg","Ghế công thái học, êm ái và bền bỉ.","Ghe van phong 01 kich thuoc mang đến trải nghiệm ngồi thoải mái, hỗ trợ tư thế đúng chuẩn cho thời gian sử dụng dài mà không gây mỏi mệt.

THÔNG SỐ KỸ THUẬT
• Chất liệu: Chất liệu cao cấp, chọn lọc kỹ càng đảm bảo độ bền và tính thẩm mỹ
• Mã sản phẩm: HOM1084
• Bảo hành: 12 tháng

CÔNG NĂNG NỔI BẬT
• Thiết kế công thái học, nâng đỡ tốt cho vùng lưng và cổ
• Khung ghế chắc chắn, chịu tải trọng tốt, đảm bảo an toàn khi sử dụng
• Đệm ngồi êm ái, thoáng khí, phù hợp ngồi làm việc/sinh hoạt trong thời gian dài
• Kiểu dáng hiện đại, dễ dàng kết hợp với nhiều không gian nội thất

PHÙ HỢP KHÔNG GIAN
• Phù hợp bố trí trong không gian nội thất văn phòng, mang lại sự tiện nghi và thẩm mỹ cho tổng thể không gian.",instock,1
HBKC027,Ban 100x60cm go van soi chan sat kconcept 02 9c2n 45,Nội thất văn phòng > Hệ Bàn > Hệ KConcept,6210000,,"/images/products/HBKC027-1.jpg, /images/products/HBKC027-2.jpg, /images/products/HBKC027-3.png, /images/products/HBKC027-4.png, /images/products/HBKC027-5.jpg, /images/products/HBKC027-6.jpg","Bàn thiết kế chắc chắn, tối ưu không gian sử dụng.","Ban 100x60cm go van soi chan sat kconcept 02 9c2n 45 là lựa chọn lý tưởng cho không gian làm việc và sinh hoạt hiện đại, kết hợp giữa tính thẩm mỹ và công năng sử dụng thực tế.

THÔNG SỐ KỸ THUẬT
• Chất liệu: Chất liệu cao cấp, chọn lọc kỹ càng đảm bảo độ bền và tính thẩm mỹ
• Kích thước: 100x60cm
• Mã sản phẩm: HBKC027
• Bảo hành: 12 tháng

CÔNG NĂNG NỔI BẬT
• Mặt bàn rộng rãi, đủ không gian đặt máy tính, tài liệu và vật dụng cá nhân
• Khung/chân bàn chắc chắn, chịu lực tốt, hạn chế rung lắc khi sử dụng
• Thiết kế tối giản, dễ phối hợp với nhiều phong cách nội thất khác nhau
• Dễ dàng lắp ráp và vệ sinh, bảo trì trong quá trình sử dụng lâu dài

PHÙ HỢP KHÔNG GIAN
• Phù hợp bố trí trong không gian nội thất văn phòng, mang lại sự tiện nghi và thẩm mỹ cho tổng thể không gian.",instock,1
BNV68054,Ban cum 2 go cao su chan sat chu v (2) 323y nv,Nội thất văn phòng > Bàn Văn Phòng > Cụm bàn 2 người,11610000,,"/images/products/BNV68054-1.jpg, /images/products/BNV68054-2.jpg, /images/products/BNV68054-3.png, /images/products/BNV68054-4.png, /images/products/BNV68054-5.png, /images/products/BNV68054-6.png","Bàn thiết kế chắc chắn, tối ưu không gian sử dụng.","Ban cum 2 go cao su chan sat chu v (2) 323y nv là lựa chọn lý tưởng cho không gian làm việc và sinh hoạt hiện đại, kết hợp giữa tính thẩm mỹ và công năng sử dụng thực tế.

THÔNG SỐ KỸ THUẬT
• Chất liệu: Chất liệu cao cấp, chọn lọc kỹ càng đảm bảo độ bền và tính thẩm mỹ
• Mã sản phẩm: BNV68054
• Bảo hành: 12 tháng

CÔNG NĂNG NỔI BẬT
• Mặt bàn rộng rãi, đủ không gian đặt máy tính, tài liệu và vật dụng cá nhân
• Khung/chân bàn chắc chắn, chịu lực tốt, hạn chế rung lắc khi sử dụng
• Thiết kế tối giản, dễ phối hợp với nhiều phong cách nội thất khác nhau
• Dễ dàng lắp ráp và vệ sinh, bảo trì trong quá trình sử dụng lâu dài

PHÙ HỢP KHÔNG GIAN
• Phù hợp bố trí trong không gian nội thất văn phòng, mang lại sự tiện nghi và thẩm mỹ cho tổng thể không gian.",instock,1
HBOM006,Ban hop 05,Nội thất văn phòng > Bàn Văn Phòng > Bàn Họp,8990000,,"/images/products/HBOM006-1.jpg, /images/products/HBOM006-2.jpg, /images/products/HBOM006-3.jpg, /images/products/HBOM006-4.jpg","Bàn thiết kế chắc chắn, tối ưu không gian sử dụng.","Ban hop 05 là lựa chọn lý tưởng cho không gian làm việc và sinh hoạt hiện đại, kết hợp giữa tính thẩm mỹ và công năng sử dụng thực tế.

THÔNG SỐ KỸ THUẬT
• Chất liệu: Chất liệu cao cấp, chọn lọc kỹ càng đảm bảo độ bền và tính thẩm mỹ
• Mã sản phẩm: HBOM006
• Bảo hành: 12 tháng

CÔNG NĂNG NỔI BẬT
• Mặt bàn rộng rãi, đủ không gian đặt máy tính, tài liệu và vật dụng cá nhân
• Khung/chân bàn chắc chắn, chịu lực tốt, hạn chế rung lắc khi sử dụng
• Thiết kế tối giản, dễ phối hợp với nhiều phong cách nội thất khác nhau
• Dễ dàng lắp ráp và vệ sinh, bảo trì trong quá trình sử dụng lâu dài

PHÙ HỢP KHÔNG GIAN
• Phù hợp bố trí trong không gian nội thất văn phòng, mang lại sự tiện nghi và thẩm mỹ cho tổng thể không gian.",instock,1
COD68035,Ban vi tinh ket hop ke dimension,Nội thất văn phòng > Bàn Văn Phòng > Bàn Họp,11590000,,"/images/products/COD68035-1.jpg, /images/products/COD68035-2.jpg, /images/products/COD68035-3.jpg, /images/products/COD68035-4.jpg, /images/products/COD68035-5.jpg, /images/products/COD68035-6.jpg","Bàn thiết kế chắc chắn, tối ưu không gian sử dụng.","Ban vi tinh ket hop ke dimension là lựa chọn lý tưởng cho không gian làm việc và sinh hoạt hiện đại, kết hợp giữa tính thẩm mỹ và công năng sử dụng thực tế.

THÔNG SỐ KỸ THUẬT
• Chất liệu: Chất liệu cao cấp, chọn lọc kỹ càng đảm bảo độ bền và tính thẩm mỹ
• Mã sản phẩm: COD68035
• Bảo hành: 12 tháng

CÔNG NĂNG NỔI BẬT
• Mặt bàn rộng rãi, đủ không gian đặt máy tính, tài liệu và vật dụng cá nhân
• Khung/chân bàn chắc chắn, chịu lực tốt, hạn chế rung lắc khi sử dụng
• Thiết kế tối giản, dễ phối hợp với nhiều phong cách nội thất khác nhau
• Dễ dàng lắp ráp và vệ sinh, bảo trì trong quá trình sử dụng lâu dài

PHÙ HỢP KHÔNG GIAN
• Phù hợp bố trí trong không gian nội thất văn phòng, mang lại sự tiện nghi và thẩm mỹ cho tổng thể không gian.",instock,1
HBAC022,Ban giam doc 140x140 aconcept chan sat lap rap (3),Nội thất văn phòng > Bàn Văn Phòng > Bàn Giám Đốc,8500000,,"/images/products/HBAC022-1.png, /images/products/HBAC022-2.png","Bàn thiết kế chắc chắn, tối ưu không gian sử dụng.","Ban giam doc 140x140 aconcept chan sat lap rap (3) là lựa chọn lý tưởng cho không gian làm việc và sinh hoạt hiện đại, kết hợp giữa tính thẩm mỹ và công năng sử dụng thực tế.

THÔNG SỐ KỸ THUẬT
• Chất liệu: Chất liệu cao cấp, chọn lọc kỹ càng đảm bảo độ bền và tính thẩm mỹ
• Mã sản phẩm: HBAC022
• Bảo hành: 12 tháng

CÔNG NĂNG NỔI BẬT
• Mặt bàn rộng rãi, đủ không gian đặt máy tính, tài liệu và vật dụng cá nhân
• Khung/chân bàn chắc chắn, chịu lực tốt, hạn chế rung lắc khi sử dụng
• Thiết kế tối giản, dễ phối hợp với nhiều phong cách nội thất khác nhau
• Dễ dàng lắp ráp và vệ sinh, bảo trì trong quá trình sử dụng lâu dài

PHÙ HỢP KHÔNG GIAN
• Phù hợp bố trí trong không gian nội thất văn phòng, mang lại sự tiện nghi và thẩm mỹ cho tổng thể không gian.",instock,1
HBMC007,Ban lam viec 160x80 mconcept chan sat lap rap (13),Phòng Làm Việc > Bàn Làm Việc,7870000,,"/images/products/HBMC007-1.png, /images/products/HBMC007-2.png","Bàn thiết kế chắc chắn, tối ưu không gian sử dụng.","Ban lam viec 160x80 mconcept chan sat lap rap (13) là lựa chọn lý tưởng cho không gian làm việc và sinh hoạt hiện đại, kết hợp giữa tính thẩm mỹ và công năng sử dụng thực tế.

THÔNG SỐ KỸ THUẬT
• Chất liệu: Chất liệu cao cấp, chọn lọc kỹ càng đảm bảo độ bền và tính thẩm mỹ
• Mã sản phẩm: HBMC007
• Bảo hành: 12 tháng

CÔNG NĂNG NỔI BẬT
• Mặt bàn rộng rãi, đủ không gian đặt máy tính, tài liệu và vật dụng cá nhân
• Khung/chân bàn chắc chắn, chịu lực tốt, hạn chế rung lắc khi sử dụng
• Thiết kế tối giản, dễ phối hợp với nhiều phong cách nội thất khác nhau
• Dễ dàng lắp ráp và vệ sinh, bảo trì trong quá trình sử dụng lâu dài

PHÙ HỢP KHÔNG GIAN
• Phù hợp bố trí trong không gian phòng làm việc, mang lại sự tiện nghi và thẩm mỹ cho tổng thể không gian.",instock,1
HBXC033,Ban cum2 200x50cm go plywood chan xconcept 01,Nội thất văn phòng > Bàn Văn Phòng > Cụm bàn 2 người,5480000,,"/images/products/HBXC033-1.jpg, /images/products/HBXC033-2.jpg, /images/products/HBXC033-3.jpg, /images/products/HBXC033-4.png, /images/products/HBXC033-5.jpg, /images/products/HBXC033-6.jpg","Bàn thiết kế chắc chắn, tối ưu không gian sử dụng.","Ban cum2 200x50cm go plywood chan xconcept 01 là lựa chọn lý tưởng cho không gian làm việc và sinh hoạt hiện đại, kết hợp giữa tính thẩm mỹ và công năng sử dụng thực tế.

THÔNG SỐ KỸ THUẬT
• Chất liệu: Chất liệu cao cấp, chọn lọc kỹ càng đảm bảo độ bền và tính thẩm mỹ
• Kích thước: 200x50cm
• Mã sản phẩm: HBXC033
• Bảo hành: 12 tháng

CÔNG NĂNG NỔI BẬT
• Mặt bàn rộng rãi, đủ không gian đặt máy tính, tài liệu và vật dụng cá nhân
• Khung/chân bàn chắc chắn, chịu lực tốt, hạn chế rung lắc khi sử dụng
• Thiết kế tối giản, dễ phối hợp với nhiều phong cách nội thất khác nhau
• Dễ dàng lắp ráp và vệ sinh, bảo trì trong quá trình sử dụng lâu dài

PHÙ HỢP KHÔNG GIAN
• Phù hợp bố trí trong không gian nội thất văn phòng, mang lại sự tiện nghi và thẩm mỹ cho tổng thể không gian.",instock,1
HBTA007,Ban lam viec 80x160cm he trian chan sat tam giac (2),Nội thất văn phòng > Hệ Bàn > Hệ Trian,4120000,,"/images/products/HBTA007-1.png, /images/products/HBTA007-2.png","Bàn thiết kế chắc chắn, tối ưu không gian sử dụng.","Ban lam viec 80x160cm he trian chan sat tam giac (2) là lựa chọn lý tưởng cho không gian làm việc và sinh hoạt hiện đại, kết hợp giữa tính thẩm mỹ và công năng sử dụng thực tế.

THÔNG SỐ KỸ THUẬT
• Chất liệu: Chất liệu cao cấp, chọn lọc kỹ càng đảm bảo độ bền và tính thẩm mỹ
• Kích thước: 80x160cm
• Mã sản phẩm: HBTA007
• Bảo hành: 12 tháng

CÔNG NĂNG NỔI BẬT
• Mặt bàn rộng rãi, đủ không gian đặt máy tính, tài liệu và vật dụng cá nhân
• Khung/chân bàn chắc chắn, chịu lực tốt, hạn chế rung lắc khi sử dụng
• Thiết kế tối giản, dễ phối hợp với nhiều phong cách nội thất khác nhau
• Dễ dàng lắp ráp và vệ sinh, bảo trì trong quá trình sử dụng lâu dài

PHÙ HỢP KHÔNG GIAN
• Phù hợp bố trí trong không gian nội thất văn phòng, mang lại sự tiện nghi và thẩm mỹ cho tổng thể không gian.",instock,1
HBOV045,Ban hop 160x80cm go plywood chan oval 04,Nội thất văn phòng > Bàn Văn Phòng > Bàn Họp,10350000,,"/images/products/HBOV045-1.jpg, /images/products/HBOV045-2.jpg, /images/products/HBOV045-3.jpg, /images/products/HBOV045-4.jpg, /images/products/HBOV045-5.jpg, /images/products/HBOV045-6.jpg","Bàn thiết kế chắc chắn, tối ưu không gian sử dụng.","Ban hop 160x80cm go plywood chan oval 04 là lựa chọn lý tưởng cho không gian làm việc và sinh hoạt hiện đại, kết hợp giữa tính thẩm mỹ và công năng sử dụng thực tế.

THÔNG SỐ KỸ THUẬT
• Chất liệu: Chất liệu cao cấp, chọn lọc kỹ càng đảm bảo độ bền và tính thẩm mỹ
• Kích thước: 160x80cm
• Mã sản phẩm: HBOV045
• Bảo hành: 12 tháng

CÔNG NĂNG NỔI BẬT
• Mặt bàn rộng rãi, đủ không gian đặt máy tính, tài liệu và vật dụng cá nhân
• Khung/chân bàn chắc chắn, chịu lực tốt, hạn chế rung lắc khi sử dụng
• Thiết kế tối giản, dễ phối hợp với nhiều phong cách nội thất khác nhau
• Dễ dàng lắp ráp và vệ sinh, bảo trì trong quá trình sử dụng lâu dài

PHÙ HỢP KHÔNG GIAN
• Phù hợp bố trí trong không gian nội thất văn phòng, mang lại sự tiện nghi và thẩm mỹ cho tổng thể không gian.",instock,1
HBKC023,Ban lam viec kich thuoc lon mat go khung sat (3),Phòng Làm Việc > Bàn Làm Việc,10080000,,"/images/products/HBKC023-1.jpg, /images/products/HBKC023-2.jpg, /images/products/HBKC023-3.jpg, /images/products/HBKC023-4.png, /images/products/HBKC023-5.png, /images/products/HBKC023-6.jpg","Bàn thiết kế chắc chắn, tối ưu không gian sử dụng.","Ban lam viec kich thuoc lon mat go khung sat (3) là lựa chọn lý tưởng cho không gian làm việc và sinh hoạt hiện đại, kết hợp giữa tính thẩm mỹ và công năng sử dụng thực tế.

THÔNG SỐ KỸ THUẬT
• Chất liệu: Chất liệu cao cấp, chọn lọc kỹ càng đảm bảo độ bền và tính thẩm mỹ
• Mã sản phẩm: HBKC023
• Bảo hành: 12 tháng

CÔNG NĂNG NỔI BẬT
• Mặt bàn rộng rãi, đủ không gian đặt máy tính, tài liệu và vật dụng cá nhân
• Khung/chân bàn chắc chắn, chịu lực tốt, hạn chế rung lắc khi sử dụng
• Thiết kế tối giản, dễ phối hợp với nhiều phong cách nội thất khác nhau
• Dễ dàng lắp ráp và vệ sinh, bảo trì trong quá trình sử dụng lâu dài

PHÙ HỢP KHÔNG GIAN
• Phù hợp bố trí trong không gian phòng làm việc, mang lại sự tiện nghi và thẩm mỹ cho tổng thể không gian.",instock,1
HBOM005,Ban lam viec 07a,Phòng Làm Việc > Bàn Làm Việc,3330000,,"/images/products/HBOM005-1.jpg, /images/products/HBOM005-2.jpg, /images/products/HBOM005-3.jpg, /images/products/HBOM005-4.jpg, /images/products/HBOM005-5.jpg, /images/products/HBOM005-6.jpg","Bàn thiết kế chắc chắn, tối ưu không gian sử dụng.","Ban lam viec 07a là lựa chọn lý tưởng cho không gian làm việc và sinh hoạt hiện đại, kết hợp giữa tính thẩm mỹ và công năng sử dụng thực tế.

THÔNG SỐ KỸ THUẬT
• Chất liệu: Chất liệu cao cấp, chọn lọc kỹ càng đảm bảo độ bền và tính thẩm mỹ
• Mã sản phẩm: HBOM005
• Bảo hành: 12 tháng

CÔNG NĂNG NỔI BẬT
• Mặt bàn rộng rãi, đủ không gian đặt máy tính, tài liệu và vật dụng cá nhân
• Khung/chân bàn chắc chắn, chịu lực tốt, hạn chế rung lắc khi sử dụng
• Thiết kế tối giản, dễ phối hợp với nhiều phong cách nội thất khác nhau
• Dễ dàng lắp ráp và vệ sinh, bảo trì trong quá trình sử dụng lâu dài

PHÙ HỢP KHÔNG GIAN
• Phù hợp bố trí trong không gian phòng làm việc, mang lại sự tiện nghi và thẩm mỹ cho tổng thể không gian.",instock,1
HBTC001,Ban lam viec 100x60 trapeze concept (3),Phòng Làm Việc > Bàn Làm Việc,2590000,,/images/products/HBTC001-1.png,"Bàn thiết kế chắc chắn, tối ưu không gian sử dụng.","Ban lam viec 100x60 trapeze concept (3) là lựa chọn lý tưởng cho không gian làm việc và sinh hoạt hiện đại, kết hợp giữa tính thẩm mỹ và công năng sử dụng thực tế.

THÔNG SỐ KỸ THUẬT
• Chất liệu: Chất liệu cao cấp, chọn lọc kỹ càng đảm bảo độ bền và tính thẩm mỹ
• Mã sản phẩm: HBTC001
• Bảo hành: 12 tháng

CÔNG NĂNG NỔI BẬT
• Mặt bàn rộng rãi, đủ không gian đặt máy tính, tài liệu và vật dụng cá nhân
• Khung/chân bàn chắc chắn, chịu lực tốt, hạn chế rung lắc khi sử dụng
• Thiết kế tối giản, dễ phối hợp với nhiều phong cách nội thất khác nhau
• Dễ dàng lắp ráp và vệ sinh, bảo trì trong quá trình sử dụng lâu dài

PHÙ HỢP KHÔNG GIAN
• Phù hợp bố trí trong không gian phòng làm việc, mang lại sự tiện nghi và thẩm mỹ cho tổng thể không gian.",instock,1
HBTO011,Bna cum 6 tio 07,Nội thất văn phòng > Bàn Văn Phòng > Cụm bàn 2 người,3640000,,"/images/products/HBTO011-1.jpg, /images/products/HBTO011-2.jpg, /images/products/HBTO011-3.jpg, /images/products/HBTO011-4.jpg, /images/products/HBTO011-5.jpg, /images/products/HBTO011-6.jpg","Bàn thiết kế chắc chắn, tối ưu không gian sử dụng.","Bna cum 6 tio 07 là lựa chọn lý tưởng cho không gian làm việc và sinh hoạt hiện đại, kết hợp giữa tính thẩm mỹ và công năng sử dụng thực tế.

THÔNG SỐ KỸ THUẬT
• Chất liệu: Chất liệu cao cấp, chọn lọc kỹ càng đảm bảo độ bền và tính thẩm mỹ
• Mã sản phẩm: HBTO011
• Bảo hành: 12 tháng

CÔNG NĂNG NỔI BẬT
• Mặt bàn rộng rãi, đủ không gian đặt máy tính, tài liệu và vật dụng cá nhân
• Khung/chân bàn chắc chắn, chịu lực tốt, hạn chế rung lắc khi sử dụng
• Thiết kế tối giản, dễ phối hợp với nhiều phong cách nội thất khác nhau
• Dễ dàng lắp ráp và vệ sinh, bảo trì trong quá trình sử dụng lâu dài

PHÙ HỢP KHÔNG GIAN
• Phù hợp bố trí trong không gian nội thất văn phòng, mang lại sự tiện nghi và thẩm mỹ cho tổng thể không gian.",instock,1
HBAC039,Ban cum 2 nguoi go plywood melamin chan sat aconcept (3),Nội thất văn phòng > Bàn Văn Phòng > Cụm bàn 2 người,4360000,,"/images/products/HBAC039-1.jpg, /images/products/HBAC039-2.jpg, /images/products/HBAC039-3.png, /images/products/HBAC039-4.png, /images/products/HBAC039-5.png, /images/products/HBAC039-6.jpg","Bàn thiết kế chắc chắn, tối ưu không gian sử dụng.","Ban cum 2 nguoi go plywood melamin chan sat aconcept (3) là lựa chọn lý tưởng cho không gian làm việc và sinh hoạt hiện đại, kết hợp giữa tính thẩm mỹ và công năng sử dụng thực tế.

THÔNG SỐ KỸ THUẬT
• Chất liệu: Chất liệu cao cấp, chọn lọc kỹ càng đảm bảo độ bền và tính thẩm mỹ
• Mã sản phẩm: HBAC039
• Bảo hành: 12 tháng

CÔNG NĂNG NỔI BẬT
• Mặt bàn rộng rãi, đủ không gian đặt máy tính, tài liệu và vật dụng cá nhân
• Khung/chân bàn chắc chắn, chịu lực tốt, hạn chế rung lắc khi sử dụng
• Thiết kế tối giản, dễ phối hợp với nhiều phong cách nội thất khác nhau
• Dễ dàng lắp ráp và vệ sinh, bảo trì trong quá trình sử dụng lâu dài

PHÙ HỢP KHÔNG GIAN
• Phù hợp bố trí trong không gian nội thất văn phòng, mang lại sự tiện nghi và thẩm mỹ cho tổng thể không gian.",instock,1
HBAC042,Ban lam viec chu l go plywood phu melamin chan sat aconcept (12),Phụ Kiện > Phụ Kiện Bàn Làm Việc,1570000,,"/images/products/HBAC042-1.jpg, /images/products/HBAC042-2.jpg, /images/products/HBAC042-3.png, /images/products/HBAC042-4.png, /images/products/HBAC042-5.png, /images/products/HBAC042-6.jpg","Phụ kiện tiện dụng, hỗ trợ không gian làm việc gọn gàng.","Ban lam viec chu l go plywood phu melamin chan sat aconcept (12) là phụ kiện hỗ trợ đắc lực, giúp không gian làm việc/sinh hoạt gọn gàng và tiện dụng hơn.

THÔNG SỐ KỸ THUẬT
• Chất liệu: Chất liệu cao cấp, chọn lọc kỹ càng đảm bảo độ bền và tính thẩm mỹ
• Mã sản phẩm: HBAC042
• Bảo hành: 12 tháng

CÔNG NĂNG NỔI BẬT
• Thiết kế nhỏ gọn, dễ dàng lắp đặt vào hệ bàn/ghế hiện có
• Chất liệu bền bỉ, chịu lực và chịu nhiệt tốt trong quá trình sử dụng
• Giúp không gian làm việc gọn gàng, khoa học hơn
• Tương thích với nhiều mẫu bàn/ghế khác nhau

PHÙ HỢP KHÔNG GIAN
• Phù hợp sử dụng kèm nhiều mẫu bàn/ghế văn phòng, gia đình khác nhau, mang lại sự tiện nghi và thẩm mỹ cho tổng thể không gian.",instock,1
HBCO042,Ban goc l he cone 07,Nội thất văn phòng > Hệ Bàn > Hệ CONE,4480000,,"/images/products/HBCO042-1.jpg, /images/products/HBCO042-2.jpg, /images/products/HBCO042-3.jpg, /images/products/HBCO042-4.jpg, /images/products/HBCO042-5.jpg, /images/products/HBCO042-6.jpg","Bàn thiết kế chắc chắn, tối ưu không gian sử dụng.","Ban goc l he cone 07 là lựa chọn lý tưởng cho không gian làm việc và sinh hoạt hiện đại, kết hợp giữa tính thẩm mỹ và công năng sử dụng thực tế.

THÔNG SỐ KỸ THUẬT
• Chất liệu: Chất liệu cao cấp, chọn lọc kỹ càng đảm bảo độ bền và tính thẩm mỹ
• Mã sản phẩm: HBCO042
• Bảo hành: 12 tháng

CÔNG NĂNG NỔI BẬT
• Mặt bàn rộng rãi, đủ không gian đặt máy tính, tài liệu và vật dụng cá nhân
• Khung/chân bàn chắc chắn, chịu lực tốt, hạn chế rung lắc khi sử dụng
• Thiết kế tối giản, dễ phối hợp với nhiều phong cách nội thất khác nhau
• Dễ dàng lắp ráp và vệ sinh, bảo trì trong quá trình sử dụng lâu dài

PHÙ HỢP KHÔNG GIAN
• Phù hợp bố trí trong không gian nội thất văn phòng, mang lại sự tiện nghi và thẩm mỹ cho tổng thể không gian.",instock,1
HBON001,Ban lam viec 100x60 he pipe concept lap rap (2) g9q4 rx,Nội thất văn phòng > Hệ Bàn > Hệ Pipe,13220000,,"/images/products/HBON001-1.png, /images/products/HBON001-2.png, /images/products/HBON001-3.png","Bàn thiết kế chắc chắn, tối ưu không gian sử dụng.","Ban lam viec 100x60 he pipe concept lap rap (2) g9q4 rx là lựa chọn lý tưởng cho không gian làm việc và sinh hoạt hiện đại, kết hợp giữa tính thẩm mỹ và công năng sử dụng thực tế.

THÔNG SỐ KỸ THUẬT
• Chất liệu: Chất liệu cao cấp, chọn lọc kỹ càng đảm bảo độ bền và tính thẩm mỹ
• Mã sản phẩm: HBON001
• Bảo hành: 12 tháng

CÔNG NĂNG NỔI BẬT
• Mặt bàn rộng rãi, đủ không gian đặt máy tính, tài liệu và vật dụng cá nhân
• Khung/chân bàn chắc chắn, chịu lực tốt, hạn chế rung lắc khi sử dụng
• Thiết kế tối giản, dễ phối hợp với nhiều phong cách nội thất khác nhau
• Dễ dàng lắp ráp và vệ sinh, bảo trì trong quá trình sử dụng lâu dài

PHÙ HỢP KHÔNG GIAN
• Phù hợp bố trí trong không gian nội thất văn phòng, mang lại sự tiện nghi và thẩm mỹ cho tổng thể không gian.",instock,1
KCPU68011,Ke de may in go khung sat 001,Nội thất văn phòng > Kệ - Tủ Văn Phòng > Tủ Kệ Máy In,8880000,,"/images/products/KCPU68011-1.jpg, /images/products/KCPU68011-2.jpg, /images/products/KCPU68011-3.jpg, /images/products/KCPU68011-4.jpg, /images/products/KCPU68011-5.jpg, /images/products/KCPU68011-6.jpg","Tủ lưu trữ tiện lợi, thiết kế gọn gàng.","Ke de may in go khung sat 001 giúp tối ưu không gian lưu trữ, sắp xếp đồ đạc gọn gàng, khoa học mà vẫn đảm bảo tính thẩm mỹ cho căn phòng.

THÔNG SỐ KỸ THUẬT
• Chất liệu: Chất liệu cao cấp, chọn lọc kỹ càng đảm bảo độ bền và tính thẩm mỹ
• Mã sản phẩm: KCPU68011
• Bảo hành: 12 tháng

CÔNG NĂNG NỔI BẬT
• Nhiều ngăn/kệ chia hợp lý, tối ưu diện tích lưu trữ
• Hệ thống bản lề, tay nắm chắc chắn, đóng mở êm ái
• Bề mặt hoàn thiện chống trầy xước, dễ lau chùi
• Thiết kế kín đáo, giúp không gian luôn gọn gàng ngăn nắp

PHÙ HỢP KHÔNG GIAN
• Phù hợp bố trí trong không gian nội thất văn phòng, mang lại sự tiện nghi và thẩm mỹ cho tổng thể không gian.",instock,1
BLT68011,Ban le tan go cao su dimen,Nội thất văn phòng > Bàn Văn Phòng > Quầy Lễ Tân,11810000,,"/images/products/BLT68011-1.jpg, /images/products/BLT68011-2.jpg, /images/products/BLT68011-3.jpg, /images/products/BLT68011-4.jpg, /images/products/BLT68011-5.jpg, /images/products/BLT68011-6.jpg","Bàn thiết kế chắc chắn, tối ưu không gian sử dụng.","Ban le tan go cao su dimen là lựa chọn lý tưởng cho không gian làm việc và sinh hoạt hiện đại, kết hợp giữa tính thẩm mỹ và công năng sử dụng thực tế.

THÔNG SỐ KỸ THUẬT
• Chất liệu: Chất liệu cao cấp, chọn lọc kỹ càng đảm bảo độ bền và tính thẩm mỹ
• Mã sản phẩm: BLT68011
• Bảo hành: 12 tháng

CÔNG NĂNG NỔI BẬT
• Mặt bàn rộng rãi, đủ không gian đặt máy tính, tài liệu và vật dụng cá nhân
• Khung/chân bàn chắc chắn, chịu lực tốt, hạn chế rung lắc khi sử dụng
• Thiết kế tối giản, dễ phối hợp với nhiều phong cách nội thất khác nhau
• Dễ dàng lắp ráp và vệ sinh, bảo trì trong quá trình sử dụng lâu dài

PHÙ HỢP KHÔNG GIAN
• Phù hợp bố trí trong không gian nội thất văn phòng, mang lại sự tiện nghi và thẩm mỹ cho tổng thể không gian.",instock,1
HBAC047,Ban hop 180x90cm go plywood chan aconcept 01,Nội thất văn phòng > Bàn Văn Phòng > Bàn Họp,2870000,,"/images/products/HBAC047-1.jpg, /images/products/HBAC047-2.jpg, /images/products/HBAC047-3.png, /images/products/HBAC047-4.png, /images/products/HBAC047-5.jpg, /images/products/HBAC047-6.jpg","Bàn thiết kế chắc chắn, tối ưu không gian sử dụng.","Ban hop 180x90cm go plywood chan aconcept 01 là lựa chọn lý tưởng cho không gian làm việc và sinh hoạt hiện đại, kết hợp giữa tính thẩm mỹ và công năng sử dụng thực tế.

THÔNG SỐ KỸ THUẬT
• Chất liệu: Chất liệu cao cấp, chọn lọc kỹ càng đảm bảo độ bền và tính thẩm mỹ
• Kích thước: 180x90cm
• Mã sản phẩm: HBAC047
• Bảo hành: 12 tháng

CÔNG NĂNG NỔI BẬT
• Mặt bàn rộng rãi, đủ không gian đặt máy tính, tài liệu và vật dụng cá nhân
• Khung/chân bàn chắc chắn, chịu lực tốt, hạn chế rung lắc khi sử dụng
• Thiết kế tối giản, dễ phối hợp với nhiều phong cách nội thất khác nhau
• Dễ dàng lắp ráp và vệ sinh, bảo trì trong quá trình sử dụng lâu dài

PHÙ HỢP KHÔNG GIAN
• Phù hợp bố trí trong không gian nội thất văn phòng, mang lại sự tiện nghi và thẩm mỹ cho tổng thể không gian.",instock,1
GXVP68001,Hoat dong cua ghe xep van phong bambi chan sat tay nhua mau den 01 jqjw ez me8d q9 gj59 6p la72 7y lfoe z1 qu4v zm vvj8 73,Nội thất văn phòng > Phụ Kiện Bàn > Tay Đỡ Màn Hình,1060000,,"/images/products/GXVP68001-1.jpg, /images/products/GXVP68001-2.jpg, /images/products/GXVP68001-3.jpg, /images/products/GXVP68001-4.jpg, /images/products/GXVP68001-5.jpg, /images/products/GXVP68001-6.jpg","Phụ kiện tiện dụng, hỗ trợ không gian làm việc gọn gàng.","Hoat dong cua ghe xep van phong bambi chan sat tay nhua mau den 01 jqjw ez me8d q9 gj59 6p la72 7y lfoe z1 qu4v zm vvj8 73 là phụ kiện hỗ trợ đắc lực, giúp không gian làm việc/sinh hoạt gọn gàng và tiện dụng hơn.

THÔNG SỐ KỸ THUẬT
• Chất liệu: Chất liệu cao cấp, chọn lọc kỹ càng đảm bảo độ bền và tính thẩm mỹ
• Mã sản phẩm: GXVP68001
• Bảo hành: 12 tháng

CÔNG NĂNG NỔI BẬT
• Thiết kế nhỏ gọn, dễ dàng lắp đặt vào hệ bàn/ghế hiện có
• Chất liệu bền bỉ, chịu lực và chịu nhiệt tốt trong quá trình sử dụng
• Giúp không gian làm việc gọn gàng, khoa học hơn
• Tương thích với nhiều mẫu bàn/ghế khác nhau

PHÙ HỢP KHÔNG GIAN
• Phù hợp bố trí trong không gian nội thất văn phòng, mang lại sự tiện nghi và thẩm mỹ cho tổng thể không gian.",instock,1
TCN68039,Tu may in go cao su 04,Nội thất văn phòng > Kệ - Tủ Văn Phòng > Tủ Kệ Máy In,8200000,,"/images/products/TCN68039-1.jpg, /images/products/TCN68039-2.jpg, /images/products/TCN68039-3.jpg, /images/products/TCN68039-4.jpg, /images/products/TCN68039-5.jpg, /images/products/TCN68039-6.jpg","Tủ lưu trữ tiện lợi, thiết kế gọn gàng.","Tu may in go cao su 04 giúp tối ưu không gian lưu trữ, sắp xếp đồ đạc gọn gàng, khoa học mà vẫn đảm bảo tính thẩm mỹ cho căn phòng.

THÔNG SỐ KỸ THUẬT
• Chất liệu: Chất liệu cao cấp, chọn lọc kỹ càng đảm bảo độ bền và tính thẩm mỹ
• Mã sản phẩm: TCN68039
• Bảo hành: 12 tháng

CÔNG NĂNG NỔI BẬT
• Nhiều ngăn/kệ chia hợp lý, tối ưu diện tích lưu trữ
• Hệ thống bản lề, tay nắm chắc chắn, đóng mở êm ái
• Bề mặt hoàn thiện chống trầy xước, dễ lau chùi
• Thiết kế kín đáo, giúp không gian luôn gọn gàng ngăn nắp

PHÙ HỢP KHÔNG GIAN
• Phù hợp bố trí trong không gian nội thất văn phòng, mang lại sự tiện nghi và thẩm mỹ cho tổng thể không gian.",instock,1
HBOV030,Ban 120x50cm go plywood chan sat oval 02,Nội thất văn phòng > Hệ Bàn > Hệ Oval,11800000,,"/images/products/HBOV030-1.jpg, /images/products/HBOV030-2.jpg, /images/products/HBOV030-3.jpg, /images/products/HBOV030-4.jpg, /images/products/HBOV030-5.jpg, /images/products/HBOV030-6.jpg","Bàn thiết kế chắc chắn, tối ưu không gian sử dụng.","Ban 120x50cm go plywood chan sat oval 02 là lựa chọn lý tưởng cho không gian làm việc và sinh hoạt hiện đại, kết hợp giữa tính thẩm mỹ và công năng sử dụng thực tế.

THÔNG SỐ KỸ THUẬT
• Chất liệu: Chất liệu cao cấp, chọn lọc kỹ càng đảm bảo độ bền và tính thẩm mỹ
• Kích thước: 120x50cm
• Mã sản phẩm: HBOV030
• Bảo hành: 12 tháng

CÔNG NĂNG NỔI BẬT
• Mặt bàn rộng rãi, đủ không gian đặt máy tính, tài liệu và vật dụng cá nhân
• Khung/chân bàn chắc chắn, chịu lực tốt, hạn chế rung lắc khi sử dụng
• Thiết kế tối giản, dễ phối hợp với nhiều phong cách nội thất khác nhau
• Dễ dàng lắp ráp và vệ sinh, bảo trì trong quá trình sử dụng lâu dài

PHÙ HỢP KHÔNG GIAN
• Phù hợp bố trí trong không gian nội thất văn phòng, mang lại sự tiện nghi và thẩm mỹ cho tổng thể không gian.",instock,1
HBOV039,Ban cum4 240x120cm go plywood chan oval 02,Nội thất văn phòng > Hệ Bàn > Hệ Oval,9650000,,"/images/products/HBOV039-1.jpg, /images/products/HBOV039-2.jpg, /images/products/HBOV039-3.jpg, /images/products/HBOV039-4.jpg, /images/products/HBOV039-5.jpg, /images/products/HBOV039-6.jpg","Bàn thiết kế chắc chắn, tối ưu không gian sử dụng.","Ban cum4 240x120cm go plywood chan oval 02 là lựa chọn lý tưởng cho không gian làm việc và sinh hoạt hiện đại, kết hợp giữa tính thẩm mỹ và công năng sử dụng thực tế.

THÔNG SỐ KỸ THUẬT
• Chất liệu: Chất liệu cao cấp, chọn lọc kỹ càng đảm bảo độ bền và tính thẩm mỹ
• Kích thước: 240x120cm
• Mã sản phẩm: HBOV039
• Bảo hành: 12 tháng

CÔNG NĂNG NỔI BẬT
• Mặt bàn rộng rãi, đủ không gian đặt máy tính, tài liệu và vật dụng cá nhân
• Khung/chân bàn chắc chắn, chịu lực tốt, hạn chế rung lắc khi sử dụng
• Thiết kế tối giản, dễ phối hợp với nhiều phong cách nội thất khác nhau
• Dễ dàng lắp ráp và vệ sinh, bảo trì trong quá trình sử dụng lâu dài

PHÙ HỢP KHÔNG GIAN
• Phù hợp bố trí trong không gian nội thất văn phòng, mang lại sự tiện nghi và thẩm mỹ cho tổng thể không gian.",instock,1
CD68013,Ban ngoi bet goc l 140x140cm kichthuoc,Nội thất văn phòng > Bàn Văn Phòng > Cụm bàn 2 người,10680000,,"/images/products/CD68013-1.jpg, /images/products/CD68013-2.jpg, /images/products/CD68013-3.jpg, /images/products/CD68013-4.jpg, /images/products/CD68013-5.jpg","Bàn thiết kế chắc chắn, tối ưu không gian sử dụng.","Ban ngoi bet goc l 140x140cm kichthuoc là lựa chọn lý tưởng cho không gian làm việc và sinh hoạt hiện đại, kết hợp giữa tính thẩm mỹ và công năng sử dụng thực tế.

THÔNG SỐ KỸ THUẬT
• Chất liệu: Chất liệu cao cấp, chọn lọc kỹ càng đảm bảo độ bền và tính thẩm mỹ
• Kích thước: 140x140cm
• Mã sản phẩm: CD68013
• Bảo hành: 12 tháng

CÔNG NĂNG NỔI BẬT
• Mặt bàn rộng rãi, đủ không gian đặt máy tính, tài liệu và vật dụng cá nhân
• Khung/chân bàn chắc chắn, chịu lực tốt, hạn chế rung lắc khi sử dụng
• Thiết kế tối giản, dễ phối hợp với nhiều phong cách nội thất khác nhau
• Dễ dàng lắp ráp và vệ sinh, bảo trì trong quá trình sử dụng lâu dài

PHÙ HỢP KHÔNG GIAN
• Phù hợp bố trí trong không gian nội thất văn phòng, mang lại sự tiện nghi và thẩm mỹ cho tổng thể không gian.",instock,1
BLT68014,Ban le tan go cao su 07,Nội thất văn phòng > Bàn Văn Phòng > Quầy Lễ Tân,6020000,,"/images/products/BLT68014-1.jpg, /images/products/BLT68014-2.jpg, /images/products/BLT68014-3.jpg, /images/products/BLT68014-4.jpg, /images/products/BLT68014-5.jpg, /images/products/BLT68014-6.jpg","Bàn thiết kế chắc chắn, tối ưu không gian sử dụng.","Ban le tan go cao su 07 là lựa chọn lý tưởng cho không gian làm việc và sinh hoạt hiện đại, kết hợp giữa tính thẩm mỹ và công năng sử dụng thực tế.

THÔNG SỐ KỸ THUẬT
• Chất liệu: Chất liệu cao cấp, chọn lọc kỹ càng đảm bảo độ bền và tính thẩm mỹ
• Mã sản phẩm: BLT68014
• Bảo hành: 12 tháng

CÔNG NĂNG NỔI BẬT
• Mặt bàn rộng rãi, đủ không gian đặt máy tính, tài liệu và vật dụng cá nhân
• Khung/chân bàn chắc chắn, chịu lực tốt, hạn chế rung lắc khi sử dụng
• Thiết kế tối giản, dễ phối hợp với nhiều phong cách nội thất khác nhau
• Dễ dàng lắp ráp và vệ sinh, bảo trì trong quá trình sử dụng lâu dài

PHÙ HỢP KHÔNG GIAN
• Phù hợp bố trí trong không gian nội thất văn phòng, mang lại sự tiện nghi và thẩm mỹ cho tổng thể không gian.",instock,1
HBKC044,Ban cum2 100x100cm go plywood chan kconcept 02,Nội thất văn phòng > Bàn Văn Phòng > Cụm bàn 2 người,11080000,,"/images/products/HBKC044-1.jpg, /images/products/HBKC044-2.jpg, /images/products/HBKC044-3.png, /images/products/HBKC044-4.jpg, /images/products/HBKC044-5.jpg, /images/products/HBKC044-6.jpg","Bàn thiết kế chắc chắn, tối ưu không gian sử dụng.","Ban cum2 100x100cm go plywood chan kconcept 02 là lựa chọn lý tưởng cho không gian làm việc và sinh hoạt hiện đại, kết hợp giữa tính thẩm mỹ và công năng sử dụng thực tế.

THÔNG SỐ KỸ THUẬT
• Chất liệu: Chất liệu cao cấp, chọn lọc kỹ càng đảm bảo độ bền và tính thẩm mỹ
• Kích thước: 100x100cm
• Mã sản phẩm: HBKC044
• Bảo hành: 12 tháng

CÔNG NĂNG NỔI BẬT
• Mặt bàn rộng rãi, đủ không gian đặt máy tính, tài liệu và vật dụng cá nhân
• Khung/chân bàn chắc chắn, chịu lực tốt, hạn chế rung lắc khi sử dụng
• Thiết kế tối giản, dễ phối hợp với nhiều phong cách nội thất khác nhau
• Dễ dàng lắp ráp và vệ sinh, bảo trì trong quá trình sử dụng lâu dài

PHÙ HỢP KHÔNG GIAN
• Phù hợp bố trí trong không gian nội thất văn phòng, mang lại sự tiện nghi và thẩm mỹ cho tổng thể không gian.",instock,1
HBTG020,Ban cum 4 240x120cm chan sat tam giac quy 01,Nội thất văn phòng > Bàn Văn Phòng > Cụm bàn 2 người,1990000,,"/images/products/HBTG020-1.jpg, /images/products/HBTG020-2.jpg, /images/products/HBTG020-3.jpg, /images/products/HBTG020-4.jpg, /images/products/HBTG020-5.jpg, /images/products/HBTG020-6.jpg","Bàn thiết kế chắc chắn, tối ưu không gian sử dụng.","Ban cum 4 240x120cm chan sat tam giac quy 01 là lựa chọn lý tưởng cho không gian làm việc và sinh hoạt hiện đại, kết hợp giữa tính thẩm mỹ và công năng sử dụng thực tế.

THÔNG SỐ KỸ THUẬT
• Chất liệu: Chất liệu cao cấp, chọn lọc kỹ càng đảm bảo độ bền và tính thẩm mỹ
• Kích thước: 240x120cm
• Mã sản phẩm: HBTG020
• Bảo hành: 12 tháng

CÔNG NĂNG NỔI BẬT
• Mặt bàn rộng rãi, đủ không gian đặt máy tính, tài liệu và vật dụng cá nhân
• Khung/chân bàn chắc chắn, chịu lực tốt, hạn chế rung lắc khi sử dụng
• Thiết kế tối giản, dễ phối hợp với nhiều phong cách nội thất khác nhau
• Dễ dàng lắp ráp và vệ sinh, bảo trì trong quá trình sử dụng lâu dài

PHÙ HỢP KHÔNG GIAN
• Phù hợp bố trí trong không gian nội thất văn phòng, mang lại sự tiện nghi và thẩm mỹ cho tổng thể không gian.",instock,1
HBRT066,Ban cum 3 he rectang 08,Nội thất văn phòng > Hệ Bàn > Hệ Rectang,13210000,,"/images/products/HBRT066-1.jpg, /images/products/HBRT066-2.jpg, /images/products/HBRT066-3.jpg, /images/products/HBRT066-4.jpg, /images/products/HBRT066-5.jpg, /images/products/HBRT066-6.jpg","Bàn thiết kế chắc chắn, tối ưu không gian sử dụng.","Ban cum 3 he rectang 08 là lựa chọn lý tưởng cho không gian làm việc và sinh hoạt hiện đại, kết hợp giữa tính thẩm mỹ và công năng sử dụng thực tế.

THÔNG SỐ KỸ THUẬT
• Chất liệu: Chất liệu cao cấp, chọn lọc kỹ càng đảm bảo độ bền và tính thẩm mỹ
• Mã sản phẩm: HBRT066
• Bảo hành: 12 tháng

CÔNG NĂNG NỔI BẬT
• Mặt bàn rộng rãi, đủ không gian đặt máy tính, tài liệu và vật dụng cá nhân
• Khung/chân bàn chắc chắn, chịu lực tốt, hạn chế rung lắc khi sử dụng
• Thiết kế tối giản, dễ phối hợp với nhiều phong cách nội thất khác nhau
• Dễ dàng lắp ráp và vệ sinh, bảo trì trong quá trình sử dụng lâu dài

PHÙ HỢP KHÔNG GIAN
• Phù hợp bố trí trong không gian nội thất văn phòng, mang lại sự tiện nghi và thẩm mỹ cho tổng thể không gian.",instock,1
HBSL019,Ban lam viec chu l go plywood melamin chan sat slean (3),Phòng Làm Việc > Bàn Làm Việc,13890000,,"/images/products/HBSL019-1.png, /images/products/HBSL019-2.png, /images/products/HBSL019-3.png","Bàn thiết kế chắc chắn, tối ưu không gian sử dụng.","Ban lam viec chu l go plywood melamin chan sat slean (3) là lựa chọn lý tưởng cho không gian làm việc và sinh hoạt hiện đại, kết hợp giữa tính thẩm mỹ và công năng sử dụng thực tế.

THÔNG SỐ KỸ THUẬT
• Chất liệu: Chất liệu cao cấp, chọn lọc kỹ càng đảm bảo độ bền và tính thẩm mỹ
• Mã sản phẩm: HBSL019
• Bảo hành: 12 tháng

CÔNG NĂNG NỔI BẬT
• Mặt bàn rộng rãi, đủ không gian đặt máy tính, tài liệu và vật dụng cá nhân
• Khung/chân bàn chắc chắn, chịu lực tốt, hạn chế rung lắc khi sử dụng
• Thiết kế tối giản, dễ phối hợp với nhiều phong cách nội thất khác nhau
• Dễ dàng lắp ráp và vệ sinh, bảo trì trong quá trình sử dụng lâu dài

PHÙ HỢP KHÔNG GIAN
• Phù hợp bố trí trong không gian phòng làm việc, mang lại sự tiện nghi và thẩm mỹ cho tổng thể không gian.",instock,1
FLD005,Ban lam viec nang ha chieu cao go thong 08,Nội thất văn phòng > Hệ Chân Bàn > Chân bàn nâng hạ Flexi,490000,,"/images/products/FLD005-1.jpg, /images/products/FLD005-2.jpg, /images/products/FLD005-3.jpg, /images/products/FLD005-4.jpg, /images/products/FLD005-5.jpg, /images/products/FLD005-6.jpg","Phụ kiện tiện dụng, hỗ trợ không gian làm việc gọn gàng.","Ban lam viec nang ha chieu cao go thong 08 là phụ kiện hỗ trợ đắc lực, giúp không gian làm việc/sinh hoạt gọn gàng và tiện dụng hơn.

THÔNG SỐ KỸ THUẬT
• Chất liệu: Chất liệu cao cấp, chọn lọc kỹ càng đảm bảo độ bền và tính thẩm mỹ
• Mã sản phẩm: FLD005
• Bảo hành: 12 tháng

CÔNG NĂNG NỔI BẬT
• Thiết kế nhỏ gọn, dễ dàng lắp đặt vào hệ bàn/ghế hiện có
• Chất liệu bền bỉ, chịu lực và chịu nhiệt tốt trong quá trình sử dụng
• Giúp không gian làm việc gọn gàng, khoa học hơn
• Tương thích với nhiều mẫu bàn/ghế khác nhau

PHÙ HỢP KHÔNG GIAN
• Phù hợp bố trí trong không gian nội thất văn phòng, mang lại sự tiện nghi và thẩm mỹ cho tổng thể không gian.",instock,1
HBPL009,Ban hop go plywood chan sat lap rap (2),Nội thất văn phòng > Bàn Văn Phòng > Bàn Họp,13240000,,/images/products/HBPL009-1.png,"Bàn thiết kế chắc chắn, tối ưu không gian sử dụng.","Ban hop go plywood chan sat lap rap (2) là lựa chọn lý tưởng cho không gian làm việc và sinh hoạt hiện đại, kết hợp giữa tính thẩm mỹ và công năng sử dụng thực tế.

THÔNG SỐ KỸ THUẬT
• Chất liệu: Chất liệu cao cấp, chọn lọc kỹ càng đảm bảo độ bền và tính thẩm mỹ
• Mã sản phẩm: HBPL009
• Bảo hành: 12 tháng

CÔNG NĂNG NỔI BẬT
• Mặt bàn rộng rãi, đủ không gian đặt máy tính, tài liệu và vật dụng cá nhân
• Khung/chân bàn chắc chắn, chịu lực tốt, hạn chế rung lắc khi sử dụng
• Thiết kế tối giản, dễ phối hợp với nhiều phong cách nội thất khác nhau
• Dễ dàng lắp ráp và vệ sinh, bảo trì trong quá trình sử dụng lâu dài

PHÙ HỢP KHÔNG GIAN
• Phù hợp bố trí trong không gian nội thất văn phòng, mang lại sự tiện nghi và thẩm mỹ cho tổng thể không gian.",instock,1
HCTG011,Chan ban 160x80cm tam giac quy 02,Nội thất văn phòng > Hệ Bàn > Hệ Tứ Giác Côn,10810000,,"/images/products/HCTG011-1.jpg, /images/products/HCTG011-2.jpg, /images/products/HCTG011-3.jpg, /images/products/HCTG011-4.jpg","Bàn thiết kế chắc chắn, tối ưu không gian sử dụng.","Chan ban 160x80cm tam giac quy 02 là lựa chọn lý tưởng cho không gian làm việc và sinh hoạt hiện đại, kết hợp giữa tính thẩm mỹ và công năng sử dụng thực tế.

THÔNG SỐ KỸ THUẬT
• Chất liệu: Chất liệu cao cấp, chọn lọc kỹ càng đảm bảo độ bền và tính thẩm mỹ
• Kích thước: 160x80cm
• Mã sản phẩm: HCTG011
• Bảo hành: 12 tháng

CÔNG NĂNG NỔI BẬT
• Mặt bàn rộng rãi, đủ không gian đặt máy tính, tài liệu và vật dụng cá nhân
• Khung/chân bàn chắc chắn, chịu lực tốt, hạn chế rung lắc khi sử dụng
• Thiết kế tối giản, dễ phối hợp với nhiều phong cách nội thất khác nhau
• Dễ dàng lắp ráp và vệ sinh, bảo trì trong quá trình sử dụng lâu dài

PHÙ HỢP KHÔNG GIAN
• Phù hợp bố trí trong không gian nội thất văn phòng, mang lại sự tiện nghi và thẩm mỹ cho tổng thể không gian.",instock,1
HBOM003,Ban lam viec 08a,Phòng Làm Việc > Bàn Làm Việc,6280000,,"/images/products/HBOM003-1.jpg, /images/products/HBOM003-2.jpg, /images/products/HBOM003-3.jpg, /images/products/HBOM003-4.jpg, /images/products/HBOM003-5.jpg, /images/products/HBOM003-6.jpg","Bàn thiết kế chắc chắn, tối ưu không gian sử dụng.","Ban lam viec 08a là lựa chọn lý tưởng cho không gian làm việc và sinh hoạt hiện đại, kết hợp giữa tính thẩm mỹ và công năng sử dụng thực tế.

THÔNG SỐ KỸ THUẬT
• Chất liệu: Chất liệu cao cấp, chọn lọc kỹ càng đảm bảo độ bền và tính thẩm mỹ
• Mã sản phẩm: HBOM003
• Bảo hành: 12 tháng

CÔNG NĂNG NỔI BẬT
• Mặt bàn rộng rãi, đủ không gian đặt máy tính, tài liệu và vật dụng cá nhân
• Khung/chân bàn chắc chắn, chịu lực tốt, hạn chế rung lắc khi sử dụng
• Thiết kế tối giản, dễ phối hợp với nhiều phong cách nội thất khác nhau
• Dễ dàng lắp ráp và vệ sinh, bảo trì trong quá trình sử dụng lâu dài

PHÙ HỢP KHÔNG GIAN
• Phù hợp bố trí trong không gian phòng làm việc, mang lại sự tiện nghi và thẩm mỹ cho tổng thể không gian.",instock,1
HBTC032,Ban lam viec co tam chan go plywood chan sat trapeze (2),Phòng Làm Việc > Bàn Làm Việc,12550000,,"/images/products/HBTC032-1.jpg, /images/products/HBTC032-2.jpg, /images/products/HBTC032-3.png, /images/products/HBTC032-4.jpg, /images/products/HBTC032-5.jpg, /images/products/HBTC032-6.jpg","Bàn thiết kế chắc chắn, tối ưu không gian sử dụng.","Ban lam viec co tam chan go plywood chan sat trapeze (2) là lựa chọn lý tưởng cho không gian làm việc và sinh hoạt hiện đại, kết hợp giữa tính thẩm mỹ và công năng sử dụng thực tế.

THÔNG SỐ KỸ THUẬT
• Chất liệu: Chất liệu cao cấp, chọn lọc kỹ càng đảm bảo độ bền và tính thẩm mỹ
• Mã sản phẩm: HBTC032
• Bảo hành: 12 tháng

CÔNG NĂNG NỔI BẬT
• Mặt bàn rộng rãi, đủ không gian đặt máy tính, tài liệu và vật dụng cá nhân
• Khung/chân bàn chắc chắn, chịu lực tốt, hạn chế rung lắc khi sử dụng
• Thiết kế tối giản, dễ phối hợp với nhiều phong cách nội thất khác nhau
• Dễ dàng lắp ráp và vệ sinh, bảo trì trong quá trình sử dụng lâu dài

PHÙ HỢP KHÔNG GIAN
• Phù hợp bố trí trong không gian phòng làm việc, mang lại sự tiện nghi và thẩm mỹ cho tổng thể không gian.",instock,1
HBUC054,Ban hop go plywood be tong chan sat he uconcept (2),Nội thất văn phòng > Hệ Bàn > Hệ UConcept,7510000,,"/images/products/HBUC054-1.jpg, /images/products/HBUC054-2.jpg, /images/products/HBUC054-3.jpg, /images/products/HBUC054-4.png, /images/products/HBUC054-5.jpg, /images/products/HBUC054-6.jpg","Bàn thiết kế chắc chắn, tối ưu không gian sử dụng.","Ban hop go plywood be tong chan sat he uconcept (2) là lựa chọn lý tưởng cho không gian làm việc và sinh hoạt hiện đại, kết hợp giữa tính thẩm mỹ và công năng sử dụng thực tế.

THÔNG SỐ KỸ THUẬT
• Chất liệu: Chất liệu cao cấp, chọn lọc kỹ càng đảm bảo độ bền và tính thẩm mỹ
• Mã sản phẩm: HBUC054
• Bảo hành: 12 tháng

CÔNG NĂNG NỔI BẬT
• Mặt bàn rộng rãi, đủ không gian đặt máy tính, tài liệu và vật dụng cá nhân
• Khung/chân bàn chắc chắn, chịu lực tốt, hạn chế rung lắc khi sử dụng
• Thiết kế tối giản, dễ phối hợp với nhiều phong cách nội thất khác nhau
• Dễ dàng lắp ráp và vệ sinh, bảo trì trong quá trình sử dụng lâu dài

PHÙ HỢP KHÔNG GIAN
• Phù hợp bố trí trong không gian nội thất văn phòng, mang lại sự tiện nghi và thẩm mỹ cho tổng thể không gian.",instock,1
HCTG017,Chan ban gac tu 160x140cm sat tam giac quy 01 3e6o 5p,Nội thất văn phòng > Hệ Bàn > Hệ Tứ Giác Côn,3670000,,"/images/products/HCTG017-1.jpg, /images/products/HCTG017-2.jpg, /images/products/HCTG017-3.jpg, /images/products/HCTG017-4.jpg, /images/products/HCTG017-5.jpg","Bàn thiết kế chắc chắn, tối ưu không gian sử dụng.","Chan ban gac tu 160x140cm sat tam giac quy 01 3e6o 5p là lựa chọn lý tưởng cho không gian làm việc và sinh hoạt hiện đại, kết hợp giữa tính thẩm mỹ và công năng sử dụng thực tế.

THÔNG SỐ KỸ THUẬT
• Chất liệu: Chất liệu cao cấp, chọn lọc kỹ càng đảm bảo độ bền và tính thẩm mỹ
• Kích thước: 160x140cm
• Mã sản phẩm: HCTG017
• Bảo hành: 12 tháng

CÔNG NĂNG NỔI BẬT
• Mặt bàn rộng rãi, đủ không gian đặt máy tính, tài liệu và vật dụng cá nhân
• Khung/chân bàn chắc chắn, chịu lực tốt, hạn chế rung lắc khi sử dụng
• Thiết kế tối giản, dễ phối hợp với nhiều phong cách nội thất khác nhau
• Dễ dàng lắp ráp và vệ sinh, bảo trì trong quá trình sử dụng lâu dài

PHÙ HỢP KHÔNG GIAN
• Phù hợp bố trí trong không gian nội thất văn phòng, mang lại sự tiện nghi và thẩm mỹ cho tổng thể không gian.",instock,1
HBAT001,Ban lam viec 100x60 aton concept chan sat lap rap (2),Phòng Làm Việc > Bàn Làm Việc,6720000,,"/images/products/HBAT001-1.png, /images/products/HBAT001-2.png","Bàn thiết kế chắc chắn, tối ưu không gian sử dụng.","Ban lam viec 100x60 aton concept chan sat lap rap (2) là lựa chọn lý tưởng cho không gian làm việc và sinh hoạt hiện đại, kết hợp giữa tính thẩm mỹ và công năng sử dụng thực tế.

THÔNG SỐ KỸ THUẬT
• Chất liệu: Chất liệu cao cấp, chọn lọc kỹ càng đảm bảo độ bền và tính thẩm mỹ
• Mã sản phẩm: HBAT001
• Bảo hành: 12 tháng

CÔNG NĂNG NỔI BẬT
• Mặt bàn rộng rãi, đủ không gian đặt máy tính, tài liệu và vật dụng cá nhân
• Khung/chân bàn chắc chắn, chịu lực tốt, hạn chế rung lắc khi sử dụng
• Thiết kế tối giản, dễ phối hợp với nhiều phong cách nội thất khác nhau
• Dễ dàng lắp ráp và vệ sinh, bảo trì trong quá trình sử dụng lâu dài

PHÙ HỢP KHÔNG GIAN
• Phù hợp bố trí trong không gian phòng làm việc, mang lại sự tiện nghi và thẩm mỹ cho tổng thể không gian.",instock,1
FLD001,Ban lam viec nang ha chieu cao go cao su 08b,Nội thất văn phòng > Hệ Chân Bàn > Chân bàn nâng hạ Flexi,1160000,,"/images/products/FLD001-1.jpg, /images/products/FLD001-2.jpg, /images/products/FLD001-3.jpg, /images/products/FLD001-4.jpg, /images/products/FLD001-5.jpg, /images/products/FLD001-6.jpg","Phụ kiện tiện dụng, hỗ trợ không gian làm việc gọn gàng.","Ban lam viec nang ha chieu cao go cao su 08b là phụ kiện hỗ trợ đắc lực, giúp không gian làm việc/sinh hoạt gọn gàng và tiện dụng hơn.

THÔNG SỐ KỸ THUẬT
• Chất liệu: Chất liệu cao cấp, chọn lọc kỹ càng đảm bảo độ bền và tính thẩm mỹ
• Mã sản phẩm: FLD001
• Bảo hành: 12 tháng

CÔNG NĂNG NỔI BẬT
• Thiết kế nhỏ gọn, dễ dàng lắp đặt vào hệ bàn/ghế hiện có
• Chất liệu bền bỉ, chịu lực và chịu nhiệt tốt trong quá trình sử dụng
• Giúp không gian làm việc gọn gàng, khoa học hơn
• Tương thích với nhiều mẫu bàn/ghế khác nhau

PHÙ HỢP KHÔNG GIAN
• Phù hợp bố trí trong không gian nội thất văn phòng, mang lại sự tiện nghi và thẩm mỹ cho tổng thể không gian.",instock,1
HBOM214,Ban lam viec ket hop tu 180x60cm he oma ii (8),Nội thất văn phòng > Hệ Bàn > Hệ OMA II,4450000,,"/images/products/HBOM214-1.png, /images/products/HBOM214-2.png, /images/products/HBOM214-3.png, /images/products/HBOM214-4.png, /images/products/HBOM214-5.png, /images/products/HBOM214-6.png","Bàn thiết kế chắc chắn, tối ưu không gian sử dụng.","Ban lam viec ket hop tu 180x60cm he oma ii (8) là lựa chọn lý tưởng cho không gian làm việc và sinh hoạt hiện đại, kết hợp giữa tính thẩm mỹ và công năng sử dụng thực tế.

THÔNG SỐ KỸ THUẬT
• Chất liệu: Chất liệu cao cấp, chọn lọc kỹ càng đảm bảo độ bền và tính thẩm mỹ
• Kích thước: 180x60cm
• Mã sản phẩm: HBOM214
• Bảo hành: 12 tháng

CÔNG NĂNG NỔI BẬT
• Mặt bàn rộng rãi, đủ không gian đặt máy tính, tài liệu và vật dụng cá nhân
• Khung/chân bàn chắc chắn, chịu lực tốt, hạn chế rung lắc khi sử dụng
• Thiết kế tối giản, dễ phối hợp với nhiều phong cách nội thất khác nhau
• Dễ dàng lắp ráp và vệ sinh, bảo trì trong quá trình sử dụng lâu dài

PHÙ HỢP KHÔNG GIAN
• Phù hợp bố trí trong không gian nội thất văn phòng, mang lại sự tiện nghi và thẩm mỹ cho tổng thể không gian.",instock,1
HBOM009,Ban hop 05a,Nội thất văn phòng > Bàn Văn Phòng > Bàn Họp,9410000,,"/images/products/HBOM009-1.jpg, /images/products/HBOM009-2.jpg, /images/products/HBOM009-3.jpg, /images/products/HBOM009-4.jpg","Bàn thiết kế chắc chắn, tối ưu không gian sử dụng.","Ban hop 05a là lựa chọn lý tưởng cho không gian làm việc và sinh hoạt hiện đại, kết hợp giữa tính thẩm mỹ và công năng sử dụng thực tế.

THÔNG SỐ KỸ THUẬT
• Chất liệu: Chất liệu cao cấp, chọn lọc kỹ càng đảm bảo độ bền và tính thẩm mỹ
• Mã sản phẩm: HBOM009
• Bảo hành: 12 tháng

CÔNG NĂNG NỔI BẬT
• Mặt bàn rộng rãi, đủ không gian đặt máy tính, tài liệu và vật dụng cá nhân
• Khung/chân bàn chắc chắn, chịu lực tốt, hạn chế rung lắc khi sử dụng
• Thiết kế tối giản, dễ phối hợp với nhiều phong cách nội thất khác nhau
• Dễ dàng lắp ráp và vệ sinh, bảo trì trong quá trình sử dụng lâu dài

PHÙ HỢP KHÔNG GIAN
• Phù hợp bố trí trong không gian nội thất văn phòng, mang lại sự tiện nghi và thẩm mỹ cho tổng thể không gian.",instock,1
HBSL004,Ban lam viec go plywood melamin chan sat he slean (4),Nội thất văn phòng > Hệ Bàn > Hệ Slean,1850000,,"/images/products/HBSL004-1.png, /images/products/HBSL004-2.png, /images/products/HBSL004-3.jpg, /images/products/HBSL004-4.jpg, /images/products/HBSL004-5.png","Bàn thiết kế chắc chắn, tối ưu không gian sử dụng.","Ban lam viec go plywood melamin chan sat he slean (4) là lựa chọn lý tưởng cho không gian làm việc và sinh hoạt hiện đại, kết hợp giữa tính thẩm mỹ và công năng sử dụng thực tế.

THÔNG SỐ KỸ THUẬT
• Chất liệu: Chất liệu cao cấp, chọn lọc kỹ càng đảm bảo độ bền và tính thẩm mỹ
• Mã sản phẩm: HBSL004
• Bảo hành: 12 tháng

CÔNG NĂNG NỔI BẬT
• Mặt bàn rộng rãi, đủ không gian đặt máy tính, tài liệu và vật dụng cá nhân
• Khung/chân bàn chắc chắn, chịu lực tốt, hạn chế rung lắc khi sử dụng
• Thiết kế tối giản, dễ phối hợp với nhiều phong cách nội thất khác nhau
• Dễ dàng lắp ráp và vệ sinh, bảo trì trong quá trình sử dụng lâu dài

PHÙ HỢP KHÔNG GIAN
• Phù hợp bố trí trong không gian nội thất văn phòng, mang lại sự tiện nghi và thẩm mỹ cho tổng thể không gian.",instock,1
TCN68030,Tu ca nhan di dong 06a,Nội thất văn phòng > Kệ - Tủ Văn Phòng > Tủ Hồ Sơ Di Động,13910000,,"/images/products/TCN68030-1.jpg, /images/products/TCN68030-2.jpg, /images/products/TCN68030-3.jpg, /images/products/TCN68030-4.jpg, /images/products/TCN68030-5.jpg, /images/products/TCN68030-6.jpg","Tủ lưu trữ tiện lợi, thiết kế gọn gàng.","Tu ca nhan di dong 06a giúp tối ưu không gian lưu trữ, sắp xếp đồ đạc gọn gàng, khoa học mà vẫn đảm bảo tính thẩm mỹ cho căn phòng.

THÔNG SỐ KỸ THUẬT
• Chất liệu: Chất liệu cao cấp, chọn lọc kỹ càng đảm bảo độ bền và tính thẩm mỹ
• Mã sản phẩm: TCN68030
• Bảo hành: 12 tháng

CÔNG NĂNG NỔI BẬT
• Nhiều ngăn/kệ chia hợp lý, tối ưu diện tích lưu trữ
• Hệ thống bản lề, tay nắm chắc chắn, đóng mở êm ái
• Bề mặt hoàn thiện chống trầy xước, dễ lau chùi
• Thiết kế kín đáo, giúp không gian luôn gọn gàng ngăn nắp

PHÙ HỢP KHÔNG GIAN
• Phù hợp bố trí trong không gian nội thất văn phòng, mang lại sự tiện nghi và thẩm mỹ cho tổng thể không gian.",instock,1
HBPL012,Ban cum 4 cho ngoi go plywood chan sat lap rap (2),Nội thất văn phòng > Hệ Bàn > Hệ PLY,13870000,,"/images/products/HBPL012-1.png, /images/products/HBPL012-2.jpg","Bàn thiết kế chắc chắn, tối ưu không gian sử dụng.","Ban cum 4 cho ngoi go plywood chan sat lap rap (2) là lựa chọn lý tưởng cho không gian làm việc và sinh hoạt hiện đại, kết hợp giữa tính thẩm mỹ và công năng sử dụng thực tế.

THÔNG SỐ KỸ THUẬT
• Chất liệu: Chất liệu cao cấp, chọn lọc kỹ càng đảm bảo độ bền và tính thẩm mỹ
• Mã sản phẩm: HBPL012
• Bảo hành: 12 tháng

CÔNG NĂNG NỔI BẬT
• Mặt bàn rộng rãi, đủ không gian đặt máy tính, tài liệu và vật dụng cá nhân
• Khung/chân bàn chắc chắn, chịu lực tốt, hạn chế rung lắc khi sử dụng
• Thiết kế tối giản, dễ phối hợp với nhiều phong cách nội thất khác nhau
• Dễ dàng lắp ráp và vệ sinh, bảo trì trong quá trình sử dụng lâu dài

PHÙ HỢP KHÔNG GIAN
• Phù hợp bố trí trong không gian nội thất văn phòng, mang lại sự tiện nghi và thẩm mỹ cho tổng thể không gian.",instock,1
HBMC026,Ban cum 2 song song mconcept 60x140cm (3),Nội thất văn phòng > Bàn Văn Phòng > Cụm bàn 2 người,6220000,,"/images/products/HBMC026-1.jpg, /images/products/HBMC026-2.jpg, /images/products/HBMC026-3.png, /images/products/HBMC026-4.png, /images/products/HBMC026-5.jpg, /images/products/HBMC026-6.jpg","Bàn thiết kế chắc chắn, tối ưu không gian sử dụng.","Ban cum 2 song song mconcept 60x140cm (3) là lựa chọn lý tưởng cho không gian làm việc và sinh hoạt hiện đại, kết hợp giữa tính thẩm mỹ và công năng sử dụng thực tế.

THÔNG SỐ KỸ THUẬT
• Chất liệu: Chất liệu cao cấp, chọn lọc kỹ càng đảm bảo độ bền và tính thẩm mỹ
• Kích thước: 60x140cm
• Mã sản phẩm: HBMC026
• Bảo hành: 12 tháng

CÔNG NĂNG NỔI BẬT
• Mặt bàn rộng rãi, đủ không gian đặt máy tính, tài liệu và vật dụng cá nhân
• Khung/chân bàn chắc chắn, chịu lực tốt, hạn chế rung lắc khi sử dụng
• Thiết kế tối giản, dễ phối hợp với nhiều phong cách nội thất khác nhau
• Dễ dàng lắp ráp và vệ sinh, bảo trì trong quá trình sử dụng lâu dài

PHÙ HỢP KHÔNG GIAN
• Phù hợp bố trí trong không gian nội thất văn phòng, mang lại sự tiện nghi và thẩm mỹ cho tổng thể không gian.",instock,1
BH68027,Ban hop chan sat 2V 2,Nội thất văn phòng > Bàn Văn Phòng > Bàn Họp,10200000,,"/images/products/BH68027-1.jpg, /images/products/BH68027-2.jpg, /images/products/BH68027-3.jpg, /images/products/BH68027-4.jpg, /images/products/BH68027-5.jpg, /images/products/BH68027-6.jpg","Bàn thiết kế chắc chắn, tối ưu không gian sử dụng.","Ban hop chan sat 2V 2 là lựa chọn lý tưởng cho không gian làm việc và sinh hoạt hiện đại, kết hợp giữa tính thẩm mỹ và công năng sử dụng thực tế.

THÔNG SỐ KỸ THUẬT
• Chất liệu: Chất liệu cao cấp, chọn lọc kỹ càng đảm bảo độ bền và tính thẩm mỹ
• Mã sản phẩm: BH68027
• Bảo hành: 12 tháng

CÔNG NĂNG NỔI BẬT
• Mặt bàn rộng rãi, đủ không gian đặt máy tính, tài liệu và vật dụng cá nhân
• Khung/chân bàn chắc chắn, chịu lực tốt, hạn chế rung lắc khi sử dụng
• Thiết kế tối giản, dễ phối hợp với nhiều phong cách nội thất khác nhau
• Dễ dàng lắp ráp và vệ sinh, bảo trì trong quá trình sử dụng lâu dài

PHÙ HỢP KHÔNG GIAN
• Phù hợp bố trí trong không gian nội thất văn phòng, mang lại sự tiện nghi và thẩm mỹ cho tổng thể không gian.",instock,1
HBPL013,B├án cß╗Ñm 6 chß╗ù ngß╗ôi 360x120cm gß╗ù Plywood hß╗ç PLY ch├ón lß║»p r├íp (3),Nội thất văn phòng > Hệ Bàn > Hệ PLY,4800000,,/images/products/HBPL013-1.png,"Bàn thiết kế chắc chắn, tối ưu không gian sử dụng.","B├án cß╗Ñm 6 chß╗ù ngß╗ôi 360x120cm gß╗ù Plywood hß╗ç PLY ch├ón lß║»p r├íp (3) là lựa chọn lý tưởng cho không gian làm việc và sinh hoạt hiện đại, kết hợp giữa tính thẩm mỹ và công năng sử dụng thực tế.

THÔNG SỐ KỸ THUẬT
• Chất liệu: Chất liệu cao cấp, chọn lọc kỹ càng đảm bảo độ bền và tính thẩm mỹ
• Kích thước: 360x120cm
• Mã sản phẩm: HBPL013
• Bảo hành: 12 tháng

CÔNG NĂNG NỔI BẬT
• Mặt bàn rộng rãi, đủ không gian đặt máy tính, tài liệu và vật dụng cá nhân
• Khung/chân bàn chắc chắn, chịu lực tốt, hạn chế rung lắc khi sử dụng
• Thiết kế tối giản, dễ phối hợp với nhiều phong cách nội thất khác nhau
• Dễ dàng lắp ráp và vệ sinh, bảo trì trong quá trình sử dụng lâu dài

PHÙ HỢP KHÔNG GIAN
• Phù hợp bố trí trong không gian nội thất văn phòng, mang lại sự tiện nghi và thẩm mỹ cho tổng thể không gian.",instock,1
HCTG010,Chan ban 140x80cm tam giac quy 02 jiu7 im,Nội thất văn phòng > Hệ Bàn > Hệ Tứ Giác Côn,10320000,,"/images/products/HCTG010-1.jpg, /images/products/HCTG010-2.jpg, /images/products/HCTG010-3.jpg, /images/products/HCTG010-4.jpg","Bàn thiết kế chắc chắn, tối ưu không gian sử dụng.","Chan ban 140x80cm tam giac quy 02 jiu7 im là lựa chọn lý tưởng cho không gian làm việc và sinh hoạt hiện đại, kết hợp giữa tính thẩm mỹ và công năng sử dụng thực tế.

THÔNG SỐ KỸ THUẬT
• Chất liệu: Chất liệu cao cấp, chọn lọc kỹ càng đảm bảo độ bền và tính thẩm mỹ
• Kích thước: 140x80cm
• Mã sản phẩm: HCTG010
• Bảo hành: 12 tháng

CÔNG NĂNG NỔI BẬT
• Mặt bàn rộng rãi, đủ không gian đặt máy tính, tài liệu và vật dụng cá nhân
• Khung/chân bàn chắc chắn, chịu lực tốt, hạn chế rung lắc khi sử dụng
• Thiết kế tối giản, dễ phối hợp với nhiều phong cách nội thất khác nhau
• Dễ dàng lắp ráp và vệ sinh, bảo trì trong quá trình sử dụng lâu dài

PHÙ HỢP KHÔNG GIAN
• Phù hợp bố trí trong không gian nội thất văn phòng, mang lại sự tiện nghi và thẩm mỹ cho tổng thể không gian.",instock,1
HBAC041,Ban cum 4 nguoi go plywood melamin chan sat aconcept (3),Nội thất văn phòng > Bàn Văn Phòng > Cụm bàn 2 người,3590000,,"/images/products/HBAC041-1.jpg, /images/products/HBAC041-2.jpg, /images/products/HBAC041-3.png, /images/products/HBAC041-4.png, /images/products/HBAC041-5.png, /images/products/HBAC041-6.jpg","Bàn thiết kế chắc chắn, tối ưu không gian sử dụng.","Ban cum 4 nguoi go plywood melamin chan sat aconcept (3) là lựa chọn lý tưởng cho không gian làm việc và sinh hoạt hiện đại, kết hợp giữa tính thẩm mỹ và công năng sử dụng thực tế.

THÔNG SỐ KỸ THUẬT
• Chất liệu: Chất liệu cao cấp, chọn lọc kỹ càng đảm bảo độ bền và tính thẩm mỹ
• Mã sản phẩm: HBAC041
• Bảo hành: 12 tháng

CÔNG NĂNG NỔI BẬT
• Mặt bàn rộng rãi, đủ không gian đặt máy tính, tài liệu và vật dụng cá nhân
• Khung/chân bàn chắc chắn, chịu lực tốt, hạn chế rung lắc khi sử dụng
• Thiết kế tối giản, dễ phối hợp với nhiều phong cách nội thất khác nhau
• Dễ dàng lắp ráp và vệ sinh, bảo trì trong quá trình sử dụng lâu dài

PHÙ HỢP KHÔNG GIAN
• Phù hợp bố trí trong không gian nội thất văn phòng, mang lại sự tiện nghi và thẩm mỹ cho tổng thể không gian.",instock,1
HCTG001,Chan sat tam gia quy ban 100x60cm 01 r4bv hl,Nội thất văn phòng > Bàn Văn Phòng > Bàn Giám Đốc,12290000,,"/images/products/HCTG001-1.jpg, /images/products/HCTG001-2.jpg, /images/products/HCTG001-3.jpg, /images/products/HCTG001-4.jpg, /images/products/HCTG001-5.jpg","Bàn thiết kế chắc chắn, tối ưu không gian sử dụng.","Chan sat tam gia quy ban 100x60cm 01 r4bv hl là lựa chọn lý tưởng cho không gian làm việc và sinh hoạt hiện đại, kết hợp giữa tính thẩm mỹ và công năng sử dụng thực tế.

THÔNG SỐ KỸ THUẬT
• Chất liệu: Chất liệu cao cấp, chọn lọc kỹ càng đảm bảo độ bền và tính thẩm mỹ
• Kích thước: 100x60cm
• Mã sản phẩm: HCTG001
• Bảo hành: 12 tháng

CÔNG NĂNG NỔI BẬT
• Mặt bàn rộng rãi, đủ không gian đặt máy tính, tài liệu và vật dụng cá nhân
• Khung/chân bàn chắc chắn, chịu lực tốt, hạn chế rung lắc khi sử dụng
• Thiết kế tối giản, dễ phối hợp với nhiều phong cách nội thất khác nhau
• Dễ dàng lắp ráp và vệ sinh, bảo trì trong quá trình sử dụng lâu dài

PHÙ HỢP KHÔNG GIAN
• Phù hợp bố trí trong không gian nội thất văn phòng, mang lại sự tiện nghi và thẩm mỹ cho tổng thể không gian.",instock,1
HBAC036,Ban lam viec go plywood melamin chan sat aconcept (2),Phòng Làm Việc > Bàn Làm Việc,6810000,,"/images/products/HBAC036-1.jpg, /images/products/HBAC036-2.jpg, /images/products/HBAC036-3.png, /images/products/HBAC036-4.jpg, /images/products/HBAC036-5.jpg, /images/products/HBAC036-6.jpg","Bàn thiết kế chắc chắn, tối ưu không gian sử dụng.","Ban lam viec go plywood melamin chan sat aconcept (2) là lựa chọn lý tưởng cho không gian làm việc và sinh hoạt hiện đại, kết hợp giữa tính thẩm mỹ và công năng sử dụng thực tế.

THÔNG SỐ KỸ THUẬT
• Chất liệu: Chất liệu cao cấp, chọn lọc kỹ càng đảm bảo độ bền và tính thẩm mỹ
• Mã sản phẩm: HBAC036
• Bảo hành: 12 tháng

CÔNG NĂNG NỔI BẬT
• Mặt bàn rộng rãi, đủ không gian đặt máy tính, tài liệu và vật dụng cá nhân
• Khung/chân bàn chắc chắn, chịu lực tốt, hạn chế rung lắc khi sử dụng
• Thiết kế tối giản, dễ phối hợp với nhiều phong cách nội thất khác nhau
• Dễ dàng lắp ráp và vệ sinh, bảo trì trong quá trình sử dụng lâu dài

PHÙ HỢP KHÔNG GIAN
• Phù hợp bố trí trong không gian phòng làm việc, mang lại sự tiện nghi và thẩm mỹ cho tổng thể không gian.",instock,1
HBAC040,Ban cum 2 go plywood melamin chan sat aconcept (13),Nội thất văn phòng > Bàn Văn Phòng > Cụm bàn 2 người,12520000,,"/images/products/HBAC040-1.jpg, /images/products/HBAC040-2.jpg, /images/products/HBAC040-3.jpg, /images/products/HBAC040-4.png, /images/products/HBAC040-5.png, /images/products/HBAC040-6.png","Bàn thiết kế chắc chắn, tối ưu không gian sử dụng.","Ban cum 2 go plywood melamin chan sat aconcept (13) là lựa chọn lý tưởng cho không gian làm việc và sinh hoạt hiện đại, kết hợp giữa tính thẩm mỹ và công năng sử dụng thực tế.

THÔNG SỐ KỸ THUẬT
• Chất liệu: Chất liệu cao cấp, chọn lọc kỹ càng đảm bảo độ bền và tính thẩm mỹ
• Mã sản phẩm: HBAC040
• Bảo hành: 12 tháng

CÔNG NĂNG NỔI BẬT
• Mặt bàn rộng rãi, đủ không gian đặt máy tính, tài liệu và vật dụng cá nhân
• Khung/chân bàn chắc chắn, chịu lực tốt, hạn chế rung lắc khi sử dụng
• Thiết kế tối giản, dễ phối hợp với nhiều phong cách nội thất khác nhau
• Dễ dàng lắp ráp và vệ sinh, bảo trì trong quá trình sử dụng lâu dài

PHÙ HỢP KHÔNG GIAN
• Phù hợp bố trí trong không gian nội thất văn phòng, mang lại sự tiện nghi và thẩm mỹ cho tổng thể không gian.",instock,1
FLD012,Ban nang ha 3 khop mat go cao su khuyet 010,Nội thất văn phòng > Hệ Chân Bàn > Chân bàn nâng hạ Flexi,1310000,,"/images/products/FLD012-1.jpg, /images/products/FLD012-2.jpg, /images/products/FLD012-3.jpg, /images/products/FLD012-4.jpg, /images/products/FLD012-5.jpg, /images/products/FLD012-6.jpg","Phụ kiện tiện dụng, hỗ trợ không gian làm việc gọn gàng.","Ban nang ha 3 khop mat go cao su khuyet 010 là phụ kiện hỗ trợ đắc lực, giúp không gian làm việc/sinh hoạt gọn gàng và tiện dụng hơn.

THÔNG SỐ KỸ THUẬT
• Chất liệu: Chất liệu cao cấp, chọn lọc kỹ càng đảm bảo độ bền và tính thẩm mỹ
• Mã sản phẩm: FLD012
• Bảo hành: 12 tháng

CÔNG NĂNG NỔI BẬT
• Thiết kế nhỏ gọn, dễ dàng lắp đặt vào hệ bàn/ghế hiện có
• Chất liệu bền bỉ, chịu lực và chịu nhiệt tốt trong quá trình sử dụng
• Giúp không gian làm việc gọn gàng, khoa học hơn
• Tương thích với nhiều mẫu bàn/ghế khác nhau

PHÙ HỢP KHÔNG GIAN
• Phù hợp bố trí trong không gian nội thất văn phòng, mang lại sự tiện nghi và thẩm mỹ cho tổng thể không gian.",instock,1
HCUR012,Chan sat lap rap cho ban 80x60cm he ura 6,Nội thất văn phòng > Hệ Bàn > Hệ URA,12020000,,"/images/products/HCUR012-1.jpg, /images/products/HCUR012-2.jpg, /images/products/HCUR012-3.jpg, /images/products/HCUR012-4.jpg, /images/products/HCUR012-5.jpg, /images/products/HCUR012-6.jpg","Bàn thiết kế chắc chắn, tối ưu không gian sử dụng.","Chan sat lap rap cho ban 80x60cm he ura 6 là lựa chọn lý tưởng cho không gian làm việc và sinh hoạt hiện đại, kết hợp giữa tính thẩm mỹ và công năng sử dụng thực tế.

THÔNG SỐ KỸ THUẬT
• Chất liệu: Chất liệu cao cấp, chọn lọc kỹ càng đảm bảo độ bền và tính thẩm mỹ
• Kích thước: 80x60cm
• Mã sản phẩm: HCUR012
• Bảo hành: 12 tháng

CÔNG NĂNG NỔI BẬT
• Mặt bàn rộng rãi, đủ không gian đặt máy tính, tài liệu và vật dụng cá nhân
• Khung/chân bàn chắc chắn, chịu lực tốt, hạn chế rung lắc khi sử dụng
• Thiết kế tối giản, dễ phối hợp với nhiều phong cách nội thất khác nhau
• Dễ dàng lắp ráp và vệ sinh, bảo trì trong quá trình sử dụng lâu dài

PHÙ HỢP KHÔNG GIAN
• Phù hợp bố trí trong không gian nội thất văn phòng, mang lại sự tiện nghi và thẩm mỹ cho tổng thể không gian.",instock,1
OEXH302,O dien treo mat ban JC thuc te 1000x1000,Nội thất văn phòng > Phụ Kiện Bàn > Hộp Điện,670000,,"/images/products/OEXH302-1.jpg, /images/products/OEXH302-2.jpg, /images/products/OEXH302-3.jpg","Phụ kiện tiện dụng, hỗ trợ không gian làm việc gọn gàng.","O dien treo mat ban JC thuc te 1000x1000 là phụ kiện hỗ trợ đắc lực, giúp không gian làm việc/sinh hoạt gọn gàng và tiện dụng hơn.

THÔNG SỐ KỸ THUẬT
• Chất liệu: Chất liệu cao cấp, chọn lọc kỹ càng đảm bảo độ bền và tính thẩm mỹ
• Mã sản phẩm: OEXH302
• Bảo hành: 12 tháng

CÔNG NĂNG NỔI BẬT
• Thiết kế nhỏ gọn, dễ dàng lắp đặt vào hệ bàn/ghế hiện có
• Chất liệu bền bỉ, chịu lực và chịu nhiệt tốt trong quá trình sử dụng
• Giúp không gian làm việc gọn gàng, khoa học hơn
• Tương thích với nhiều mẫu bàn/ghế khác nhau

PHÙ HỢP KHÔNG GIAN
• Phù hợp bố trí trong không gian nội thất văn phòng, mang lại sự tiện nghi và thẩm mỹ cho tổng thể không gian.",instock,1
HBON006,Ban cum 2 120x120 he pipe concept lap rap (3),Nội thất văn phòng > Hệ Bàn > Hệ Pipe,4360000,,"/images/products/HBON006-1.png, /images/products/HBON006-2.png","Bàn thiết kế chắc chắn, tối ưu không gian sử dụng.","Ban cum 2 120x120 he pipe concept lap rap (3) là lựa chọn lý tưởng cho không gian làm việc và sinh hoạt hiện đại, kết hợp giữa tính thẩm mỹ và công năng sử dụng thực tế.

THÔNG SỐ KỸ THUẬT
• Chất liệu: Chất liệu cao cấp, chọn lọc kỹ càng đảm bảo độ bền và tính thẩm mỹ
• Mã sản phẩm: HBON006
• Bảo hành: 12 tháng

CÔNG NĂNG NỔI BẬT
• Mặt bàn rộng rãi, đủ không gian đặt máy tính, tài liệu và vật dụng cá nhân
• Khung/chân bàn chắc chắn, chịu lực tốt, hạn chế rung lắc khi sử dụng
• Thiết kế tối giản, dễ phối hợp với nhiều phong cách nội thất khác nhau
• Dễ dàng lắp ráp và vệ sinh, bảo trì trong quá trình sử dụng lâu dài

PHÙ HỢP KHÔNG GIAN
• Phù hợp bố trí trong không gian nội thất văn phòng, mang lại sự tiện nghi và thẩm mỹ cho tổng thể không gian.",instock,1
HBUC050,Ban lam viec chu l go plywood mau be tong chan sat uconcept (2),Nội thất văn phòng > Hệ Bàn > Hệ UConcept,8070000,,"/images/products/HBUC050-1.jpg, /images/products/HBUC050-2.jpg, /images/products/HBUC050-3.jpg, /images/products/HBUC050-4.jpg, /images/products/HBUC050-5.jpg, /images/products/HBUC050-6.png","Bàn thiết kế chắc chắn, tối ưu không gian sử dụng.","Ban lam viec chu l go plywood mau be tong chan sat uconcept (2) là lựa chọn lý tưởng cho không gian làm việc và sinh hoạt hiện đại, kết hợp giữa tính thẩm mỹ và công năng sử dụng thực tế.

THÔNG SỐ KỸ THUẬT
• Chất liệu: Chất liệu cao cấp, chọn lọc kỹ càng đảm bảo độ bền và tính thẩm mỹ
• Mã sản phẩm: HBUC050
• Bảo hành: 12 tháng

CÔNG NĂNG NỔI BẬT
• Mặt bàn rộng rãi, đủ không gian đặt máy tính, tài liệu và vật dụng cá nhân
• Khung/chân bàn chắc chắn, chịu lực tốt, hạn chế rung lắc khi sử dụng
• Thiết kế tối giản, dễ phối hợp với nhiều phong cách nội thất khác nhau
• Dễ dàng lắp ráp và vệ sinh, bảo trì trong quá trình sử dụng lâu dài

PHÙ HỢP KHÔNG GIAN
• Phù hợp bố trí trong không gian nội thất văn phòng, mang lại sự tiện nghi và thẩm mỹ cho tổng thể không gian.",instock,1
HBAC049,Ban hop go plywood melamin chan sat aconcept (3),Nội thất văn phòng > Bàn Văn Phòng > Bàn Họp,4510000,,"/images/products/HBAC049-1.jpg, /images/products/HBAC049-2.jpg, /images/products/HBAC049-3.png, /images/products/HBAC049-4.png, /images/products/HBAC049-5.jpg, /images/products/HBAC049-6.jpg","Bàn thiết kế chắc chắn, tối ưu không gian sử dụng.","Ban hop go plywood melamin chan sat aconcept (3) là lựa chọn lý tưởng cho không gian làm việc và sinh hoạt hiện đại, kết hợp giữa tính thẩm mỹ và công năng sử dụng thực tế.

THÔNG SỐ KỸ THUẬT
• Chất liệu: Chất liệu cao cấp, chọn lọc kỹ càng đảm bảo độ bền và tính thẩm mỹ
• Mã sản phẩm: HBAC049
• Bảo hành: 12 tháng

CÔNG NĂNG NỔI BẬT
• Mặt bàn rộng rãi, đủ không gian đặt máy tính, tài liệu và vật dụng cá nhân
• Khung/chân bàn chắc chắn, chịu lực tốt, hạn chế rung lắc khi sử dụng
• Thiết kế tối giản, dễ phối hợp với nhiều phong cách nội thất khác nhau
• Dễ dàng lắp ráp và vệ sinh, bảo trì trong quá trình sử dụng lâu dài

PHÙ HỢP KHÔNG GIAN
• Phù hợp bố trí trong không gian nội thất văn phòng, mang lại sự tiện nghi và thẩm mỹ cho tổng thể không gian.",instock,1
HBOV043,Ban gocL 160x160cm go plywood chan oval 03 i84q e8,Nội thất văn phòng > Hệ Bàn > Hệ Oval,10850000,,"/images/products/HBOV043-1.jpg, /images/products/HBOV043-2.jpg, /images/products/HBOV043-3.jpg, /images/products/HBOV043-4.jpg, /images/products/HBOV043-5.jpg, /images/products/HBOV043-6.png","Bàn thiết kế chắc chắn, tối ưu không gian sử dụng.","Ban gocL 160x160cm go plywood chan oval 03 i84q e8 là lựa chọn lý tưởng cho không gian làm việc và sinh hoạt hiện đại, kết hợp giữa tính thẩm mỹ và công năng sử dụng thực tế.

THÔNG SỐ KỸ THUẬT
• Chất liệu: Chất liệu cao cấp, chọn lọc kỹ càng đảm bảo độ bền và tính thẩm mỹ
• Kích thước: 160x160cm
• Mã sản phẩm: HBOV043
• Bảo hành: 12 tháng

CÔNG NĂNG NỔI BẬT
• Mặt bàn rộng rãi, đủ không gian đặt máy tính, tài liệu và vật dụng cá nhân
• Khung/chân bàn chắc chắn, chịu lực tốt, hạn chế rung lắc khi sử dụng
• Thiết kế tối giản, dễ phối hợp với nhiều phong cách nội thất khác nhau
• Dễ dàng lắp ráp và vệ sinh, bảo trì trong quá trình sử dụng lâu dài

PHÙ HỢP KHÔNG GIAN
• Phù hợp bố trí trong không gian nội thất văn phòng, mang lại sự tiện nghi và thẩm mỹ cho tổng thể không gian.",instock,1
CHUL1400,Kich thuoc chan ban sat tam giac quy BAN x1400,Nội thất văn phòng > Hệ Bàn > Hệ Trian,10700000,,"/images/products/CHUL1400-1.jpg, /images/products/CHUL1400-2.jpg, /images/products/CHUL1400-3.jpg, /images/products/CHUL1400-4.jpg, /images/products/CHUL1400-5.jpg","Bàn thiết kế chắc chắn, tối ưu không gian sử dụng.","Kich thuoc chan ban sat tam giac quy BAN x1400 là lựa chọn lý tưởng cho không gian làm việc và sinh hoạt hiện đại, kết hợp giữa tính thẩm mỹ và công năng sử dụng thực tế.

THÔNG SỐ KỸ THUẬT
• Chất liệu: Chất liệu cao cấp, chọn lọc kỹ càng đảm bảo độ bền và tính thẩm mỹ
• Mã sản phẩm: CHUL1400
• Bảo hành: 12 tháng

CÔNG NĂNG NỔI BẬT
• Mặt bàn rộng rãi, đủ không gian đặt máy tính, tài liệu và vật dụng cá nhân
• Khung/chân bàn chắc chắn, chịu lực tốt, hạn chế rung lắc khi sử dụng
• Thiết kế tối giản, dễ phối hợp với nhiều phong cách nội thất khác nhau
• Dễ dàng lắp ráp và vệ sinh, bảo trì trong quá trình sử dụng lâu dài

PHÙ HỢP KHÔNG GIAN
• Phù hợp bố trí trong không gian nội thất văn phòng, mang lại sự tiện nghi và thẩm mỹ cho tổng thể không gian.",instock,1
HCVC002,Chan sat vconcept 120x60cm 01,Nội thất văn phòng > Hệ Bàn > Hệ VConcept,1810000,,/images/products/HCVC002-1.jpg,"Bàn thiết kế chắc chắn, tối ưu không gian sử dụng.","Chan sat vconcept 120x60cm 01 là lựa chọn lý tưởng cho không gian làm việc và sinh hoạt hiện đại, kết hợp giữa tính thẩm mỹ và công năng sử dụng thực tế.

THÔNG SỐ KỸ THUẬT
• Chất liệu: Chất liệu cao cấp, chọn lọc kỹ càng đảm bảo độ bền và tính thẩm mỹ
• Kích thước: 120x60cm
• Mã sản phẩm: HCVC002
• Bảo hành: 12 tháng

CÔNG NĂNG NỔI BẬT
• Mặt bàn rộng rãi, đủ không gian đặt máy tính, tài liệu và vật dụng cá nhân
• Khung/chân bàn chắc chắn, chịu lực tốt, hạn chế rung lắc khi sử dụng
• Thiết kế tối giản, dễ phối hợp với nhiều phong cách nội thất khác nhau
• Dễ dàng lắp ráp và vệ sinh, bảo trì trong quá trình sử dụng lâu dài

PHÙ HỢP KHÔNG GIAN
• Phù hợp bố trí trong không gian nội thất văn phòng, mang lại sự tiện nghi và thẩm mỹ cho tổng thể không gian.",instock,1
HBVC001,Ban lam viec 100x60 vconcept chan sat lap rap (3),Phòng Làm Việc > Bàn Làm Việc,11850000,,"/images/products/HBVC001-1.png, /images/products/HBVC001-2.png","Bàn thiết kế chắc chắn, tối ưu không gian sử dụng.","Ban lam viec 100x60 vconcept chan sat lap rap (3) là lựa chọn lý tưởng cho không gian làm việc và sinh hoạt hiện đại, kết hợp giữa tính thẩm mỹ và công năng sử dụng thực tế.

THÔNG SỐ KỸ THUẬT
• Chất liệu: Chất liệu cao cấp, chọn lọc kỹ càng đảm bảo độ bền và tính thẩm mỹ
• Mã sản phẩm: HBVC001
• Bảo hành: 12 tháng

CÔNG NĂNG NỔI BẬT
• Mặt bàn rộng rãi, đủ không gian đặt máy tính, tài liệu và vật dụng cá nhân
• Khung/chân bàn chắc chắn, chịu lực tốt, hạn chế rung lắc khi sử dụng
• Thiết kế tối giản, dễ phối hợp với nhiều phong cách nội thất khác nhau
• Dễ dàng lắp ráp và vệ sinh, bảo trì trong quá trình sử dụng lâu dài

PHÙ HỢP KHÔNG GIAN
• Phù hợp bố trí trong không gian phòng làm việc, mang lại sự tiện nghi và thẩm mỹ cho tổng thể không gian.",instock,1
HBWD027,Ban lam viec go tram chan ong nuoc (2),Phòng Làm Việc > Bàn Làm Việc,7240000,,/images/products/HBWD027-1.png,"Bàn thiết kế chắc chắn, tối ưu không gian sử dụng.","Ban lam viec go tram chan ong nuoc (2) là lựa chọn lý tưởng cho không gian làm việc và sinh hoạt hiện đại, kết hợp giữa tính thẩm mỹ và công năng sử dụng thực tế.

THÔNG SỐ KỸ THUẬT
• Chất liệu: Chất liệu cao cấp, chọn lọc kỹ càng đảm bảo độ bền và tính thẩm mỹ
• Mã sản phẩm: HBWD027
• Bảo hành: 12 tháng

CÔNG NĂNG NỔI BẬT
• Mặt bàn rộng rãi, đủ không gian đặt máy tính, tài liệu và vật dụng cá nhân
• Khung/chân bàn chắc chắn, chịu lực tốt, hạn chế rung lắc khi sử dụng
• Thiết kế tối giản, dễ phối hợp với nhiều phong cách nội thất khác nhau
• Dễ dàng lắp ráp và vệ sinh, bảo trì trong quá trình sử dụng lâu dài

PHÙ HỢP KHÔNG GIAN
• Phù hợp bố trí trong không gian phòng làm việc, mang lại sự tiện nghi và thẩm mỹ cho tổng thể không gian.",instock,1
TCN68040,Tu van pong pham 05,Nội thất văn phòng > Kệ - Tủ Văn Phòng > Tủ Hồ Sơ Đứng,10000000,,/images/products/TCN68040-1.jpg,"Tủ lưu trữ tiện lợi, thiết kế gọn gàng.","Tu van pong pham 05 giúp tối ưu không gian lưu trữ, sắp xếp đồ đạc gọn gàng, khoa học mà vẫn đảm bảo tính thẩm mỹ cho căn phòng.

THÔNG SỐ KỸ THUẬT
• Chất liệu: Chất liệu cao cấp, chọn lọc kỹ càng đảm bảo độ bền và tính thẩm mỹ
• Mã sản phẩm: TCN68040
• Bảo hành: 12 tháng

CÔNG NĂNG NỔI BẬT
• Nhiều ngăn/kệ chia hợp lý, tối ưu diện tích lưu trữ
• Hệ thống bản lề, tay nắm chắc chắn, đóng mở êm ái
• Bề mặt hoàn thiện chống trầy xước, dễ lau chùi
• Thiết kế kín đáo, giúp không gian luôn gọn gàng ngăn nắp

PHÙ HỢP KHÔNG GIAN
• Phù hợp bố trí trong không gian nội thất văn phòng, mang lại sự tiện nghi và thẩm mỹ cho tổng thể không gian.",instock,1
CB68114,Combo ban go tram va ghe chan xoay 1 9j5b 0b,Trường Học > Bàn Ghế Trường Học > Bàn ghế Mầm Non,1060000,,/images/products/CB68114-1.jpg,"Ghế công thái học, êm ái và bền bỉ.","Combo ban go tram va ghe chan xoay 1 9j5b 0b mang đến trải nghiệm ngồi thoải mái, hỗ trợ tư thế đúng chuẩn cho thời gian sử dụng dài mà không gây mỏi mệt.

THÔNG SỐ KỸ THUẬT
• Chất liệu: Chất liệu cao cấp, chọn lọc kỹ càng đảm bảo độ bền và tính thẩm mỹ
• Mã sản phẩm: CB68114
• Bảo hành: 12 tháng

CÔNG NĂNG NỔI BẬT
• Thiết kế công thái học, nâng đỡ tốt cho vùng lưng và cổ
• Khung ghế chắc chắn, chịu tải trọng tốt, đảm bảo an toàn khi sử dụng
• Đệm ngồi êm ái, thoáng khí, phù hợp ngồi làm việc/sinh hoạt trong thời gian dài
• Kiểu dáng hiện đại, dễ dàng kết hợp với nhiều không gian nội thất

PHÙ HỢP KHÔNG GIAN
• Phù hợp bố trí trong không gian trường học, mang lại sự tiện nghi và thẩm mỹ cho tổng thể không gian.",instock,1
HCTG013,Chan ban chu l 140x150cm chan tam giac quy 01,Nội thất văn phòng > Hệ Bàn > Hệ Tứ Giác Côn,3680000,,"/images/products/HCTG013-1.jpg, /images/products/HCTG013-2.jpg, /images/products/HCTG013-3.jpg","Bàn thiết kế chắc chắn, tối ưu không gian sử dụng.","Chan ban chu l 140x150cm chan tam giac quy 01 là lựa chọn lý tưởng cho không gian làm việc và sinh hoạt hiện đại, kết hợp giữa tính thẩm mỹ và công năng sử dụng thực tế.

THÔNG SỐ KỸ THUẬT
• Chất liệu: Chất liệu cao cấp, chọn lọc kỹ càng đảm bảo độ bền và tính thẩm mỹ
• Kích thước: 140x150cm
• Mã sản phẩm: HCTG013
• Bảo hành: 12 tháng

CÔNG NĂNG NỔI BẬT
• Mặt bàn rộng rãi, đủ không gian đặt máy tính, tài liệu và vật dụng cá nhân
• Khung/chân bàn chắc chắn, chịu lực tốt, hạn chế rung lắc khi sử dụng
• Thiết kế tối giản, dễ phối hợp với nhiều phong cách nội thất khác nhau
• Dễ dàng lắp ráp và vệ sinh, bảo trì trong quá trình sử dụng lâu dài

PHÙ HỢP KHÔNG GIAN
• Phù hợp bố trí trong không gian nội thất văn phòng, mang lại sự tiện nghi và thẩm mỹ cho tổng thể không gian.",instock,1
HBTG014,Ban chu l 160x150cm chan tam giac quy 01,Nội thất văn phòng > Hệ Bàn > Hệ Tứ Giác Côn,7890000,,/images/products/HBTG014-1.jpg,"Bàn thiết kế chắc chắn, tối ưu không gian sử dụng.","Ban chu l 160x150cm chan tam giac quy 01 là lựa chọn lý tưởng cho không gian làm việc và sinh hoạt hiện đại, kết hợp giữa tính thẩm mỹ và công năng sử dụng thực tế.

THÔNG SỐ KỸ THUẬT
• Chất liệu: Chất liệu cao cấp, chọn lọc kỹ càng đảm bảo độ bền và tính thẩm mỹ
• Kích thước: 160x150cm
• Mã sản phẩm: HBTG014
• Bảo hành: 12 tháng

CÔNG NĂNG NỔI BẬT
• Mặt bàn rộng rãi, đủ không gian đặt máy tính, tài liệu và vật dụng cá nhân
• Khung/chân bàn chắc chắn, chịu lực tốt, hạn chế rung lắc khi sử dụng
• Thiết kế tối giản, dễ phối hợp với nhiều phong cách nội thất khác nhau
• Dễ dàng lắp ráp và vệ sinh, bảo trì trong quá trình sử dụng lâu dài

PHÙ HỢP KHÔNG GIAN
• Phù hợp bố trí trong không gian nội thất văn phòng, mang lại sự tiện nghi và thẩm mỹ cho tổng thể không gian.",instock,1
HBON009,Ban lam viec go thong chan ong nuoc chu x (2),Phòng Làm Việc > Bàn Làm Việc,6960000,,"/images/products/HBON009-1.jpg, /images/products/HBON009-2.jpg, /images/products/HBON009-3.jpg, /images/products/HBON009-4.png, /images/products/HBON009-5.jpg, /images/products/HBON009-6.jpg","Bàn thiết kế chắc chắn, tối ưu không gian sử dụng.","Ban lam viec go thong chan ong nuoc chu x (2) là lựa chọn lý tưởng cho không gian làm việc và sinh hoạt hiện đại, kết hợp giữa tính thẩm mỹ và công năng sử dụng thực tế.

THÔNG SỐ KỸ THUẬT
• Chất liệu: Chất liệu cao cấp, chọn lọc kỹ càng đảm bảo độ bền và tính thẩm mỹ
• Mã sản phẩm: HBON009
• Bảo hành: 12 tháng

CÔNG NĂNG NỔI BẬT
• Mặt bàn rộng rãi, đủ không gian đặt máy tính, tài liệu và vật dụng cá nhân
• Khung/chân bàn chắc chắn, chịu lực tốt, hạn chế rung lắc khi sử dụng
• Thiết kế tối giản, dễ phối hợp với nhiều phong cách nội thất khác nhau
• Dễ dàng lắp ráp và vệ sinh, bảo trì trong quá trình sử dụng lâu dài

PHÙ HỢP KHÔNG GIAN
• Phù hợp bố trí trong không gian phòng làm việc, mang lại sự tiện nghi và thẩm mỹ cho tổng thể không gian.",instock,1
HBTH011,Ban hop 200x100 he trapeze ii concept lap rap (2),Nội thất văn phòng > Hệ Bàn > Hệ Trapeze,5820000,,/images/products/HBTH011-1.png,"Bàn thiết kế chắc chắn, tối ưu không gian sử dụng.","Ban hop 200x100 he trapeze ii concept lap rap (2) là lựa chọn lý tưởng cho không gian làm việc và sinh hoạt hiện đại, kết hợp giữa tính thẩm mỹ và công năng sử dụng thực tế.

THÔNG SỐ KỸ THUẬT
• Chất liệu: Chất liệu cao cấp, chọn lọc kỹ càng đảm bảo độ bền và tính thẩm mỹ
• Mã sản phẩm: HBTH011
• Bảo hành: 12 tháng

CÔNG NĂNG NỔI BẬT
• Mặt bàn rộng rãi, đủ không gian đặt máy tính, tài liệu và vật dụng cá nhân
• Khung/chân bàn chắc chắn, chịu lực tốt, hạn chế rung lắc khi sử dụng
• Thiết kế tối giản, dễ phối hợp với nhiều phong cách nội thất khác nhau
• Dễ dàng lắp ráp và vệ sinh, bảo trì trong quá trình sử dụng lâu dài

PHÙ HỢP KHÔNG GIAN
• Phù hợp bố trí trong không gian nội thất văn phòng, mang lại sự tiện nghi và thẩm mỹ cho tổng thể không gian.",instock,1
HCMC029,Chan sat lap rap he mconcept (5),Nội thất văn phòng > Hệ Bàn > Hệ MConcept,2770000,,"/images/products/HCMC029-1.png, /images/products/HCMC029-2.png, /images/products/HCMC029-3.png, /images/products/HCMC029-4.png, /images/products/HCMC029-5.jpg","Bàn thiết kế chắc chắn, tối ưu không gian sử dụng.","Chan sat lap rap he mconcept (5) là lựa chọn lý tưởng cho không gian làm việc và sinh hoạt hiện đại, kết hợp giữa tính thẩm mỹ và công năng sử dụng thực tế.

THÔNG SỐ KỸ THUẬT
• Chất liệu: Chất liệu cao cấp, chọn lọc kỹ càng đảm bảo độ bền và tính thẩm mỹ
• Mã sản phẩm: HCMC029
• Bảo hành: 12 tháng

CÔNG NĂNG NỔI BẬT
• Mặt bàn rộng rãi, đủ không gian đặt máy tính, tài liệu và vật dụng cá nhân
• Khung/chân bàn chắc chắn, chịu lực tốt, hạn chế rung lắc khi sử dụng
• Thiết kế tối giản, dễ phối hợp với nhiều phong cách nội thất khác nhau
• Dễ dàng lắp ráp và vệ sinh, bảo trì trong quá trình sử dụng lâu dài

PHÙ HỢP KHÔNG GIAN
• Phù hợp bố trí trong không gian nội thất văn phòng, mang lại sự tiện nghi và thẩm mỹ cho tổng thể không gian.",instock,1
SPD68203,Ban lam viec 120x60cm go plywood chan sat chu a he minimal (2),Nội thất văn phòng > Hệ Bàn > Hệ Minimal,5840000,,/images/products/SPD68203-1.png,"Bàn thiết kế chắc chắn, tối ưu không gian sử dụng.","Ban lam viec 120x60cm go plywood chan sat chu a he minimal (2) là lựa chọn lý tưởng cho không gian làm việc và sinh hoạt hiện đại, kết hợp giữa tính thẩm mỹ và công năng sử dụng thực tế.

THÔNG SỐ KỸ THUẬT
• Chất liệu: Chất liệu cao cấp, chọn lọc kỹ càng đảm bảo độ bền và tính thẩm mỹ
• Kích thước: 120x60cm
• Mã sản phẩm: SPD68203
• Bảo hành: 12 tháng

CÔNG NĂNG NỔI BẬT
• Mặt bàn rộng rãi, đủ không gian đặt máy tính, tài liệu và vật dụng cá nhân
• Khung/chân bàn chắc chắn, chịu lực tốt, hạn chế rung lắc khi sử dụng
• Thiết kế tối giản, dễ phối hợp với nhiều phong cách nội thất khác nhau
• Dễ dàng lắp ráp và vệ sinh, bảo trì trong quá trình sử dụng lâu dài

PHÙ HỢP KHÔNG GIAN
• Phù hợp bố trí trong không gian nội thất văn phòng, mang lại sự tiện nghi và thẩm mỹ cho tổng thể không gian.",instock,1
FLD014,Ban nang ha 3 khop mat go cao su trang 08,Nội thất văn phòng > Hệ Chân Bàn > Chân bàn nâng hạ Flexi,1440000,,"/images/products/FLD014-1.jpg, /images/products/FLD014-2.jpg, /images/products/FLD014-3.jpg, /images/products/FLD014-4.jpg, /images/products/FLD014-5.jpg, /images/products/FLD014-6.jpg","Phụ kiện tiện dụng, hỗ trợ không gian làm việc gọn gàng.","Ban nang ha 3 khop mat go cao su trang 08 là phụ kiện hỗ trợ đắc lực, giúp không gian làm việc/sinh hoạt gọn gàng và tiện dụng hơn.

THÔNG SỐ KỸ THUẬT
• Chất liệu: Chất liệu cao cấp, chọn lọc kỹ càng đảm bảo độ bền và tính thẩm mỹ
• Mã sản phẩm: FLD014
• Bảo hành: 12 tháng

CÔNG NĂNG NỔI BẬT
• Thiết kế nhỏ gọn, dễ dàng lắp đặt vào hệ bàn/ghế hiện có
• Chất liệu bền bỉ, chịu lực và chịu nhiệt tốt trong quá trình sử dụng
• Giúp không gian làm việc gọn gàng, khoa học hơn
• Tương thích với nhiều mẫu bàn/ghế khác nhau

PHÙ HỢP KHÔNG GIAN
• Phù hợp bố trí trong không gian nội thất văn phòng, mang lại sự tiện nghi và thẩm mỹ cho tổng thể không gian.",instock,1
HBVC022,Ban cum2 100x100cm go plywoood chan vconcept 03,Nội thất văn phòng > Bàn Văn Phòng > Cụm bàn 2 người,3120000,,"/images/products/HBVC022-1.png, /images/products/HBVC022-2.jpg, /images/products/HBVC022-3.jpg, /images/products/HBVC022-4.jpg","Bàn thiết kế chắc chắn, tối ưu không gian sử dụng.","Ban cum2 100x100cm go plywoood chan vconcept 03 là lựa chọn lý tưởng cho không gian làm việc và sinh hoạt hiện đại, kết hợp giữa tính thẩm mỹ và công năng sử dụng thực tế.

THÔNG SỐ KỸ THUẬT
• Chất liệu: Chất liệu cao cấp, chọn lọc kỹ càng đảm bảo độ bền và tính thẩm mỹ
• Kích thước: 100x100cm
• Mã sản phẩm: HBVC022
• Bảo hành: 12 tháng

CÔNG NĂNG NỔI BẬT
• Mặt bàn rộng rãi, đủ không gian đặt máy tính, tài liệu và vật dụng cá nhân
• Khung/chân bàn chắc chắn, chịu lực tốt, hạn chế rung lắc khi sử dụng
• Thiết kế tối giản, dễ phối hợp với nhiều phong cách nội thất khác nhau
• Dễ dàng lắp ráp và vệ sinh, bảo trì trong quá trình sử dụng lâu dài

PHÙ HỢP KHÔNG GIAN
• Phù hợp bố trí trong không gian nội thất văn phòng, mang lại sự tiện nghi và thẩm mỹ cho tổng thể không gian.",instock,1
HBTCC030,Ban lam viec go plywood melamin chan sat lap rap (2),Phòng Làm Việc > Bàn Làm Việc,3240000,,/images/products/HBTCC030-1.png,"Bàn thiết kế chắc chắn, tối ưu không gian sử dụng.","Ban lam viec go plywood melamin chan sat lap rap (2) là lựa chọn lý tưởng cho không gian làm việc và sinh hoạt hiện đại, kết hợp giữa tính thẩm mỹ và công năng sử dụng thực tế.

THÔNG SỐ KỸ THUẬT
• Chất liệu: Chất liệu cao cấp, chọn lọc kỹ càng đảm bảo độ bền và tính thẩm mỹ
• Mã sản phẩm: HBTCC030
• Bảo hành: 12 tháng

CÔNG NĂNG NỔI BẬT
• Mặt bàn rộng rãi, đủ không gian đặt máy tính, tài liệu và vật dụng cá nhân
• Khung/chân bàn chắc chắn, chịu lực tốt, hạn chế rung lắc khi sử dụng
• Thiết kế tối giản, dễ phối hợp với nhiều phong cách nội thất khác nhau
• Dễ dàng lắp ráp và vệ sinh, bảo trì trong quá trình sử dụng lâu dài

PHÙ HỢP KHÔNG GIAN
• Phù hợp bố trí trong không gian phòng làm việc, mang lại sự tiện nghi và thẩm mỹ cho tổng thể không gian.",instock,1
HBXC030,Ban lam viec go plywood melamin chan sat xconcept (2),Phòng Làm Việc > Bàn Làm Việc,9950000,,"/images/products/HBXC030-1.jpg, /images/products/HBXC030-2.jpg, /images/products/HBXC030-3.png, /images/products/HBXC030-4.png, /images/products/HBXC030-5.jpg, /images/products/HBXC030-6.jpg","Bàn thiết kế chắc chắn, tối ưu không gian sử dụng.","Ban lam viec go plywood melamin chan sat xconcept (2) là lựa chọn lý tưởng cho không gian làm việc và sinh hoạt hiện đại, kết hợp giữa tính thẩm mỹ và công năng sử dụng thực tế.

THÔNG SỐ KỸ THUẬT
• Chất liệu: Chất liệu cao cấp, chọn lọc kỹ càng đảm bảo độ bền và tính thẩm mỹ
• Mã sản phẩm: HBXC030
• Bảo hành: 12 tháng

CÔNG NĂNG NỔI BẬT
• Mặt bàn rộng rãi, đủ không gian đặt máy tính, tài liệu và vật dụng cá nhân
• Khung/chân bàn chắc chắn, chịu lực tốt, hạn chế rung lắc khi sử dụng
• Thiết kế tối giản, dễ phối hợp với nhiều phong cách nội thất khác nhau
• Dễ dàng lắp ráp và vệ sinh, bảo trì trong quá trình sử dụng lâu dài

PHÙ HỢP KHÔNG GIAN
• Phù hợp bố trí trong không gian phòng làm việc, mang lại sự tiện nghi và thẩm mỹ cho tổng thể không gian.",instock,1
BLT68017,Ban le tan go tram 09,Nội thất văn phòng > Bàn Văn Phòng > Quầy Lễ Tân,2960000,,"/images/products/BLT68017-1.jpg, /images/products/BLT68017-2.jpg, /images/products/BLT68017-3.jpg, /images/products/BLT68017-4.jpg, /images/products/BLT68017-5.jpg, /images/products/BLT68017-6.jpg","Bàn thiết kế chắc chắn, tối ưu không gian sử dụng.","Ban le tan go tram 09 là lựa chọn lý tưởng cho không gian làm việc và sinh hoạt hiện đại, kết hợp giữa tính thẩm mỹ và công năng sử dụng thực tế.

THÔNG SỐ KỸ THUẬT
• Chất liệu: Chất liệu cao cấp, chọn lọc kỹ càng đảm bảo độ bền và tính thẩm mỹ
• Mã sản phẩm: BLT68017
• Bảo hành: 12 tháng

CÔNG NĂNG NỔI BẬT
• Mặt bàn rộng rãi, đủ không gian đặt máy tính, tài liệu và vật dụng cá nhân
• Khung/chân bàn chắc chắn, chịu lực tốt, hạn chế rung lắc khi sử dụng
• Thiết kế tối giản, dễ phối hợp với nhiều phong cách nội thất khác nhau
• Dễ dàng lắp ráp và vệ sinh, bảo trì trong quá trình sử dụng lâu dài

PHÙ HỢP KHÔNG GIAN
• Phù hợp bố trí trong không gian nội thất văn phòng, mang lại sự tiện nghi và thẩm mỹ cho tổng thể không gian.",instock,1
HBOM008,Ban cum4 08a,Nội thất văn phòng > Bàn Văn Phòng > Bàn Giám Đốc,10740000,,"/images/products/HBOM008-1.jpg, /images/products/HBOM008-2.jpg, /images/products/HBOM008-3.jpg, /images/products/HBOM008-4.jpg, /images/products/HBOM008-5.jpg, /images/products/HBOM008-6.jpg","Bàn thiết kế chắc chắn, tối ưu không gian sử dụng.","Ban cum4 08a là lựa chọn lý tưởng cho không gian làm việc và sinh hoạt hiện đại, kết hợp giữa tính thẩm mỹ và công năng sử dụng thực tế.

THÔNG SỐ KỸ THUẬT
• Chất liệu: Chất liệu cao cấp, chọn lọc kỹ càng đảm bảo độ bền và tính thẩm mỹ
• Mã sản phẩm: HBOM008
• Bảo hành: 12 tháng

CÔNG NĂNG NỔI BẬT
• Mặt bàn rộng rãi, đủ không gian đặt máy tính, tài liệu và vật dụng cá nhân
• Khung/chân bàn chắc chắn, chịu lực tốt, hạn chế rung lắc khi sử dụng
• Thiết kế tối giản, dễ phối hợp với nhiều phong cách nội thất khác nhau
• Dễ dàng lắp ráp và vệ sinh, bảo trì trong quá trình sử dụng lâu dài

PHÙ HỢP KHÔNG GIAN
• Phù hợp bố trí trong không gian nội thất văn phòng, mang lại sự tiện nghi và thẩm mỹ cho tổng thể không gian.",instock,1
MS68011,Ke man hinh go cao su 08,Nội thất văn phòng > Phụ Kiện Bàn > Kệ Màn Hình,510000,,"/images/products/MS68011-1.jpg, /images/products/MS68011-2.jpg, /images/products/MS68011-3.jpg, /images/products/MS68011-4.jpg, /images/products/MS68011-5.jpg, /images/products/MS68011-6.jpg","Phụ kiện tiện dụng, hỗ trợ không gian làm việc gọn gàng.","Ke man hinh go cao su 08 là phụ kiện hỗ trợ đắc lực, giúp không gian làm việc/sinh hoạt gọn gàng và tiện dụng hơn.

THÔNG SỐ KỸ THUẬT
• Chất liệu: Chất liệu cao cấp, chọn lọc kỹ càng đảm bảo độ bền và tính thẩm mỹ
• Mã sản phẩm: MS68011
• Bảo hành: 12 tháng

CÔNG NĂNG NỔI BẬT
• Thiết kế nhỏ gọn, dễ dàng lắp đặt vào hệ bàn/ghế hiện có
• Chất liệu bền bỉ, chịu lực và chịu nhiệt tốt trong quá trình sử dụng
• Giúp không gian làm việc gọn gàng, khoa học hơn
• Tương thích với nhiều mẫu bàn/ghế khác nhau

PHÙ HỢP KHÔNG GIAN
• Phù hợp bố trí trong không gian nội thất văn phòng, mang lại sự tiện nghi và thẩm mỹ cho tổng thể không gian.",instock,1
HBAC037,Ban lam viec go plywood melamin chan sat aconcept (2),Phòng Làm Việc > Bàn Làm Việc,3950000,,"/images/products/HBAC037-1.jpg, /images/products/HBAC037-2.jpg, /images/products/HBAC037-3.png, /images/products/HBAC037-4.png, /images/products/HBAC037-5.jpg, /images/products/HBAC037-6.jpg","Bàn thiết kế chắc chắn, tối ưu không gian sử dụng.","Ban lam viec go plywood melamin chan sat aconcept (2) là lựa chọn lý tưởng cho không gian làm việc và sinh hoạt hiện đại, kết hợp giữa tính thẩm mỹ và công năng sử dụng thực tế.

THÔNG SỐ KỸ THUẬT
• Chất liệu: Chất liệu cao cấp, chọn lọc kỹ càng đảm bảo độ bền và tính thẩm mỹ
• Mã sản phẩm: HBAC037
• Bảo hành: 12 tháng

CÔNG NĂNG NỔI BẬT
• Mặt bàn rộng rãi, đủ không gian đặt máy tính, tài liệu và vật dụng cá nhân
• Khung/chân bàn chắc chắn, chịu lực tốt, hạn chế rung lắc khi sử dụng
• Thiết kế tối giản, dễ phối hợp với nhiều phong cách nội thất khác nhau
• Dễ dàng lắp ráp và vệ sinh, bảo trì trong quá trình sử dụng lâu dài

PHÙ HỢP KHÔNG GIAN
• Phù hợp bố trí trong không gian phòng làm việc, mang lại sự tiện nghi và thẩm mỹ cho tổng thể không gian.",instock,1
CHB68044,Chan ban hairpin plus 07,Nội thất văn phòng > Hệ Chân Bàn > Chân sắt HairPin,1630000,,"/images/products/CHB68044-1.jpg, /images/products/CHB68044-2.jpg, /images/products/CHB68044-3.jpg, /images/products/CHB68044-4.jpg, /images/products/CHB68044-5.jpg, /images/products/CHB68044-6.jpg","Phụ kiện tiện dụng, hỗ trợ không gian làm việc gọn gàng.","Chan ban hairpin plus 07 là phụ kiện hỗ trợ đắc lực, giúp không gian làm việc/sinh hoạt gọn gàng và tiện dụng hơn.

THÔNG SỐ KỸ THUẬT
• Chất liệu: Chất liệu cao cấp, chọn lọc kỹ càng đảm bảo độ bền và tính thẩm mỹ
• Mã sản phẩm: CHB68044
• Bảo hành: 12 tháng

CÔNG NĂNG NỔI BẬT
• Thiết kế nhỏ gọn, dễ dàng lắp đặt vào hệ bàn/ghế hiện có
• Chất liệu bền bỉ, chịu lực và chịu nhiệt tốt trong quá trình sử dụng
• Giúp không gian làm việc gọn gàng, khoa học hơn
• Tương thích với nhiều mẫu bàn/ghế khác nhau

PHÙ HỢP KHÔNG GIAN
• Phù hợp bố trí trong không gian nội thất văn phòng, mang lại sự tiện nghi và thẩm mỹ cho tổng thể không gian.",instock,1
HBCN020,Ban giam doc gac tu he con cone ii r02,Nội thất văn phòng > Hệ Bàn > Hệ CONE II,9770000,,"/images/products/HBCN020-1.jpg, /images/products/HBCN020-2.jpg, /images/products/HBCN020-3.jpg","Bàn thiết kế chắc chắn, tối ưu không gian sử dụng.","Ban giam doc gac tu he con cone ii r02 là lựa chọn lý tưởng cho không gian làm việc và sinh hoạt hiện đại, kết hợp giữa tính thẩm mỹ và công năng sử dụng thực tế.

THÔNG SỐ KỸ THUẬT
• Chất liệu: Chất liệu cao cấp, chọn lọc kỹ càng đảm bảo độ bền và tính thẩm mỹ
• Mã sản phẩm: HBCN020
• Bảo hành: 12 tháng

CÔNG NĂNG NỔI BẬT
• Mặt bàn rộng rãi, đủ không gian đặt máy tính, tài liệu và vật dụng cá nhân
• Khung/chân bàn chắc chắn, chịu lực tốt, hạn chế rung lắc khi sử dụng
• Thiết kế tối giản, dễ phối hợp với nhiều phong cách nội thất khác nhau
• Dễ dàng lắp ráp và vệ sinh, bảo trì trong quá trình sử dụng lâu dài

PHÙ HỢP KHÔNG GIAN
• Phù hợp bố trí trong không gian nội thất văn phòng, mang lại sự tiện nghi và thẩm mỹ cho tổng thể không gian.",instock,1
HBMC023,Ban giam doc 160x140 mconcept chan sat lap rap (2),Nội thất văn phòng > Bàn Văn Phòng > Bàn Giám Đốc,11020000,,"/images/products/HBMC023-1.png, /images/products/HBMC023-2.png","Bàn thiết kế chắc chắn, tối ưu không gian sử dụng.","Ban giam doc 160x140 mconcept chan sat lap rap (2) là lựa chọn lý tưởng cho không gian làm việc và sinh hoạt hiện đại, kết hợp giữa tính thẩm mỹ và công năng sử dụng thực tế.

THÔNG SỐ KỸ THUẬT
• Chất liệu: Chất liệu cao cấp, chọn lọc kỹ càng đảm bảo độ bền và tính thẩm mỹ
• Mã sản phẩm: HBMC023
• Bảo hành: 12 tháng

CÔNG NĂNG NỔI BẬT
• Mặt bàn rộng rãi, đủ không gian đặt máy tính, tài liệu và vật dụng cá nhân
• Khung/chân bàn chắc chắn, chịu lực tốt, hạn chế rung lắc khi sử dụng
• Thiết kế tối giản, dễ phối hợp với nhiều phong cách nội thất khác nhau
• Dễ dàng lắp ráp và vệ sinh, bảo trì trong quá trình sử dụng lâu dài

PHÙ HỢP KHÔNG GIAN
• Phù hợp bố trí trong không gian nội thất văn phòng, mang lại sự tiện nghi và thẩm mỹ cho tổng thể không gian.",instock,1
VIEC200,Ban lam x70cm go tram chan sat rectangc,Nội thất văn phòng > Hệ Bàn > Hệ Rectang,4570000,,/images/products/VIEC200-1.jpg,"Bàn thiết kế chắc chắn, tối ưu không gian sử dụng.","Ban lam x70cm go tram chan sat rectangc là lựa chọn lý tưởng cho không gian làm việc và sinh hoạt hiện đại, kết hợp giữa tính thẩm mỹ và công năng sử dụng thực tế.

THÔNG SỐ KỸ THUẬT
• Chất liệu: Chất liệu cao cấp, chọn lọc kỹ càng đảm bảo độ bền và tính thẩm mỹ
• Mã sản phẩm: VIEC200
• Bảo hành: 12 tháng

CÔNG NĂNG NỔI BẬT
• Mặt bàn rộng rãi, đủ không gian đặt máy tính, tài liệu và vật dụng cá nhân
• Khung/chân bàn chắc chắn, chịu lực tốt, hạn chế rung lắc khi sử dụng
• Thiết kế tối giản, dễ phối hợp với nhiều phong cách nội thất khác nhau
• Dễ dàng lắp ráp và vệ sinh, bảo trì trong quá trình sử dụng lâu dài

PHÙ HỢP KHÔNG GIAN
• Phù hợp bố trí trong không gian nội thất văn phòng, mang lại sự tiện nghi và thẩm mỹ cho tổng thể không gian.",instock,1
HBOV037,Ban lam viec 160x80cm go plywood chan oval 4,Phòng Làm Việc > Bàn Làm Việc,6250000,,"/images/products/HBOV037-1.jpg, /images/products/HBOV037-2.jpg, /images/products/HBOV037-3.jpg, /images/products/HBOV037-4.png, /images/products/HBOV037-5.jpg, /images/products/HBOV037-6.jpg","Bàn thiết kế chắc chắn, tối ưu không gian sử dụng.","Ban lam viec 160x80cm go plywood chan oval 4 là lựa chọn lý tưởng cho không gian làm việc và sinh hoạt hiện đại, kết hợp giữa tính thẩm mỹ và công năng sử dụng thực tế.

THÔNG SỐ KỸ THUẬT
• Chất liệu: Chất liệu cao cấp, chọn lọc kỹ càng đảm bảo độ bền và tính thẩm mỹ
• Kích thước: 160x80cm
• Mã sản phẩm: HBOV037
• Bảo hành: 12 tháng

CÔNG NĂNG NỔI BẬT
• Mặt bàn rộng rãi, đủ không gian đặt máy tính, tài liệu và vật dụng cá nhân
• Khung/chân bàn chắc chắn, chịu lực tốt, hạn chế rung lắc khi sử dụng
• Thiết kế tối giản, dễ phối hợp với nhiều phong cách nội thất khác nhau
• Dễ dàng lắp ráp và vệ sinh, bảo trì trong quá trình sử dụng lâu dài

PHÙ HỢP KHÔNG GIAN
• Phù hợp bố trí trong không gian phòng làm việc, mang lại sự tiện nghi và thẩm mỹ cho tổng thể không gian.",instock,1
HCTG008,Chan ban 140x70cm tam giac quy 02,Nội thất văn phòng > Hệ Bàn > Hệ Tứ Giác Côn,10650000,,"/images/products/HCTG008-1.jpg, /images/products/HCTG008-2.jpg, /images/products/HCTG008-3.jpg","Bàn thiết kế chắc chắn, tối ưu không gian sử dụng.","Chan ban 140x70cm tam giac quy 02 là lựa chọn lý tưởng cho không gian làm việc và sinh hoạt hiện đại, kết hợp giữa tính thẩm mỹ và công năng sử dụng thực tế.

THÔNG SỐ KỸ THUẬT
• Chất liệu: Chất liệu cao cấp, chọn lọc kỹ càng đảm bảo độ bền và tính thẩm mỹ
• Kích thước: 140x70cm
• Mã sản phẩm: HCTG008
• Bảo hành: 12 tháng

CÔNG NĂNG NỔI BẬT
• Mặt bàn rộng rãi, đủ không gian đặt máy tính, tài liệu và vật dụng cá nhân
• Khung/chân bàn chắc chắn, chịu lực tốt, hạn chế rung lắc khi sử dụng
• Thiết kế tối giản, dễ phối hợp với nhiều phong cách nội thất khác nhau
• Dễ dàng lắp ráp và vệ sinh, bảo trì trong quá trình sử dụng lâu dài

PHÙ HỢP KHÔNG GIAN
• Phù hợp bố trí trong không gian nội thất văn phòng, mang lại sự tiện nghi và thẩm mỹ cho tổng thể không gian.",instock,1
HBUC040,Ban lam viec 140x60cm plywood be tong 03,Phòng Làm Việc > Bàn Làm Việc,11980000,,"/images/products/HBUC040-1.jpg, /images/products/HBUC040-2.jpg, /images/products/HBUC040-3.png, /images/products/HBUC040-4.png, /images/products/HBUC040-5.jpg, /images/products/HBUC040-6.jpg","Bàn thiết kế chắc chắn, tối ưu không gian sử dụng.","Ban lam viec 140x60cm plywood be tong 03 là lựa chọn lý tưởng cho không gian làm việc và sinh hoạt hiện đại, kết hợp giữa tính thẩm mỹ và công năng sử dụng thực tế.

THÔNG SỐ KỸ THUẬT
• Chất liệu: Chất liệu cao cấp, chọn lọc kỹ càng đảm bảo độ bền và tính thẩm mỹ
• Kích thước: 140x60cm
• Mã sản phẩm: HBUC040
• Bảo hành: 12 tháng

CÔNG NĂNG NỔI BẬT
• Mặt bàn rộng rãi, đủ không gian đặt máy tính, tài liệu và vật dụng cá nhân
• Khung/chân bàn chắc chắn, chịu lực tốt, hạn chế rung lắc khi sử dụng
• Thiết kế tối giản, dễ phối hợp với nhiều phong cách nội thất khác nhau
• Dễ dàng lắp ráp và vệ sinh, bảo trì trong quá trình sử dụng lâu dài

PHÙ HỢP KHÔNG GIAN
• Phù hợp bố trí trong không gian phòng làm việc, mang lại sự tiện nghi và thẩm mỹ cho tổng thể không gian.",instock,1
HBTA003,Ban lam viec 60x140cm eh trian chan sat tam giac (2),Phòng Làm Việc > Bàn Làm Việc,8900000,,"/images/products/HBTA003-1.png, /images/products/HBTA003-2.png","Bàn thiết kế chắc chắn, tối ưu không gian sử dụng.","Ban lam viec 60x140cm eh trian chan sat tam giac (2) là lựa chọn lý tưởng cho không gian làm việc và sinh hoạt hiện đại, kết hợp giữa tính thẩm mỹ và công năng sử dụng thực tế.

THÔNG SỐ KỸ THUẬT
• Chất liệu: Chất liệu cao cấp, chọn lọc kỹ càng đảm bảo độ bền và tính thẩm mỹ
• Kích thước: 60x140cm
• Mã sản phẩm: HBTA003
• Bảo hành: 12 tháng

CÔNG NĂNG NỔI BẬT
• Mặt bàn rộng rãi, đủ không gian đặt máy tính, tài liệu và vật dụng cá nhân
• Khung/chân bàn chắc chắn, chịu lực tốt, hạn chế rung lắc khi sử dụng
• Thiết kế tối giản, dễ phối hợp với nhiều phong cách nội thất khác nhau
• Dễ dàng lắp ráp và vệ sinh, bảo trì trong quá trình sử dụng lâu dài

PHÙ HỢP KHÔNG GIAN
• Phù hợp bố trí trong không gian phòng làm việc, mang lại sự tiện nghi và thẩm mỹ cho tổng thể không gian.",instock,1
HCTG003,Chan ban 140x60cm chan tam giac quy 01 5q96 9f,Nội thất văn phòng > Hệ Bàn > Hệ Tứ Giác Côn,5350000,,"/images/products/HCTG003-1.jpg, /images/products/HCTG003-2.jpg, /images/products/HCTG003-3.jpg, /images/products/HCTG003-4.jpg","Bàn thiết kế chắc chắn, tối ưu không gian sử dụng.","Chan ban 140x60cm chan tam giac quy 01 5q96 9f là lựa chọn lý tưởng cho không gian làm việc và sinh hoạt hiện đại, kết hợp giữa tính thẩm mỹ và công năng sử dụng thực tế.

THÔNG SỐ KỸ THUẬT
• Chất liệu: Chất liệu cao cấp, chọn lọc kỹ càng đảm bảo độ bền và tính thẩm mỹ
• Kích thước: 140x60cm
• Mã sản phẩm: HCTG003
• Bảo hành: 12 tháng

CÔNG NĂNG NỔI BẬT
• Mặt bàn rộng rãi, đủ không gian đặt máy tính, tài liệu và vật dụng cá nhân
• Khung/chân bàn chắc chắn, chịu lực tốt, hạn chế rung lắc khi sử dụng
• Thiết kế tối giản, dễ phối hợp với nhiều phong cách nội thất khác nhau
• Dễ dàng lắp ráp và vệ sinh, bảo trì trong quá trình sử dụng lâu dài

PHÙ HỢP KHÔNG GIAN
• Phù hợp bố trí trong không gian nội thất văn phòng, mang lại sự tiện nghi và thẩm mỹ cho tổng thể không gian.",instock,1
TCN68033,Tu ho so di dong go 09a,Nội thất văn phòng > Kệ - Tủ Văn Phòng > Tủ Hồ Sơ Di Động,10850000,,"/images/products/TCN68033-1.jpg, /images/products/TCN68033-2.jpg, /images/products/TCN68033-3.jpg, /images/products/TCN68033-4.jpg, /images/products/TCN68033-5.jpg, /images/products/TCN68033-6.jpg","Tủ lưu trữ tiện lợi, thiết kế gọn gàng.","Tu ho so di dong go 09a giúp tối ưu không gian lưu trữ, sắp xếp đồ đạc gọn gàng, khoa học mà vẫn đảm bảo tính thẩm mỹ cho căn phòng.

THÔNG SỐ KỸ THUẬT
• Chất liệu: Chất liệu cao cấp, chọn lọc kỹ càng đảm bảo độ bền và tính thẩm mỹ
• Mã sản phẩm: TCN68033
• Bảo hành: 12 tháng

CÔNG NĂNG NỔI BẬT
• Nhiều ngăn/kệ chia hợp lý, tối ưu diện tích lưu trữ
• Hệ thống bản lề, tay nắm chắc chắn, đóng mở êm ái
• Bề mặt hoàn thiện chống trầy xước, dễ lau chùi
• Thiết kế kín đáo, giúp không gian luôn gọn gàng ngăn nắp

PHÙ HỢP KHÔNG GIAN
• Phù hợp bố trí trong không gian nội thất văn phòng, mang lại sự tiện nghi và thẩm mỹ cho tổng thể không gian.",instock,1
HBTG009,Ban 180x70cm go cao su chan tam giac quy 01 ibr8 6w,Nội thất văn phòng > Hệ Bàn > Hệ Tứ Giác Côn,13370000,,"/images/products/HBTG009-1.jpg, /images/products/HBTG009-2.jpg, /images/products/HBTG009-3.jpg, /images/products/HBTG009-4.jpg, /images/products/HBTG009-5.jpg, /images/products/HBTG009-6.jpg","Bàn thiết kế chắc chắn, tối ưu không gian sử dụng.","Ban 180x70cm go cao su chan tam giac quy 01 ibr8 6w là lựa chọn lý tưởng cho không gian làm việc và sinh hoạt hiện đại, kết hợp giữa tính thẩm mỹ và công năng sử dụng thực tế.

THÔNG SỐ KỸ THUẬT
• Chất liệu: Chất liệu cao cấp, chọn lọc kỹ càng đảm bảo độ bền và tính thẩm mỹ
• Kích thước: 180x70cm
• Mã sản phẩm: HBTG009
• Bảo hành: 12 tháng

CÔNG NĂNG NỔI BẬT
• Mặt bàn rộng rãi, đủ không gian đặt máy tính, tài liệu và vật dụng cá nhân
• Khung/chân bàn chắc chắn, chịu lực tốt, hạn chế rung lắc khi sử dụng
• Thiết kế tối giản, dễ phối hợp với nhiều phong cách nội thất khác nhau
• Dễ dàng lắp ráp và vệ sinh, bảo trì trong quá trình sử dụng lâu dài

PHÙ HỢP KHÔNG GIAN
• Phù hợp bố trí trong không gian nội thất văn phòng, mang lại sự tiện nghi và thẩm mỹ cho tổng thể không gian.",instock,1
HBUC055,Ban cum2 100x100cm go plywoood chan uconcept 02,Nội thất văn phòng > Bàn Văn Phòng > Cụm bàn 2 người,5170000,,"/images/products/HBUC055-1.jpg, /images/products/HBUC055-2.jpg, /images/products/HBUC055-3.png, /images/products/HBUC055-4.jpg, /images/products/HBUC055-5.jpg","Bàn thiết kế chắc chắn, tối ưu không gian sử dụng.","Ban cum2 100x100cm go plywoood chan uconcept 02 là lựa chọn lý tưởng cho không gian làm việc và sinh hoạt hiện đại, kết hợp giữa tính thẩm mỹ và công năng sử dụng thực tế.

THÔNG SỐ KỸ THUẬT
• Chất liệu: Chất liệu cao cấp, chọn lọc kỹ càng đảm bảo độ bền và tính thẩm mỹ
• Kích thước: 100x100cm
• Mã sản phẩm: HBUC055
• Bảo hành: 12 tháng

CÔNG NĂNG NỔI BẬT
• Mặt bàn rộng rãi, đủ không gian đặt máy tính, tài liệu và vật dụng cá nhân
• Khung/chân bàn chắc chắn, chịu lực tốt, hạn chế rung lắc khi sử dụng
• Thiết kế tối giản, dễ phối hợp với nhiều phong cách nội thất khác nhau
• Dễ dàng lắp ráp và vệ sinh, bảo trì trong quá trình sử dụng lâu dài

PHÙ HỢP KHÔNG GIAN
• Phù hợp bố trí trong không gian nội thất văn phòng, mang lại sự tiện nghi và thẩm mỹ cho tổng thể không gian.",instock,1
HBLG043,Ban cum 8 he lego mini 02,Nội thất văn phòng > Hệ Bàn > Hệ Lego,13760000,,"/images/products/HBLG043-1.jpg, /images/products/HBLG043-2.jpg, /images/products/HBLG043-3.jpg","Bàn thiết kế chắc chắn, tối ưu không gian sử dụng.","Ban cum 8 he lego mini 02 là lựa chọn lý tưởng cho không gian làm việc và sinh hoạt hiện đại, kết hợp giữa tính thẩm mỹ và công năng sử dụng thực tế.

THÔNG SỐ KỸ THUẬT
• Chất liệu: Chất liệu cao cấp, chọn lọc kỹ càng đảm bảo độ bền và tính thẩm mỹ
• Mã sản phẩm: HBLG043
• Bảo hành: 12 tháng

CÔNG NĂNG NỔI BẬT
• Mặt bàn rộng rãi, đủ không gian đặt máy tính, tài liệu và vật dụng cá nhân
• Khung/chân bàn chắc chắn, chịu lực tốt, hạn chế rung lắc khi sử dụng
• Thiết kế tối giản, dễ phối hợp với nhiều phong cách nội thất khác nhau
• Dễ dàng lắp ráp và vệ sinh, bảo trì trong quá trình sử dụng lâu dài

PHÙ HỢP KHÔNG GIAN
• Phù hợp bố trí trong không gian nội thất văn phòng, mang lại sự tiện nghi và thẩm mỹ cho tổng thể không gian.",instock,1
HBAT014,Ban cum 4 240x120 aton concept chan sat lap rap (2),Nội thất văn phòng > Bàn Văn Phòng > Cụm bàn 2 người,7030000,,"/images/products/HBAT014-1.png, /images/products/HBAT014-2.jpg, /images/products/HBAT014-3.jpg","Bàn thiết kế chắc chắn, tối ưu không gian sử dụng.","Ban cum 4 240x120 aton concept chan sat lap rap (2) là lựa chọn lý tưởng cho không gian làm việc và sinh hoạt hiện đại, kết hợp giữa tính thẩm mỹ và công năng sử dụng thực tế.

THÔNG SỐ KỸ THUẬT
• Chất liệu: Chất liệu cao cấp, chọn lọc kỹ càng đảm bảo độ bền và tính thẩm mỹ
• Mã sản phẩm: HBAT014
• Bảo hành: 12 tháng

CÔNG NĂNG NỔI BẬT
• Mặt bàn rộng rãi, đủ không gian đặt máy tính, tài liệu và vật dụng cá nhân
• Khung/chân bàn chắc chắn, chịu lực tốt, hạn chế rung lắc khi sử dụng
• Thiết kế tối giản, dễ phối hợp với nhiều phong cách nội thất khác nhau
• Dễ dàng lắp ráp và vệ sinh, bảo trì trong quá trình sử dụng lâu dài

PHÙ HỢP KHÔNG GIAN
• Phù hợp bố trí trong không gian nội thất văn phòng, mang lại sự tiện nghi và thẩm mỹ cho tổng thể không gian.",instock,1
KCPU68006,Ke may in kichthuoc,Nội thất văn phòng > Kệ - Tủ Văn Phòng > Tủ Kệ Máy In,8490000,,"/images/products/KCPU68006-1.jpg, /images/products/KCPU68006-2.jpg, /images/products/KCPU68006-3.jpg","Tủ lưu trữ tiện lợi, thiết kế gọn gàng.","Ke may in kichthuoc giúp tối ưu không gian lưu trữ, sắp xếp đồ đạc gọn gàng, khoa học mà vẫn đảm bảo tính thẩm mỹ cho căn phòng.

THÔNG SỐ KỸ THUẬT
• Chất liệu: Chất liệu cao cấp, chọn lọc kỹ càng đảm bảo độ bền và tính thẩm mỹ
• Mã sản phẩm: KCPU68006
• Bảo hành: 12 tháng

CÔNG NĂNG NỔI BẬT
• Nhiều ngăn/kệ chia hợp lý, tối ưu diện tích lưu trữ
• Hệ thống bản lề, tay nắm chắc chắn, đóng mở êm ái
• Bề mặt hoàn thiện chống trầy xước, dễ lau chùi
• Thiết kế kín đáo, giúp không gian luôn gọn gàng ngăn nắp

PHÙ HỢP KHÔNG GIAN
• Phù hợp bố trí trong không gian nội thất văn phòng, mang lại sự tiện nghi và thẩm mỹ cho tổng thể không gian.",instock,1
HCTG021,Chan ban cum 6 360x120cm sat tam giac quy 01 oc2m s6,Nội thất văn phòng > Bàn Văn Phòng > Cụm bàn 2 người,13070000,,"/images/products/HCTG021-1.jpg, /images/products/HCTG021-2.jpg, /images/products/HCTG021-3.jpg, /images/products/HCTG021-4.jpg, /images/products/HCTG021-5.jpg, /images/products/HCTG021-6.jpg","Bàn thiết kế chắc chắn, tối ưu không gian sử dụng.","Chan ban cum 6 360x120cm sat tam giac quy 01 oc2m s6 là lựa chọn lý tưởng cho không gian làm việc và sinh hoạt hiện đại, kết hợp giữa tính thẩm mỹ và công năng sử dụng thực tế.

THÔNG SỐ KỸ THUẬT
• Chất liệu: Chất liệu cao cấp, chọn lọc kỹ càng đảm bảo độ bền và tính thẩm mỹ
• Kích thước: 360x120cm
• Mã sản phẩm: HCTG021
• Bảo hành: 12 tháng

CÔNG NĂNG NỔI BẬT
• Mặt bàn rộng rãi, đủ không gian đặt máy tính, tài liệu và vật dụng cá nhân
• Khung/chân bàn chắc chắn, chịu lực tốt, hạn chế rung lắc khi sử dụng
• Thiết kế tối giản, dễ phối hợp với nhiều phong cách nội thất khác nhau
• Dễ dàng lắp ráp và vệ sinh, bảo trì trong quá trình sử dụng lâu dài

PHÙ HỢP KHÔNG GIAN
• Phù hợp bố trí trong không gian nội thất văn phòng, mang lại sự tiện nghi và thẩm mỹ cho tổng thể không gian.",instock,1
HBAC001,Ban lam viec 100x60 a concept (11),Phòng Làm Việc > Bàn Làm Việc,12700000,,"/images/products/HBAC001-1.png, /images/products/HBAC001-2.png","Bàn thiết kế chắc chắn, tối ưu không gian sử dụng.","Ban lam viec 100x60 a concept (11) là lựa chọn lý tưởng cho không gian làm việc và sinh hoạt hiện đại, kết hợp giữa tính thẩm mỹ và công năng sử dụng thực tế.

THÔNG SỐ KỸ THUẬT
• Chất liệu: Chất liệu cao cấp, chọn lọc kỹ càng đảm bảo độ bền và tính thẩm mỹ
• Mã sản phẩm: HBAC001
• Bảo hành: 12 tháng

CÔNG NĂNG NỔI BẬT
• Mặt bàn rộng rãi, đủ không gian đặt máy tính, tài liệu và vật dụng cá nhân
• Khung/chân bàn chắc chắn, chịu lực tốt, hạn chế rung lắc khi sử dụng
• Thiết kế tối giản, dễ phối hợp với nhiều phong cách nội thất khác nhau
• Dễ dàng lắp ráp và vệ sinh, bảo trì trong quá trình sử dụng lâu dài

PHÙ HỢP KHÔNG GIAN
• Phù hợp bố trí trong không gian phòng làm việc, mang lại sự tiện nghi và thẩm mỹ cho tổng thể không gian.",instock,1
HBMN021,Ban cum 2 ket hop ke 08,Nội thất văn phòng > Bàn Văn Phòng > Cụm bàn 2 người,8060000,,"/images/products/HBMN021-1.jpg, /images/products/HBMN021-2.jpg, /images/products/HBMN021-3.jpg, /images/products/HBMN021-4.jpg, /images/products/HBMN021-5.jpg, /images/products/HBMN021-6.jpg","Bàn thiết kế chắc chắn, tối ưu không gian sử dụng.","Ban cum 2 ket hop ke 08 là lựa chọn lý tưởng cho không gian làm việc và sinh hoạt hiện đại, kết hợp giữa tính thẩm mỹ và công năng sử dụng thực tế.

THÔNG SỐ KỸ THUẬT
• Chất liệu: Chất liệu cao cấp, chọn lọc kỹ càng đảm bảo độ bền và tính thẩm mỹ
• Mã sản phẩm: HBMN021
• Bảo hành: 12 tháng

CÔNG NĂNG NỔI BẬT
• Mặt bàn rộng rãi, đủ không gian đặt máy tính, tài liệu và vật dụng cá nhân
• Khung/chân bàn chắc chắn, chịu lực tốt, hạn chế rung lắc khi sử dụng
• Thiết kế tối giản, dễ phối hợp với nhiều phong cách nội thất khác nhau
• Dễ dàng lắp ráp và vệ sinh, bảo trì trong quá trình sử dụng lâu dài

PHÙ HỢP KHÔNG GIAN
• Phù hợp bố trí trong không gian nội thất văn phòng, mang lại sự tiện nghi và thẩm mỹ cho tổng thể không gian.",instock,1
HBTG023,Ban hop 200x100cm chan sat tam giac quy 01,Nội thất văn phòng > Bàn Văn Phòng > Bàn Họp,9150000,,"/images/products/HBTG023-1.jpg, /images/products/HBTG023-2.jpg, /images/products/HBTG023-3.jpg","Bàn thiết kế chắc chắn, tối ưu không gian sử dụng.","Ban hop 200x100cm chan sat tam giac quy 01 là lựa chọn lý tưởng cho không gian làm việc và sinh hoạt hiện đại, kết hợp giữa tính thẩm mỹ và công năng sử dụng thực tế.

THÔNG SỐ KỸ THUẬT
• Chất liệu: Chất liệu cao cấp, chọn lọc kỹ càng đảm bảo độ bền và tính thẩm mỹ
• Kích thước: 200x100cm
• Mã sản phẩm: HBTG023
• Bảo hành: 12 tháng

CÔNG NĂNG NỔI BẬT
• Mặt bàn rộng rãi, đủ không gian đặt máy tính, tài liệu và vật dụng cá nhân
• Khung/chân bàn chắc chắn, chịu lực tốt, hạn chế rung lắc khi sử dụng
• Thiết kế tối giản, dễ phối hợp với nhiều phong cách nội thất khác nhau
• Dễ dàng lắp ráp và vệ sinh, bảo trì trong quá trình sử dụng lâu dài

PHÙ HỢP KHÔNG GIAN
• Phù hợp bố trí trong không gian nội thất văn phòng, mang lại sự tiện nghi và thẩm mỹ cho tổng thể không gian.",instock,1
HBLG037,Ban hinh thang chan sat tron 09,Nội thất văn phòng > Phụ Kiện Bàn > Tay Đỡ Màn Hình,1340000,,"/images/products/HBLG037-1.jpg, /images/products/HBLG037-2.jpg, /images/products/HBLG037-3.jpg, /images/products/HBLG037-4.jpg, /images/products/HBLG037-5.jpg, /images/products/HBLG037-6.jpg","Phụ kiện tiện dụng, hỗ trợ không gian làm việc gọn gàng.","Ban hinh thang chan sat tron 09 là phụ kiện hỗ trợ đắc lực, giúp không gian làm việc/sinh hoạt gọn gàng và tiện dụng hơn.

THÔNG SỐ KỸ THUẬT
• Chất liệu: Chất liệu cao cấp, chọn lọc kỹ càng đảm bảo độ bền và tính thẩm mỹ
• Mã sản phẩm: HBLG037
• Bảo hành: 12 tháng

CÔNG NĂNG NỔI BẬT
• Thiết kế nhỏ gọn, dễ dàng lắp đặt vào hệ bàn/ghế hiện có
• Chất liệu bền bỉ, chịu lực và chịu nhiệt tốt trong quá trình sử dụng
• Giúp không gian làm việc gọn gàng, khoa học hơn
• Tương thích với nhiều mẫu bàn/ghế khác nhau

PHÙ HỢP KHÔNG GIAN
• Phù hợp bố trí trong không gian nội thất văn phòng, mang lại sự tiện nghi và thẩm mỹ cho tổng thể không gian.",instock,1
HBAC043,Ban gocL 140x150cm go plywood chan aconcept 04,Nội thất văn phòng > Hệ Bàn > Hệ AConcept,9370000,,"/images/products/HBAC043-1.jpg, /images/products/HBAC043-2.jpg, /images/products/HBAC043-3.jpg, /images/products/HBAC043-4.jpg","Bàn thiết kế chắc chắn, tối ưu không gian sử dụng.","Ban gocL 140x150cm go plywood chan aconcept 04 là lựa chọn lý tưởng cho không gian làm việc và sinh hoạt hiện đại, kết hợp giữa tính thẩm mỹ và công năng sử dụng thực tế.

THÔNG SỐ KỸ THUẬT
• Chất liệu: Chất liệu cao cấp, chọn lọc kỹ càng đảm bảo độ bền và tính thẩm mỹ
• Kích thước: 140x150cm
• Mã sản phẩm: HBAC043
• Bảo hành: 12 tháng

CÔNG NĂNG NỔI BẬT
• Mặt bàn rộng rãi, đủ không gian đặt máy tính, tài liệu và vật dụng cá nhân
• Khung/chân bàn chắc chắn, chịu lực tốt, hạn chế rung lắc khi sử dụng
• Thiết kế tối giản, dễ phối hợp với nhiều phong cách nội thất khác nhau
• Dễ dàng lắp ráp và vệ sinh, bảo trì trong quá trình sử dụng lâu dài

PHÙ HỢP KHÔNG GIAN
• Phù hợp bố trí trong không gian nội thất văn phòng, mang lại sự tiện nghi và thẩm mỹ cho tổng thể không gian.",instock,1
HBOV036,Ban 140x80cm go plywood chan sat oval 04,Nội thất văn phòng > Hệ Bàn > Hệ Oval,3830000,,"/images/products/HBOV036-1.jpg, /images/products/HBOV036-2.jpg, /images/products/HBOV036-3.jpg, /images/products/HBOV036-4.jpg, /images/products/HBOV036-5.jpg, /images/products/HBOV036-6.jpg","Bàn thiết kế chắc chắn, tối ưu không gian sử dụng.","Ban 140x80cm go plywood chan sat oval 04 là lựa chọn lý tưởng cho không gian làm việc và sinh hoạt hiện đại, kết hợp giữa tính thẩm mỹ và công năng sử dụng thực tế.

THÔNG SỐ KỸ THUẬT
• Chất liệu: Chất liệu cao cấp, chọn lọc kỹ càng đảm bảo độ bền và tính thẩm mỹ
• Kích thước: 140x80cm
• Mã sản phẩm: HBOV036
• Bảo hành: 12 tháng

CÔNG NĂNG NỔI BẬT
• Mặt bàn rộng rãi, đủ không gian đặt máy tính, tài liệu và vật dụng cá nhân
• Khung/chân bàn chắc chắn, chịu lực tốt, hạn chế rung lắc khi sử dụng
• Thiết kế tối giản, dễ phối hợp với nhiều phong cách nội thất khác nhau
• Dễ dàng lắp ráp và vệ sinh, bảo trì trong quá trình sử dụng lâu dài

PHÙ HỢP KHÔNG GIAN
• Phù hợp bố trí trong không gian nội thất văn phòng, mang lại sự tiện nghi và thẩm mỹ cho tổng thể không gian.",instock,1
HBTA014,Ban lam viec chu l 140x140cm he trian chan sat tam giac (2),Nội thất văn phòng > Hệ Bàn > Hệ Trian,5960000,,"/images/products/HBTA014-1.png, /images/products/HBTA014-2.png","Bàn thiết kế chắc chắn, tối ưu không gian sử dụng.","Ban lam viec chu l 140x140cm he trian chan sat tam giac (2) là lựa chọn lý tưởng cho không gian làm việc và sinh hoạt hiện đại, kết hợp giữa tính thẩm mỹ và công năng sử dụng thực tế.

THÔNG SỐ KỸ THUẬT
• Chất liệu: Chất liệu cao cấp, chọn lọc kỹ càng đảm bảo độ bền và tính thẩm mỹ
• Kích thước: 140x140cm
• Mã sản phẩm: HBTA014
• Bảo hành: 12 tháng

CÔNG NĂNG NỔI BẬT
• Mặt bàn rộng rãi, đủ không gian đặt máy tính, tài liệu và vật dụng cá nhân
• Khung/chân bàn chắc chắn, chịu lực tốt, hạn chế rung lắc khi sử dụng
• Thiết kế tối giản, dễ phối hợp với nhiều phong cách nội thất khác nhau
• Dễ dàng lắp ráp và vệ sinh, bảo trì trong quá trình sử dụng lâu dài

PHÙ HỢP KHÔNG GIAN
• Phù hợp bố trí trong không gian nội thất văn phòng, mang lại sự tiện nghi và thẩm mỹ cho tổng thể không gian.",instock,1
HBTC045,Ban cum2 100x100cm go plywood chan Trapeze 02,Nội thất văn phòng > Bàn Văn Phòng > Cụm bàn 2 người,5570000,,"/images/products/HBTC045-1.jpg, /images/products/HBTC045-2.jpg, /images/products/HBTC045-3.png, /images/products/HBTC045-4.jpg, /images/products/HBTC045-5.jpg, /images/products/HBTC045-6.jpg","Bàn thiết kế chắc chắn, tối ưu không gian sử dụng.","Ban cum2 100x100cm go plywood chan Trapeze 02 là lựa chọn lý tưởng cho không gian làm việc và sinh hoạt hiện đại, kết hợp giữa tính thẩm mỹ và công năng sử dụng thực tế.

THÔNG SỐ KỸ THUẬT
• Chất liệu: Chất liệu cao cấp, chọn lọc kỹ càng đảm bảo độ bền và tính thẩm mỹ
• Kích thước: 100x100cm
• Mã sản phẩm: HBTC045
• Bảo hành: 12 tháng

CÔNG NĂNG NỔI BẬT
• Mặt bàn rộng rãi, đủ không gian đặt máy tính, tài liệu và vật dụng cá nhân
• Khung/chân bàn chắc chắn, chịu lực tốt, hạn chế rung lắc khi sử dụng
• Thiết kế tối giản, dễ phối hợp với nhiều phong cách nội thất khác nhau
• Dễ dàng lắp ráp và vệ sinh, bảo trì trong quá trình sử dụng lâu dài

PHÙ HỢP KHÔNG GIAN
• Phù hợp bố trí trong không gian nội thất văn phòng, mang lại sự tiện nghi và thẩm mỹ cho tổng thể không gian.",instock,1
OEUP021,O dien am ban C Joye 800x800,Nội thất văn phòng > Phụ Kiện Bàn > Hộp Điện,380000,,"/images/products/OEUP021-1.jpg, /images/products/OEUP021-2.jpg","Phụ kiện tiện dụng, hỗ trợ không gian làm việc gọn gàng.","O dien am ban C Joye 800x800 là phụ kiện hỗ trợ đắc lực, giúp không gian làm việc/sinh hoạt gọn gàng và tiện dụng hơn.

THÔNG SỐ KỸ THUẬT
• Chất liệu: Chất liệu cao cấp, chọn lọc kỹ càng đảm bảo độ bền và tính thẩm mỹ
• Mã sản phẩm: OEUP021
• Bảo hành: 12 tháng

CÔNG NĂNG NỔI BẬT
• Thiết kế nhỏ gọn, dễ dàng lắp đặt vào hệ bàn/ghế hiện có
• Chất liệu bền bỉ, chịu lực và chịu nhiệt tốt trong quá trình sử dụng
• Giúp không gian làm việc gọn gàng, khoa học hơn
• Tương thích với nhiều mẫu bàn/ghế khác nhau

PHÙ HỢP KHÔNG GIAN
• Phù hợp bố trí trong không gian nội thất văn phòng, mang lại sự tiện nghi và thẩm mỹ cho tổng thể không gian.",instock,1
HBTC020,B├án gi├ím ─æß╗æc chß╗» L gß╗ù cao su ch├ón sß║»t hß╗ç Trapeze Concept (06),Nội thất văn phòng > Hệ Bàn > Hệ Trapeze,7470000,,"/images/products/HBTC020-1.png, /images/products/HBTC020-2.png, /images/products/HBTC020-3.png, /images/products/HBTC020-4.png, /images/products/HBTC020-5.png, /images/products/HBTC020-6.png","Bàn thiết kế chắc chắn, tối ưu không gian sử dụng.","B├án gi├ím ─æß╗æc chß╗» L gß╗ù cao su ch├ón sß║»t hß╗ç Trapeze Concept (06) là lựa chọn lý tưởng cho không gian làm việc và sinh hoạt hiện đại, kết hợp giữa tính thẩm mỹ và công năng sử dụng thực tế.

THÔNG SỐ KỸ THUẬT
• Chất liệu: Chất liệu cao cấp, chọn lọc kỹ càng đảm bảo độ bền và tính thẩm mỹ
• Mã sản phẩm: HBTC020
• Bảo hành: 12 tháng

CÔNG NĂNG NỔI BẬT
• Mặt bàn rộng rãi, đủ không gian đặt máy tính, tài liệu và vật dụng cá nhân
• Khung/chân bàn chắc chắn, chịu lực tốt, hạn chế rung lắc khi sử dụng
• Thiết kế tối giản, dễ phối hợp với nhiều phong cách nội thất khác nhau
• Dễ dàng lắp ráp và vệ sinh, bảo trì trong quá trình sử dụng lâu dài

PHÙ HỢP KHÔNG GIAN
• Phù hợp bố trí trong không gian nội thất văn phòng, mang lại sự tiện nghi và thẩm mỹ cho tổng thể không gian.",instock,1
HBUC048,Ban hop uconcept 05a,Nội thất văn phòng > Bàn Văn Phòng > Bàn Họp,2150000,,"/images/products/HBUC048-1.jpg, /images/products/HBUC048-2.jpg, /images/products/HBUC048-3.jpg, /images/products/HBUC048-4.jpg, /images/products/HBUC048-5.jpg, /images/products/HBUC048-6.jpg","Bàn thiết kế chắc chắn, tối ưu không gian sử dụng.","Ban hop uconcept 05a là lựa chọn lý tưởng cho không gian làm việc và sinh hoạt hiện đại, kết hợp giữa tính thẩm mỹ và công năng sử dụng thực tế.

THÔNG SỐ KỸ THUẬT
• Chất liệu: Chất liệu cao cấp, chọn lọc kỹ càng đảm bảo độ bền và tính thẩm mỹ
• Mã sản phẩm: HBUC048
• Bảo hành: 12 tháng

CÔNG NĂNG NỔI BẬT
• Mặt bàn rộng rãi, đủ không gian đặt máy tính, tài liệu và vật dụng cá nhân
• Khung/chân bàn chắc chắn, chịu lực tốt, hạn chế rung lắc khi sử dụng
• Thiết kế tối giản, dễ phối hợp với nhiều phong cách nội thất khác nhau
• Dễ dàng lắp ráp và vệ sinh, bảo trì trong quá trình sử dụng lâu dài

PHÙ HỢP KHÔNG GIAN
• Phù hợp bố trí trong không gian nội thất văn phòng, mang lại sự tiện nghi và thẩm mỹ cho tổng thể không gian.",instock,1
HBKC046,Ban 180x70cm go plywood he kconcept 03,Nội thất văn phòng > Hệ Bàn > Hệ KConcept,11670000,,"/images/products/HBKC046-1.jpg, /images/products/HBKC046-2.jpg, /images/products/HBKC046-3.jpg, /images/products/HBKC046-4.jpg, /images/products/HBKC046-5.jpg, /images/products/HBKC046-6.jpg","Bàn thiết kế chắc chắn, tối ưu không gian sử dụng.","Ban 180x70cm go plywood he kconcept 03 là lựa chọn lý tưởng cho không gian làm việc và sinh hoạt hiện đại, kết hợp giữa tính thẩm mỹ và công năng sử dụng thực tế.

THÔNG SỐ KỸ THUẬT
• Chất liệu: Chất liệu cao cấp, chọn lọc kỹ càng đảm bảo độ bền và tính thẩm mỹ
• Kích thước: 180x70cm
• Mã sản phẩm: HBKC046
• Bảo hành: 12 tháng

CÔNG NĂNG NỔI BẬT
• Mặt bàn rộng rãi, đủ không gian đặt máy tính, tài liệu và vật dụng cá nhân
• Khung/chân bàn chắc chắn, chịu lực tốt, hạn chế rung lắc khi sử dụng
• Thiết kế tối giản, dễ phối hợp với nhiều phong cách nội thất khác nhau
• Dễ dàng lắp ráp và vệ sinh, bảo trì trong quá trình sử dụng lâu dài

PHÙ HỢP KHÔNG GIAN
• Phù hợp bố trí trong không gian nội thất văn phòng, mang lại sự tiện nghi và thẩm mỹ cho tổng thể không gian.",instock,1
GVPMT001,Ghe van phong moc thanh 01,Nội thất văn phòng > Ghế Văn Phòng > Ghế Giám Đốc,2830000,,/images/products/GVPMT001-1.jpg,"Ghế công thái học, êm ái và bền bỉ.","Ghe van phong moc thanh 01 mang đến trải nghiệm ngồi thoải mái, hỗ trợ tư thế đúng chuẩn cho thời gian sử dụng dài mà không gây mỏi mệt.

THÔNG SỐ KỸ THUẬT
• Chất liệu: Chất liệu cao cấp, chọn lọc kỹ càng đảm bảo độ bền và tính thẩm mỹ
• Mã sản phẩm: GVPMT001
• Bảo hành: 12 tháng

CÔNG NĂNG NỔI BẬT
• Thiết kế công thái học, nâng đỡ tốt cho vùng lưng và cổ
• Khung ghế chắc chắn, chịu tải trọng tốt, đảm bảo an toàn khi sử dụng
• Đệm ngồi êm ái, thoáng khí, phù hợp ngồi làm việc/sinh hoạt trong thời gian dài
• Kiểu dáng hiện đại, dễ dàng kết hợp với nhiều không gian nội thất

PHÙ HỢP KHÔNG GIAN
• Phù hợp bố trí trong không gian nội thất văn phòng, mang lại sự tiện nghi và thẩm mỹ cho tổng thể không gian.",instock,1
HBWD008,Ban hop go tram 90x180cm chan sat lap rap he wooden (2),Nội thất văn phòng > Hệ Bàn > Hệ Wooden,11670000,,/images/products/HBWD008-1.png,"Bàn thiết kế chắc chắn, tối ưu không gian sử dụng.","Ban hop go tram 90x180cm chan sat lap rap he wooden (2) là lựa chọn lý tưởng cho không gian làm việc và sinh hoạt hiện đại, kết hợp giữa tính thẩm mỹ và công năng sử dụng thực tế.

THÔNG SỐ KỸ THUẬT
• Chất liệu: Chất liệu cao cấp, chọn lọc kỹ càng đảm bảo độ bền và tính thẩm mỹ
• Kích thước: 90x180cm
• Mã sản phẩm: HBWD008
• Bảo hành: 12 tháng

CÔNG NĂNG NỔI BẬT
• Mặt bàn rộng rãi, đủ không gian đặt máy tính, tài liệu và vật dụng cá nhân
• Khung/chân bàn chắc chắn, chịu lực tốt, hạn chế rung lắc khi sử dụng
• Thiết kế tối giản, dễ phối hợp với nhiều phong cách nội thất khác nhau
• Dễ dàng lắp ráp và vệ sinh, bảo trì trong quá trình sử dụng lâu dài

PHÙ HỢP KHÔNG GIAN
• Phù hợp bố trí trong không gian nội thất văn phòng, mang lại sự tiện nghi và thẩm mỹ cho tổng thể không gian.",instock,1
HCTG006,Chan ban 240x60 sat tam giac quy 01 ng37 f1,Nội thất văn phòng > Hệ Bàn > Hệ Tứ Giác Côn,5490000,,"/images/products/HCTG006-1.jpg, /images/products/HCTG006-2.jpg, /images/products/HCTG006-3.jpg, /images/products/HCTG006-4.jpg, /images/products/HCTG006-5.jpg, /images/products/HCTG006-6.jpg","Bàn thiết kế chắc chắn, tối ưu không gian sử dụng.","Chan ban 240x60 sat tam giac quy 01 ng37 f1 là lựa chọn lý tưởng cho không gian làm việc và sinh hoạt hiện đại, kết hợp giữa tính thẩm mỹ và công năng sử dụng thực tế.

THÔNG SỐ KỸ THUẬT
• Chất liệu: Chất liệu cao cấp, chọn lọc kỹ càng đảm bảo độ bền và tính thẩm mỹ
• Mã sản phẩm: HCTG006
• Bảo hành: 12 tháng

CÔNG NĂNG NỔI BẬT
• Mặt bàn rộng rãi, đủ không gian đặt máy tính, tài liệu và vật dụng cá nhân
• Khung/chân bàn chắc chắn, chịu lực tốt, hạn chế rung lắc khi sử dụng
• Thiết kế tối giản, dễ phối hợp với nhiều phong cách nội thất khác nhau
• Dễ dàng lắp ráp và vệ sinh, bảo trì trong quá trình sử dụng lâu dài

PHÙ HỢP KHÔNG GIAN
• Phù hợp bố trí trong không gian nội thất văn phòng, mang lại sự tiện nghi và thẩm mỹ cho tổng thể không gian.",instock,1
HBMC005,Ban lam viec 140x70 mconcept chan sat lap rap (2),Phòng Làm Việc > Bàn Làm Việc,1920000,,/images/products/HBMC005-1.png,"Bàn thiết kế chắc chắn, tối ưu không gian sử dụng.","Ban lam viec 140x70 mconcept chan sat lap rap (2) là lựa chọn lý tưởng cho không gian làm việc và sinh hoạt hiện đại, kết hợp giữa tính thẩm mỹ và công năng sử dụng thực tế.

THÔNG SỐ KỸ THUẬT
• Chất liệu: Chất liệu cao cấp, chọn lọc kỹ càng đảm bảo độ bền và tính thẩm mỹ
• Mã sản phẩm: HBMC005
• Bảo hành: 12 tháng

CÔNG NĂNG NỔI BẬT
• Mặt bàn rộng rãi, đủ không gian đặt máy tính, tài liệu và vật dụng cá nhân
• Khung/chân bàn chắc chắn, chịu lực tốt, hạn chế rung lắc khi sử dụng
• Thiết kế tối giản, dễ phối hợp với nhiều phong cách nội thất khác nhau
• Dễ dàng lắp ráp và vệ sinh, bảo trì trong quá trình sử dụng lâu dài

PHÙ HỢP KHÔNG GIAN
• Phù hợp bố trí trong không gian phòng làm việc, mang lại sự tiện nghi và thẩm mỹ cho tổng thể không gian.",instock,1
CHUL1800,Kich thuoc chan ban sat tam giac quy BAN x1600,Nội thất văn phòng > Hệ Bàn > Hệ Trian,2990000,,"/images/products/CHUL1800-1.jpg, /images/products/CHUL1800-2.jpg, /images/products/CHUL1800-3.jpg","Bàn thiết kế chắc chắn, tối ưu không gian sử dụng.","Kich thuoc chan ban sat tam giac quy BAN x1600 là lựa chọn lý tưởng cho không gian làm việc và sinh hoạt hiện đại, kết hợp giữa tính thẩm mỹ và công năng sử dụng thực tế.

THÔNG SỐ KỸ THUẬT
• Chất liệu: Chất liệu cao cấp, chọn lọc kỹ càng đảm bảo độ bền và tính thẩm mỹ
• Mã sản phẩm: CHUL1800
• Bảo hành: 12 tháng

CÔNG NĂNG NỔI BẬT
• Mặt bàn rộng rãi, đủ không gian đặt máy tính, tài liệu và vật dụng cá nhân
• Khung/chân bàn chắc chắn, chịu lực tốt, hạn chế rung lắc khi sử dụng
• Thiết kế tối giản, dễ phối hợp với nhiều phong cách nội thất khác nhau
• Dễ dàng lắp ráp và vệ sinh, bảo trì trong quá trình sử dụng lâu dài

PHÙ HỢP KHÔNG GIAN
• Phù hợp bố trí trong không gian nội thất văn phòng, mang lại sự tiện nghi và thẩm mỹ cho tổng thể không gian.",instock,1
HBMC032,Ban lam viec kich thuoc lon go cao su chan sat (3),Phòng Làm Việc > Bàn Làm Việc,13680000,,"/images/products/HBMC032-1.png, /images/products/HBMC032-2.png","Bàn thiết kế chắc chắn, tối ưu không gian sử dụng.","Ban lam viec kich thuoc lon go cao su chan sat (3) là lựa chọn lý tưởng cho không gian làm việc và sinh hoạt hiện đại, kết hợp giữa tính thẩm mỹ và công năng sử dụng thực tế.

THÔNG SỐ KỸ THUẬT
• Chất liệu: Chất liệu cao cấp, chọn lọc kỹ càng đảm bảo độ bền và tính thẩm mỹ
• Mã sản phẩm: HBMC032
• Bảo hành: 12 tháng

CÔNG NĂNG NỔI BẬT
• Mặt bàn rộng rãi, đủ không gian đặt máy tính, tài liệu và vật dụng cá nhân
• Khung/chân bàn chắc chắn, chịu lực tốt, hạn chế rung lắc khi sử dụng
• Thiết kế tối giản, dễ phối hợp với nhiều phong cách nội thất khác nhau
• Dễ dàng lắp ráp và vệ sinh, bảo trì trong quá trình sử dụng lâu dài

PHÙ HỢP KHÔNG GIAN
• Phù hợp bố trí trong không gian phòng làm việc, mang lại sự tiện nghi và thẩm mỹ cho tổng thể không gian.",instock,1
HBAC008,Ban lam viec 160x80 aconcept chan sat lap rap (3),Phòng Làm Việc > Bàn Làm Việc,12390000,,"/images/products/HBAC008-1.png, /images/products/HBAC008-2.png","Bàn thiết kế chắc chắn, tối ưu không gian sử dụng.","Ban lam viec 160x80 aconcept chan sat lap rap (3) là lựa chọn lý tưởng cho không gian làm việc và sinh hoạt hiện đại, kết hợp giữa tính thẩm mỹ và công năng sử dụng thực tế.

THÔNG SỐ KỸ THUẬT
• Chất liệu: Chất liệu cao cấp, chọn lọc kỹ càng đảm bảo độ bền và tính thẩm mỹ
• Mã sản phẩm: HBAC008
• Bảo hành: 12 tháng

CÔNG NĂNG NỔI BẬT
• Mặt bàn rộng rãi, đủ không gian đặt máy tính, tài liệu và vật dụng cá nhân
• Khung/chân bàn chắc chắn, chịu lực tốt, hạn chế rung lắc khi sử dụng
• Thiết kế tối giản, dễ phối hợp với nhiều phong cách nội thất khác nhau
• Dễ dàng lắp ráp và vệ sinh, bảo trì trong quá trình sử dụng lâu dài

PHÙ HỢP KHÔNG GIAN
• Phù hợp bố trí trong không gian phòng làm việc, mang lại sự tiện nghi và thẩm mỹ cho tổng thể không gian.",instock,1
HBTG006,Chan ban 240x60cm sat tam giac quy 02 9g35 56,Nội thất văn phòng > Hệ Bàn > Hệ Tứ Giác Côn,2790000,,"/images/products/HBTG006-1.jpg, /images/products/HBTG006-2.jpg, /images/products/HBTG006-3.jpg, /images/products/HBTG006-4.jpg, /images/products/HBTG006-5.jpg, /images/products/HBTG006-6.jpg","Bàn thiết kế chắc chắn, tối ưu không gian sử dụng.","Chan ban 240x60cm sat tam giac quy 02 9g35 56 là lựa chọn lý tưởng cho không gian làm việc và sinh hoạt hiện đại, kết hợp giữa tính thẩm mỹ và công năng sử dụng thực tế.

THÔNG SỐ KỸ THUẬT
• Chất liệu: Chất liệu cao cấp, chọn lọc kỹ càng đảm bảo độ bền và tính thẩm mỹ
• Kích thước: 240x60cm
• Mã sản phẩm: HBTG006
• Bảo hành: 12 tháng

CÔNG NĂNG NỔI BẬT
• Mặt bàn rộng rãi, đủ không gian đặt máy tính, tài liệu và vật dụng cá nhân
• Khung/chân bàn chắc chắn, chịu lực tốt, hạn chế rung lắc khi sử dụng
• Thiết kế tối giản, dễ phối hợp với nhiều phong cách nội thất khác nhau
• Dễ dàng lắp ráp và vệ sinh, bảo trì trong quá trình sử dụng lâu dài

PHÙ HỢP KHÔNG GIAN
• Phù hợp bố trí trong không gian nội thất văn phòng, mang lại sự tiện nghi và thẩm mỹ cho tổng thể không gian.",instock,1
HCTG018,Chan ban gac tu 160x80cm sat tam giac quy 01,Nội thất văn phòng > Hệ Bàn > Hệ Tứ Giác Côn,5640000,,"/images/products/HCTG018-1.jpg, /images/products/HCTG018-2.jpg, /images/products/HCTG018-3.jpg","Bàn thiết kế chắc chắn, tối ưu không gian sử dụng.","Chan ban gac tu 160x80cm sat tam giac quy 01 là lựa chọn lý tưởng cho không gian làm việc và sinh hoạt hiện đại, kết hợp giữa tính thẩm mỹ và công năng sử dụng thực tế.

THÔNG SỐ KỸ THUẬT
• Chất liệu: Chất liệu cao cấp, chọn lọc kỹ càng đảm bảo độ bền và tính thẩm mỹ
• Kích thước: 160x80cm
• Mã sản phẩm: HCTG018
• Bảo hành: 12 tháng

CÔNG NĂNG NỔI BẬT
• Mặt bàn rộng rãi, đủ không gian đặt máy tính, tài liệu và vật dụng cá nhân
• Khung/chân bàn chắc chắn, chịu lực tốt, hạn chế rung lắc khi sử dụng
• Thiết kế tối giản, dễ phối hợp với nhiều phong cách nội thất khác nhau
• Dễ dàng lắp ráp và vệ sinh, bảo trì trong quá trình sử dụng lâu dài

PHÙ HỢP KHÔNG GIAN
• Phù hợp bố trí trong không gian nội thất văn phòng, mang lại sự tiện nghi và thẩm mỹ cho tổng thể không gian.",instock,1
HBTG001,Ban lam viec 100x60cm sat tam giac quy 01 hhl9 10,Phòng Làm Việc > Bàn Làm Việc,2930000,,"/images/products/HBTG001-1.jpg, /images/products/HBTG001-2.jpg, /images/products/HBTG001-3.jpg","Bàn thiết kế chắc chắn, tối ưu không gian sử dụng.","Ban lam viec 100x60cm sat tam giac quy 01 hhl9 10 là lựa chọn lý tưởng cho không gian làm việc và sinh hoạt hiện đại, kết hợp giữa tính thẩm mỹ và công năng sử dụng thực tế.

THÔNG SỐ KỸ THUẬT
• Chất liệu: Chất liệu cao cấp, chọn lọc kỹ càng đảm bảo độ bền và tính thẩm mỹ
• Kích thước: 100x60cm
• Mã sản phẩm: HBTG001
• Bảo hành: 12 tháng

CÔNG NĂNG NỔI BẬT
• Mặt bàn rộng rãi, đủ không gian đặt máy tính, tài liệu và vật dụng cá nhân
• Khung/chân bàn chắc chắn, chịu lực tốt, hạn chế rung lắc khi sử dụng
• Thiết kế tối giản, dễ phối hợp với nhiều phong cách nội thất khác nhau
• Dễ dàng lắp ráp và vệ sinh, bảo trì trong quá trình sử dụng lâu dài

PHÙ HỢP KHÔNG GIAN
• Phù hợp bố trí trong không gian phòng làm việc, mang lại sự tiện nghi và thẩm mỹ cho tổng thể không gian.",instock,1
HBAC017,Ban lam viec chu l go cao su chan sat he aconcept (2),Nội thất văn phòng > Hệ Bàn > Hệ AConcept,2330000,,"/images/products/HBAC017-1.png, /images/products/HBAC017-2.png, /images/products/HBAC017-3.png","Bàn thiết kế chắc chắn, tối ưu không gian sử dụng.","Ban lam viec chu l go cao su chan sat he aconcept (2) là lựa chọn lý tưởng cho không gian làm việc và sinh hoạt hiện đại, kết hợp giữa tính thẩm mỹ và công năng sử dụng thực tế.

THÔNG SỐ KỸ THUẬT
• Chất liệu: Chất liệu cao cấp, chọn lọc kỹ càng đảm bảo độ bền và tính thẩm mỹ
• Mã sản phẩm: HBAC017
• Bảo hành: 12 tháng

CÔNG NĂNG NỔI BẬT
• Mặt bàn rộng rãi, đủ không gian đặt máy tính, tài liệu và vật dụng cá nhân
• Khung/chân bàn chắc chắn, chịu lực tốt, hạn chế rung lắc khi sử dụng
• Thiết kế tối giản, dễ phối hợp với nhiều phong cách nội thất khác nhau
• Dễ dàng lắp ráp và vệ sinh, bảo trì trong quá trình sử dụng lâu dài

PHÙ HỢP KHÔNG GIAN
• Phù hợp bố trí trong không gian nội thất văn phòng, mang lại sự tiện nghi và thẩm mỹ cho tổng thể không gian.",instock,1
BLT68019,Ban le tan 07a,Nội thất văn phòng > Bàn Văn Phòng > Quầy Lễ Tân,7340000,,"/images/products/BLT68019-1.jpg, /images/products/BLT68019-2.jpg, /images/products/BLT68019-3.jpg","Bàn thiết kế chắc chắn, tối ưu không gian sử dụng.","Ban le tan 07a là lựa chọn lý tưởng cho không gian làm việc và sinh hoạt hiện đại, kết hợp giữa tính thẩm mỹ và công năng sử dụng thực tế.

THÔNG SỐ KỸ THUẬT
• Chất liệu: Chất liệu cao cấp, chọn lọc kỹ càng đảm bảo độ bền và tính thẩm mỹ
• Mã sản phẩm: BLT68019
• Bảo hành: 12 tháng

CÔNG NĂNG NỔI BẬT
• Mặt bàn rộng rãi, đủ không gian đặt máy tính, tài liệu và vật dụng cá nhân
• Khung/chân bàn chắc chắn, chịu lực tốt, hạn chế rung lắc khi sử dụng
• Thiết kế tối giản, dễ phối hợp với nhiều phong cách nội thất khác nhau
• Dễ dàng lắp ráp và vệ sinh, bảo trì trong quá trình sử dụng lâu dài

PHÙ HỢP KHÔNG GIAN
• Phù hợp bố trí trong không gian nội thất văn phòng, mang lại sự tiện nghi và thẩm mỹ cho tổng thể không gian.",instock,1
HLG044,Ban cum3 lego mini 07,Nội thất văn phòng > Hệ Bàn > Hệ Lego,2990000,,"/images/products/HLG044-1.jpg, /images/products/HLG044-2.jpg, /images/products/HLG044-3.jpg, /images/products/HLG044-4.jpg, /images/products/HLG044-5.jpg, /images/products/HLG044-6.jpg","Bàn thiết kế chắc chắn, tối ưu không gian sử dụng.","Ban cum3 lego mini 07 là lựa chọn lý tưởng cho không gian làm việc và sinh hoạt hiện đại, kết hợp giữa tính thẩm mỹ và công năng sử dụng thực tế.

THÔNG SỐ KỸ THUẬT
• Chất liệu: Chất liệu cao cấp, chọn lọc kỹ càng đảm bảo độ bền và tính thẩm mỹ
• Mã sản phẩm: HLG044
• Bảo hành: 12 tháng

CÔNG NĂNG NỔI BẬT
• Mặt bàn rộng rãi, đủ không gian đặt máy tính, tài liệu và vật dụng cá nhân
• Khung/chân bàn chắc chắn, chịu lực tốt, hạn chế rung lắc khi sử dụng
• Thiết kế tối giản, dễ phối hợp với nhiều phong cách nội thất khác nhau
• Dễ dàng lắp ráp và vệ sinh, bảo trì trong quá trình sử dụng lâu dài

PHÙ HỢP KHÔNG GIAN
• Phù hợp bố trí trong không gian nội thất văn phòng, mang lại sự tiện nghi và thẩm mỹ cho tổng thể không gian.",instock,1
CHB68045,Chan ban hairpin pro 07,Nội thất văn phòng > Hệ Chân Bàn > Chân sắt HairPin,1330000,,"/images/products/CHB68045-1.jpg, /images/products/CHB68045-2.jpg, /images/products/CHB68045-3.jpg, /images/products/CHB68045-4.jpg, /images/products/CHB68045-5.jpg, /images/products/CHB68045-6.jpg","Phụ kiện tiện dụng, hỗ trợ không gian làm việc gọn gàng.","Chan ban hairpin pro 07 là phụ kiện hỗ trợ đắc lực, giúp không gian làm việc/sinh hoạt gọn gàng và tiện dụng hơn.

THÔNG SỐ KỸ THUẬT
• Chất liệu: Chất liệu cao cấp, chọn lọc kỹ càng đảm bảo độ bền và tính thẩm mỹ
• Mã sản phẩm: CHB68045
• Bảo hành: 12 tháng

CÔNG NĂNG NỔI BẬT
• Thiết kế nhỏ gọn, dễ dàng lắp đặt vào hệ bàn/ghế hiện có
• Chất liệu bền bỉ, chịu lực và chịu nhiệt tốt trong quá trình sử dụng
• Giúp không gian làm việc gọn gàng, khoa học hơn
• Tương thích với nhiều mẫu bàn/ghế khác nhau

PHÙ HỢP KHÔNG GIAN
• Phù hợp bố trí trong không gian nội thất văn phòng, mang lại sự tiện nghi và thẩm mỹ cho tổng thể không gian.",instock,1
HBTH016,Ban chu l 140x140 trapeze 2 concept chan sat lap rap (2),Nội thất văn phòng > Hệ Bàn > Hệ Trapeze,5790000,,/images/products/HBTH016-1.png,"Bàn thiết kế chắc chắn, tối ưu không gian sử dụng.","Ban chu l 140x140 trapeze 2 concept chan sat lap rap (2) là lựa chọn lý tưởng cho không gian làm việc và sinh hoạt hiện đại, kết hợp giữa tính thẩm mỹ và công năng sử dụng thực tế.

THÔNG SỐ KỸ THUẬT
• Chất liệu: Chất liệu cao cấp, chọn lọc kỹ càng đảm bảo độ bền và tính thẩm mỹ
• Mã sản phẩm: HBTH016
• Bảo hành: 12 tháng

CÔNG NĂNG NỔI BẬT
• Mặt bàn rộng rãi, đủ không gian đặt máy tính, tài liệu và vật dụng cá nhân
• Khung/chân bàn chắc chắn, chịu lực tốt, hạn chế rung lắc khi sử dụng
• Thiết kế tối giản, dễ phối hợp với nhiều phong cách nội thất khác nhau
• Dễ dàng lắp ráp và vệ sinh, bảo trì trong quá trình sử dụng lâu dài

PHÙ HỢP KHÔNG GIAN
• Phù hợp bố trí trong không gian nội thất văn phòng, mang lại sự tiện nghi và thẩm mỹ cho tổng thể không gian.",instock,1
HCPP011,Chan ong nuoc 7,Ống Nước > Kệ Ống Nước,6470000,,"/images/products/HCPP011-1.jpg, /images/products/HCPP011-2.jpg, /images/products/HCPP011-3.jpg, /images/products/HCPP011-4.jpg, /images/products/HCPP011-5.jpg, /images/products/HCPP011-6.jpg","Phụ kiện tiện dụng, hỗ trợ không gian làm việc gọn gàng.","Chan ong nuoc 7 là phụ kiện hỗ trợ đắc lực, giúp không gian làm việc/sinh hoạt gọn gàng và tiện dụng hơn.

THÔNG SỐ KỸ THUẬT
• Chất liệu: Chất liệu cao cấp, chọn lọc kỹ càng đảm bảo độ bền và tính thẩm mỹ
• Mã sản phẩm: HCPP011
• Bảo hành: 12 tháng

CÔNG NĂNG NỔI BẬT
• Thiết kế nhỏ gọn, dễ dàng lắp đặt vào hệ bàn/ghế hiện có
• Chất liệu bền bỉ, chịu lực và chịu nhiệt tốt trong quá trình sử dụng
• Giúp không gian làm việc gọn gàng, khoa học hơn
• Tương thích với nhiều mẫu bàn/ghế khác nhau

PHÙ HỢP KHÔNG GIAN
• Phù hợp sử dụng kèm nhiều mẫu bàn/ghế văn phòng, gia đình khác nhau, mang lại sự tiện nghi và thẩm mỹ cho tổng thể không gian.",instock,1
HBOV033,Ban lam viec go plywood melamin chan sat oval (19),Phòng Làm Việc > Bàn Làm Việc,13020000,,"/images/products/HBOV033-1.jpg, /images/products/HBOV033-2.jpg, /images/products/HBOV033-3.jpg, /images/products/HBOV033-4.png, /images/products/HBOV033-5.jpg, /images/products/HBOV033-6.jpg","Bàn thiết kế chắc chắn, tối ưu không gian sử dụng.","Ban lam viec go plywood melamin chan sat oval (19) là lựa chọn lý tưởng cho không gian làm việc và sinh hoạt hiện đại, kết hợp giữa tính thẩm mỹ và công năng sử dụng thực tế.

THÔNG SỐ KỸ THUẬT
• Chất liệu: Chất liệu cao cấp, chọn lọc kỹ càng đảm bảo độ bền và tính thẩm mỹ
• Mã sản phẩm: HBOV033
• Bảo hành: 12 tháng

CÔNG NĂNG NỔI BẬT
• Mặt bàn rộng rãi, đủ không gian đặt máy tính, tài liệu và vật dụng cá nhân
• Khung/chân bàn chắc chắn, chịu lực tốt, hạn chế rung lắc khi sử dụng
• Thiết kế tối giản, dễ phối hợp với nhiều phong cách nội thất khác nhau
• Dễ dàng lắp ráp và vệ sinh, bảo trì trong quá trình sử dụng lâu dài

PHÙ HỢP KHÔNG GIAN
• Phù hợp bố trí trong không gian phòng làm việc, mang lại sự tiện nghi và thẩm mỹ cho tổng thể không gian.",instock,1
HBTG019,Ban cum2 120x120cm chan tam giac quy 03,Nội thất văn phòng > Hệ Bàn > Hệ Tứ Giác Côn,9940000,,"/images/products/HBTG019-1.jpg, /images/products/HBTG019-2.jpg, /images/products/HBTG019-3.jpg, /images/products/HBTG019-4.jpg, /images/products/HBTG019-5.jpg","Bàn thiết kế chắc chắn, tối ưu không gian sử dụng.","Ban cum2 120x120cm chan tam giac quy 03 là lựa chọn lý tưởng cho không gian làm việc và sinh hoạt hiện đại, kết hợp giữa tính thẩm mỹ và công năng sử dụng thực tế.

THÔNG SỐ KỸ THUẬT
• Chất liệu: Chất liệu cao cấp, chọn lọc kỹ càng đảm bảo độ bền và tính thẩm mỹ
• Kích thước: 120x120cm
• Mã sản phẩm: HBTG019
• Bảo hành: 12 tháng

CÔNG NĂNG NỔI BẬT
• Mặt bàn rộng rãi, đủ không gian đặt máy tính, tài liệu và vật dụng cá nhân
• Khung/chân bàn chắc chắn, chịu lực tốt, hạn chế rung lắc khi sử dụng
• Thiết kế tối giản, dễ phối hợp với nhiều phong cách nội thất khác nhau
• Dễ dàng lắp ráp và vệ sinh, bảo trì trong quá trình sử dụng lâu dài

PHÙ HỢP KHÔNG GIAN
• Phù hợp bố trí trong không gian nội thất văn phòng, mang lại sự tiện nghi và thẩm mỹ cho tổng thể không gian.",instock,1
TCN68029,Tu did dong 04,Nội thất văn phòng > Kệ - Tủ Văn Phòng > Tủ Hồ Sơ Di Động,5390000,,"/images/products/TCN68029-1.jpg, /images/products/TCN68029-2.jpg","Tủ lưu trữ tiện lợi, thiết kế gọn gàng.","Tu did dong 04 giúp tối ưu không gian lưu trữ, sắp xếp đồ đạc gọn gàng, khoa học mà vẫn đảm bảo tính thẩm mỹ cho căn phòng.

THÔNG SỐ KỸ THUẬT
• Chất liệu: Chất liệu cao cấp, chọn lọc kỹ càng đảm bảo độ bền và tính thẩm mỹ
• Mã sản phẩm: TCN68029
• Bảo hành: 12 tháng

CÔNG NĂNG NỔI BẬT
• Nhiều ngăn/kệ chia hợp lý, tối ưu diện tích lưu trữ
• Hệ thống bản lề, tay nắm chắc chắn, đóng mở êm ái
• Bề mặt hoàn thiện chống trầy xước, dễ lau chùi
• Thiết kế kín đáo, giúp không gian luôn gọn gàng ngăn nắp

PHÙ HỢP KHÔNG GIAN
• Phù hợp bố trí trong không gian nội thất văn phòng, mang lại sự tiện nghi và thẩm mỹ cho tổng thể không gian.",instock,1
HBOV038,Ban cum2 120x120cm go plywood chan oval 02 vizv vv,Nội thất văn phòng > Hệ Bàn > Hệ Oval,10850000,,"/images/products/HBOV038-1.jpg, /images/products/HBOV038-2.jpg, /images/products/HBOV038-3.jpg, /images/products/HBOV038-4.jpg, /images/products/HBOV038-5.jpg, /images/products/HBOV038-6.jpg","Bàn thiết kế chắc chắn, tối ưu không gian sử dụng.","Ban cum2 120x120cm go plywood chan oval 02 vizv vv là lựa chọn lý tưởng cho không gian làm việc và sinh hoạt hiện đại, kết hợp giữa tính thẩm mỹ và công năng sử dụng thực tế.

THÔNG SỐ KỸ THUẬT
• Chất liệu: Chất liệu cao cấp, chọn lọc kỹ càng đảm bảo độ bền và tính thẩm mỹ
• Kích thước: 120x120cm
• Mã sản phẩm: HBOV038
• Bảo hành: 12 tháng

CÔNG NĂNG NỔI BẬT
• Mặt bàn rộng rãi, đủ không gian đặt máy tính, tài liệu và vật dụng cá nhân
• Khung/chân bàn chắc chắn, chịu lực tốt, hạn chế rung lắc khi sử dụng
• Thiết kế tối giản, dễ phối hợp với nhiều phong cách nội thất khác nhau
• Dễ dàng lắp ráp và vệ sinh, bảo trì trong quá trình sử dụng lâu dài

PHÙ HỢP KHÔNG GIAN
• Phù hợp bố trí trong không gian nội thất văn phòng, mang lại sự tiện nghi và thẩm mỹ cho tổng thể không gian.",instock,1
HBAC052,Ban 160x60cm go plywood he aconcept 01,Nội thất văn phòng > Hệ Bàn > Hệ AConcept,4020000,,"/images/products/HBAC052-1.jpg, /images/products/HBAC052-2.jpg, /images/products/HBAC052-3.jpg, /images/products/HBAC052-4.jpg","Bàn thiết kế chắc chắn, tối ưu không gian sử dụng.","Ban 160x60cm go plywood he aconcept 01 là lựa chọn lý tưởng cho không gian làm việc và sinh hoạt hiện đại, kết hợp giữa tính thẩm mỹ và công năng sử dụng thực tế.

THÔNG SỐ KỸ THUẬT
• Chất liệu: Chất liệu cao cấp, chọn lọc kỹ càng đảm bảo độ bền và tính thẩm mỹ
• Kích thước: 160x60cm
• Mã sản phẩm: HBAC052
• Bảo hành: 12 tháng

CÔNG NĂNG NỔI BẬT
• Mặt bàn rộng rãi, đủ không gian đặt máy tính, tài liệu và vật dụng cá nhân
• Khung/chân bàn chắc chắn, chịu lực tốt, hạn chế rung lắc khi sử dụng
• Thiết kế tối giản, dễ phối hợp với nhiều phong cách nội thất khác nhau
• Dễ dàng lắp ráp và vệ sinh, bảo trì trong quá trình sử dụng lâu dài

PHÙ HỢP KHÔNG GIAN
• Phù hợp bố trí trong không gian nội thất văn phòng, mang lại sự tiện nghi và thẩm mỹ cho tổng thể không gian.",instock,1
HCTG009,Chan ban 180x70cm tam giac quy 01 qehh jd,Nội thất văn phòng > Hệ Bàn > Hệ Tứ Giác Côn,13940000,,"/images/products/HCTG009-1.jpg, /images/products/HCTG009-2.jpg, /images/products/HCTG009-3.jpg, /images/products/HCTG009-4.jpg, /images/products/HCTG009-5.jpg","Bàn thiết kế chắc chắn, tối ưu không gian sử dụng.","Chan ban 180x70cm tam giac quy 01 qehh jd là lựa chọn lý tưởng cho không gian làm việc và sinh hoạt hiện đại, kết hợp giữa tính thẩm mỹ và công năng sử dụng thực tế.

THÔNG SỐ KỸ THUẬT
• Chất liệu: Chất liệu cao cấp, chọn lọc kỹ càng đảm bảo độ bền và tính thẩm mỹ
• Kích thước: 180x70cm
• Mã sản phẩm: HCTG009
• Bảo hành: 12 tháng

CÔNG NĂNG NỔI BẬT
• Mặt bàn rộng rãi, đủ không gian đặt máy tính, tài liệu và vật dụng cá nhân
• Khung/chân bàn chắc chắn, chịu lực tốt, hạn chế rung lắc khi sử dụng
• Thiết kế tối giản, dễ phối hợp với nhiều phong cách nội thất khác nhau
• Dễ dàng lắp ráp và vệ sinh, bảo trì trong quá trình sử dụng lâu dài

PHÙ HỢP KHÔNG GIAN
• Phù hợp bố trí trong không gian nội thất văn phòng, mang lại sự tiện nghi và thẩm mỹ cho tổng thể không gian.",instock,1
HBWD024,Ban 120x60cm go tram chan hairpin 01,Nội thất văn phòng > Hệ Chân Bàn > Chân sắt HairPin,1450000,,"/images/products/HBWD024-1.jpg, /images/products/HBWD024-2.jpg, /images/products/HBWD024-3.jpg","Phụ kiện tiện dụng, hỗ trợ không gian làm việc gọn gàng.","Ban 120x60cm go tram chan hairpin 01 là phụ kiện hỗ trợ đắc lực, giúp không gian làm việc/sinh hoạt gọn gàng và tiện dụng hơn.

THÔNG SỐ KỸ THUẬT
• Chất liệu: Chất liệu cao cấp, chọn lọc kỹ càng đảm bảo độ bền và tính thẩm mỹ
• Kích thước: 120x60cm
• Mã sản phẩm: HBWD024
• Bảo hành: 12 tháng

CÔNG NĂNG NỔI BẬT
• Thiết kế nhỏ gọn, dễ dàng lắp đặt vào hệ bàn/ghế hiện có
• Chất liệu bền bỉ, chịu lực và chịu nhiệt tốt trong quá trình sử dụng
• Giúp không gian làm việc gọn gàng, khoa học hơn
• Tương thích với nhiều mẫu bàn/ghế khác nhau

PHÙ HỢP KHÔNG GIAN
• Phù hợp bố trí trong không gian nội thất văn phòng, mang lại sự tiện nghi và thẩm mỹ cho tổng thể không gian.",instock,1
HBTC037,Ban lam viec chu l go plywood melamin chan sat trapeze (2),Phòng Làm Việc > Bàn Làm Việc,11470000,,"/images/products/HBTC037-1.jpg, /images/products/HBTC037-2.jpg, /images/products/HBTC037-3.png, /images/products/HBTC037-4.jpg, /images/products/HBTC037-5.jpg, /images/products/HBTC037-6.jpg","Bàn thiết kế chắc chắn, tối ưu không gian sử dụng.","Ban lam viec chu l go plywood melamin chan sat trapeze (2) là lựa chọn lý tưởng cho không gian làm việc và sinh hoạt hiện đại, kết hợp giữa tính thẩm mỹ và công năng sử dụng thực tế.

THÔNG SỐ KỸ THUẬT
• Chất liệu: Chất liệu cao cấp, chọn lọc kỹ càng đảm bảo độ bền và tính thẩm mỹ
• Mã sản phẩm: HBTC037
• Bảo hành: 12 tháng

CÔNG NĂNG NỔI BẬT
• Mặt bàn rộng rãi, đủ không gian đặt máy tính, tài liệu và vật dụng cá nhân
• Khung/chân bàn chắc chắn, chịu lực tốt, hạn chế rung lắc khi sử dụng
• Thiết kế tối giản, dễ phối hợp với nhiều phong cách nội thất khác nhau
• Dễ dàng lắp ráp và vệ sinh, bảo trì trong quá trình sử dụng lâu dài

PHÙ HỢP KHÔNG GIAN
• Phù hợp bố trí trong không gian phòng làm việc, mang lại sự tiện nghi và thẩm mỹ cho tổng thể không gian.",instock,1
HBTC007,B├án l├ám viß╗çc 160x80 Trapeze Concept lß║»p r├íp,Nội thất văn phòng > Hệ Bàn > Hệ Trapeze,9730000,,/images/products/HBTC007-1.png,"Bàn thiết kế chắc chắn, tối ưu không gian sử dụng.","B├án l├ám viß╗çc 160x80 Trapeze Concept lß║»p r├íp là lựa chọn lý tưởng cho không gian làm việc và sinh hoạt hiện đại, kết hợp giữa tính thẩm mỹ và công năng sử dụng thực tế.

THÔNG SỐ KỸ THUẬT
• Chất liệu: Chất liệu cao cấp, chọn lọc kỹ càng đảm bảo độ bền và tính thẩm mỹ
• Mã sản phẩm: HBTC007
• Bảo hành: 12 tháng

CÔNG NĂNG NỔI BẬT
• Mặt bàn rộng rãi, đủ không gian đặt máy tính, tài liệu và vật dụng cá nhân
• Khung/chân bàn chắc chắn, chịu lực tốt, hạn chế rung lắc khi sử dụng
• Thiết kế tối giản, dễ phối hợp với nhiều phong cách nội thất khác nhau
• Dễ dàng lắp ráp và vệ sinh, bảo trì trong quá trình sử dụng lâu dài

PHÙ HỢP KHÔNG GIAN
• Phù hợp bố trí trong không gian nội thất văn phòng, mang lại sự tiện nghi và thẩm mỹ cho tổng thể không gian.",instock,1
GD68028,Ban gaming go tram 04,Phòng Làm Việc > Bàn Gaming,5880000,,/images/products/GD68028-1.jpg,"Bàn thiết kế chắc chắn, tối ưu không gian sử dụng.","Ban gaming go tram 04 là lựa chọn lý tưởng cho không gian làm việc và sinh hoạt hiện đại, kết hợp giữa tính thẩm mỹ và công năng sử dụng thực tế.

THÔNG SỐ KỸ THUẬT
• Chất liệu: Chất liệu cao cấp, chọn lọc kỹ càng đảm bảo độ bền và tính thẩm mỹ
• Mã sản phẩm: GD68028
• Bảo hành: 12 tháng

CÔNG NĂNG NỔI BẬT
• Mặt bàn rộng rãi, đủ không gian đặt máy tính, tài liệu và vật dụng cá nhân
• Khung/chân bàn chắc chắn, chịu lực tốt, hạn chế rung lắc khi sử dụng
• Thiết kế tối giản, dễ phối hợp với nhiều phong cách nội thất khác nhau
• Dễ dàng lắp ráp và vệ sinh, bảo trì trong quá trình sử dụng lâu dài

PHÙ HỢP KHÔNG GIAN
• Phù hợp bố trí trong không gian phòng làm việc, mang lại sự tiện nghi và thẩm mỹ cho tổng thể không gian.",instock,1
THS68036,Tu ho so 3 tang 02,Nội thất văn phòng > Kệ - Tủ Văn Phòng > Tủ Hồ Sơ Đứng,9740000,,"/images/products/THS68036-1.jpg, /images/products/THS68036-2.jpg, /images/products/THS68036-3.jpg, /images/products/THS68036-4.jpg","Tủ lưu trữ tiện lợi, thiết kế gọn gàng.","Tu ho so 3 tang 02 giúp tối ưu không gian lưu trữ, sắp xếp đồ đạc gọn gàng, khoa học mà vẫn đảm bảo tính thẩm mỹ cho căn phòng.

THÔNG SỐ KỸ THUẬT
• Chất liệu: Chất liệu cao cấp, chọn lọc kỹ càng đảm bảo độ bền và tính thẩm mỹ
• Mã sản phẩm: THS68036
• Bảo hành: 12 tháng

CÔNG NĂNG NỔI BẬT
• Nhiều ngăn/kệ chia hợp lý, tối ưu diện tích lưu trữ
• Hệ thống bản lề, tay nắm chắc chắn, đóng mở êm ái
• Bề mặt hoàn thiện chống trầy xước, dễ lau chùi
• Thiết kế kín đáo, giúp không gian luôn gọn gàng ngăn nắp

PHÙ HỢP KHÔNG GIAN
• Phù hợp bố trí trong không gian nội thất văn phòng, mang lại sự tiện nghi và thẩm mỹ cho tổng thể không gian.",instock,1
HBTA009,Ban hop 100x200cm he trian chan sat tam giac (2),Nội thất văn phòng > Hệ Bàn > Hệ Trian,8630000,,"/images/products/HBTA009-1.png, /images/products/HBTA009-2.png","Bàn thiết kế chắc chắn, tối ưu không gian sử dụng.","Ban hop 100x200cm he trian chan sat tam giac (2) là lựa chọn lý tưởng cho không gian làm việc và sinh hoạt hiện đại, kết hợp giữa tính thẩm mỹ và công năng sử dụng thực tế.

THÔNG SỐ KỸ THUẬT
• Chất liệu: Chất liệu cao cấp, chọn lọc kỹ càng đảm bảo độ bền và tính thẩm mỹ
• Kích thước: 100x200cm
• Mã sản phẩm: HBTA009
• Bảo hành: 12 tháng

CÔNG NĂNG NỔI BẬT
• Mặt bàn rộng rãi, đủ không gian đặt máy tính, tài liệu và vật dụng cá nhân
• Khung/chân bàn chắc chắn, chịu lực tốt, hạn chế rung lắc khi sử dụng
• Thiết kế tối giản, dễ phối hợp với nhiều phong cách nội thất khác nhau
• Dễ dàng lắp ráp và vệ sinh, bảo trì trong quá trình sử dụng lâu dài

PHÙ HỢP KHÔNG GIAN
• Phù hợp bố trí trong không gian nội thất văn phòng, mang lại sự tiện nghi và thẩm mỹ cho tổng thể không gian.",instock,1
HBKC045,Ban lam viec go plywood melamin chan sat kconcept (3),Nội thất văn phòng > Hệ Bàn > Hệ KConcept,4990000,,"/images/products/HBKC045-1.jpg, /images/products/HBKC045-2.jpg, /images/products/HBKC045-3.png, /images/products/HBKC045-4.png, /images/products/HBKC045-5.jpg, /images/products/HBKC045-6.jpg","Bàn thiết kế chắc chắn, tối ưu không gian sử dụng.","Ban lam viec go plywood melamin chan sat kconcept (3) là lựa chọn lý tưởng cho không gian làm việc và sinh hoạt hiện đại, kết hợp giữa tính thẩm mỹ và công năng sử dụng thực tế.

THÔNG SỐ KỸ THUẬT
• Chất liệu: Chất liệu cao cấp, chọn lọc kỹ càng đảm bảo độ bền và tính thẩm mỹ
• Mã sản phẩm: HBKC045
• Bảo hành: 12 tháng

CÔNG NĂNG NỔI BẬT
• Mặt bàn rộng rãi, đủ không gian đặt máy tính, tài liệu và vật dụng cá nhân
• Khung/chân bàn chắc chắn, chịu lực tốt, hạn chế rung lắc khi sử dụng
• Thiết kế tối giản, dễ phối hợp với nhiều phong cách nội thất khác nhau
• Dễ dàng lắp ráp và vệ sinh, bảo trì trong quá trình sử dụng lâu dài

PHÙ HỢP KHÔNG GIAN
• Phù hợp bố trí trong không gian nội thất văn phòng, mang lại sự tiện nghi và thẩm mỹ cho tổng thể không gian.",instock,1
HBTC023,Ban giam doc 160x150 trapeze concept (a2),Nội thất văn phòng > Bàn Văn Phòng > Bàn Giám Đốc,3380000,,/images/products/HBTC023-1.png,"Bàn thiết kế chắc chắn, tối ưu không gian sử dụng.","Ban giam doc 160x150 trapeze concept (a2) là lựa chọn lý tưởng cho không gian làm việc và sinh hoạt hiện đại, kết hợp giữa tính thẩm mỹ và công năng sử dụng thực tế.

THÔNG SỐ KỸ THUẬT
• Chất liệu: Chất liệu cao cấp, chọn lọc kỹ càng đảm bảo độ bền và tính thẩm mỹ
• Mã sản phẩm: HBTC023
• Bảo hành: 12 tháng

CÔNG NĂNG NỔI BẬT
• Mặt bàn rộng rãi, đủ không gian đặt máy tính, tài liệu và vật dụng cá nhân
• Khung/chân bàn chắc chắn, chịu lực tốt, hạn chế rung lắc khi sử dụng
• Thiết kế tối giản, dễ phối hợp với nhiều phong cách nội thất khác nhau
• Dễ dàng lắp ráp và vệ sinh, bảo trì trong quá trình sử dụng lâu dài

PHÙ HỢP KHÔNG GIAN
• Phù hợp bố trí trong không gian nội thất văn phòng, mang lại sự tiện nghi và thẩm mỹ cho tổng thể không gian.",instock,1
HBAC038,Ban lam viec go plywood melamin chan sat aconcept (2),Phòng Làm Việc > Bàn Làm Việc,3430000,,"/images/products/HBAC038-1.jpg, /images/products/HBAC038-2.jpg, /images/products/HBAC038-3.png, /images/products/HBAC038-4.png, /images/products/HBAC038-5.jpg, /images/products/HBAC038-6.jpg","Bàn thiết kế chắc chắn, tối ưu không gian sử dụng.","Ban lam viec go plywood melamin chan sat aconcept (2) là lựa chọn lý tưởng cho không gian làm việc và sinh hoạt hiện đại, kết hợp giữa tính thẩm mỹ và công năng sử dụng thực tế.

THÔNG SỐ KỸ THUẬT
• Chất liệu: Chất liệu cao cấp, chọn lọc kỹ càng đảm bảo độ bền và tính thẩm mỹ
• Mã sản phẩm: HBAC038
• Bảo hành: 12 tháng

CÔNG NĂNG NỔI BẬT
• Mặt bàn rộng rãi, đủ không gian đặt máy tính, tài liệu và vật dụng cá nhân
• Khung/chân bàn chắc chắn, chịu lực tốt, hạn chế rung lắc khi sử dụng
• Thiết kế tối giản, dễ phối hợp với nhiều phong cách nội thất khác nhau
• Dễ dàng lắp ráp và vệ sinh, bảo trì trong quá trình sử dụng lâu dài

PHÙ HỢP KHÔNG GIAN
• Phù hợp bố trí trong không gian phòng làm việc, mang lại sự tiện nghi và thẩm mỹ cho tổng thể không gian.",instock,1
HBVC007,Ban lam viec 160x80 vconcept chan sat lap rap (2),Phòng Làm Việc > Bàn Làm Việc,12860000,,"/images/products/HBVC007-1.png, /images/products/HBVC007-2.png","Bàn thiết kế chắc chắn, tối ưu không gian sử dụng.","Ban lam viec 160x80 vconcept chan sat lap rap (2) là lựa chọn lý tưởng cho không gian làm việc và sinh hoạt hiện đại, kết hợp giữa tính thẩm mỹ và công năng sử dụng thực tế.

THÔNG SỐ KỸ THUẬT
• Chất liệu: Chất liệu cao cấp, chọn lọc kỹ càng đảm bảo độ bền và tính thẩm mỹ
• Mã sản phẩm: HBVC007
• Bảo hành: 12 tháng

CÔNG NĂNG NỔI BẬT
• Mặt bàn rộng rãi, đủ không gian đặt máy tính, tài liệu và vật dụng cá nhân
• Khung/chân bàn chắc chắn, chịu lực tốt, hạn chế rung lắc khi sử dụng
• Thiết kế tối giản, dễ phối hợp với nhiều phong cách nội thất khác nhau
• Dễ dàng lắp ráp và vệ sinh, bảo trì trong quá trình sử dụng lâu dài

PHÙ HỢP KHÔNG GIAN
• Phù hợp bố trí trong không gian phòng làm việc, mang lại sự tiện nghi và thẩm mỹ cho tổng thể không gian.",instock,1
HOM1016,Ghe van phong chan quy 03 01,Nội thất văn phòng > Ghế Văn Phòng > Ghế Giám Đốc,4520000,,"/images/products/HOM1016-1.jpg, /images/products/HOM1016-2.jpg, /images/products/HOM1016-3.jpg","Ghế công thái học, êm ái và bền bỉ.","Ghe van phong chan quy 03 01 mang đến trải nghiệm ngồi thoải mái, hỗ trợ tư thế đúng chuẩn cho thời gian sử dụng dài mà không gây mỏi mệt.

THÔNG SỐ KỸ THUẬT
• Chất liệu: Chất liệu cao cấp, chọn lọc kỹ càng đảm bảo độ bền và tính thẩm mỹ
• Mã sản phẩm: HOM1016
• Bảo hành: 12 tháng

CÔNG NĂNG NỔI BẬT
• Thiết kế công thái học, nâng đỡ tốt cho vùng lưng và cổ
• Khung ghế chắc chắn, chịu tải trọng tốt, đảm bảo an toàn khi sử dụng
• Đệm ngồi êm ái, thoáng khí, phù hợp ngồi làm việc/sinh hoạt trong thời gian dài
• Kiểu dáng hiện đại, dễ dàng kết hợp với nhiều không gian nội thất

PHÙ HỢP KHÔNG GIAN
• Phù hợp bố trí trong không gian nội thất văn phòng, mang lại sự tiện nghi và thẩm mỹ cho tổng thể không gian.",instock,1
HBOV048,Ban hop vuong 100cm go plywood chan oval 04,Nội thất văn phòng > Bàn Văn Phòng > Bàn Họp,7740000,,"/images/products/HBOV048-1.jpg, /images/products/HBOV048-2.jpg, /images/products/HBOV048-3.jpg, /images/products/HBOV048-4.jpg, /images/products/HBOV048-5.jpg, /images/products/HBOV048-6.jpg","Bàn thiết kế chắc chắn, tối ưu không gian sử dụng.","Ban hop vuong 100cm go plywood chan oval 04 là lựa chọn lý tưởng cho không gian làm việc và sinh hoạt hiện đại, kết hợp giữa tính thẩm mỹ và công năng sử dụng thực tế.

THÔNG SỐ KỸ THUẬT
• Chất liệu: Chất liệu cao cấp, chọn lọc kỹ càng đảm bảo độ bền và tính thẩm mỹ
• Mã sản phẩm: HBOV048
• Bảo hành: 12 tháng

CÔNG NĂNG NỔI BẬT
• Mặt bàn rộng rãi, đủ không gian đặt máy tính, tài liệu và vật dụng cá nhân
• Khung/chân bàn chắc chắn, chịu lực tốt, hạn chế rung lắc khi sử dụng
• Thiết kế tối giản, dễ phối hợp với nhiều phong cách nội thất khác nhau
• Dễ dàng lắp ráp và vệ sinh, bảo trì trong quá trình sử dụng lâu dài

PHÙ HỢP KHÔNG GIAN
• Phù hợp bố trí trong không gian nội thất văn phòng, mang lại sự tiện nghi và thẩm mỹ cho tổng thể không gian.",instock,1
HBLG035,Ban lego go cao su 02,Nội thất văn phòng > Hệ Bàn > Hệ Lego,8910000,,"/images/products/HBLG035-1.jpg, /images/products/HBLG035-2.jpg, /images/products/HBLG035-3.jpg, /images/products/HBLG035-4.jpg","Bàn thiết kế chắc chắn, tối ưu không gian sử dụng.","Ban lego go cao su 02 là lựa chọn lý tưởng cho không gian làm việc và sinh hoạt hiện đại, kết hợp giữa tính thẩm mỹ và công năng sử dụng thực tế.

THÔNG SỐ KỸ THUẬT
• Chất liệu: Chất liệu cao cấp, chọn lọc kỹ càng đảm bảo độ bền và tính thẩm mỹ
• Mã sản phẩm: HBLG035
• Bảo hành: 12 tháng

CÔNG NĂNG NỔI BẬT
• Mặt bàn rộng rãi, đủ không gian đặt máy tính, tài liệu và vật dụng cá nhân
• Khung/chân bàn chắc chắn, chịu lực tốt, hạn chế rung lắc khi sử dụng
• Thiết kế tối giản, dễ phối hợp với nhiều phong cách nội thất khác nhau
• Dễ dàng lắp ráp và vệ sinh, bảo trì trong quá trình sử dụng lâu dài

PHÙ HỢP KHÔNG GIAN
• Phù hợp bố trí trong không gian nội thất văn phòng, mang lại sự tiện nghi và thẩm mỹ cho tổng thể không gian.",instock,1
FLD020,Ban nang ha 1 khop go cao su 07,Nội thất văn phòng > Hệ Chân Bàn > Chân bàn nâng hạ Flexi,1110000,,"/images/products/FLD020-1.jpg, /images/products/FLD020-2.jpg, /images/products/FLD020-3.jpg, /images/products/FLD020-4.jpg, /images/products/FLD020-5.jpg, /images/products/FLD020-6.jpg","Phụ kiện tiện dụng, hỗ trợ không gian làm việc gọn gàng.","Ban nang ha 1 khop go cao su 07 là phụ kiện hỗ trợ đắc lực, giúp không gian làm việc/sinh hoạt gọn gàng và tiện dụng hơn.

THÔNG SỐ KỸ THUẬT
• Chất liệu: Chất liệu cao cấp, chọn lọc kỹ càng đảm bảo độ bền và tính thẩm mỹ
• Mã sản phẩm: FLD020
• Bảo hành: 12 tháng

CÔNG NĂNG NỔI BẬT
• Thiết kế nhỏ gọn, dễ dàng lắp đặt vào hệ bàn/ghế hiện có
• Chất liệu bền bỉ, chịu lực và chịu nhiệt tốt trong quá trình sử dụng
• Giúp không gian làm việc gọn gàng, khoa học hơn
• Tương thích với nhiều mẫu bàn/ghế khác nhau

PHÙ HỢP KHÔNG GIAN
• Phù hợp bố trí trong không gian nội thất văn phòng, mang lại sự tiện nghi và thẩm mỹ cho tổng thể không gian.",instock,1
HBCO007,Ban lam viec cone 01,Phòng Làm Việc > Bàn Làm Việc,9640000,,"/images/products/HBCO007-1.jpg, /images/products/HBCO007-2.jpg","Bàn thiết kế chắc chắn, tối ưu không gian sử dụng.","Ban lam viec cone 01 là lựa chọn lý tưởng cho không gian làm việc và sinh hoạt hiện đại, kết hợp giữa tính thẩm mỹ và công năng sử dụng thực tế.

THÔNG SỐ KỸ THUẬT
• Chất liệu: Chất liệu cao cấp, chọn lọc kỹ càng đảm bảo độ bền và tính thẩm mỹ
• Mã sản phẩm: HBCO007
• Bảo hành: 12 tháng

CÔNG NĂNG NỔI BẬT
• Mặt bàn rộng rãi, đủ không gian đặt máy tính, tài liệu và vật dụng cá nhân
• Khung/chân bàn chắc chắn, chịu lực tốt, hạn chế rung lắc khi sử dụng
• Thiết kế tối giản, dễ phối hợp với nhiều phong cách nội thất khác nhau
• Dễ dàng lắp ráp và vệ sinh, bảo trì trong quá trình sử dụng lâu dài

PHÙ HỢP KHÔNG GIAN
• Phù hợp bố trí trong không gian phòng làm việc, mang lại sự tiện nghi và thẩm mỹ cho tổng thể không gian.",instock,1
HBAC028,Ban lam viec cum 2 go cao su chan sat (12),Phòng Làm Việc > Bàn Làm Việc,2710000,,"/images/products/HBAC028-1.png, /images/products/HBAC028-2.png","Bàn thiết kế chắc chắn, tối ưu không gian sử dụng.","Ban lam viec cum 2 go cao su chan sat (12) là lựa chọn lý tưởng cho không gian làm việc và sinh hoạt hiện đại, kết hợp giữa tính thẩm mỹ và công năng sử dụng thực tế.

THÔNG SỐ KỸ THUẬT
• Chất liệu: Chất liệu cao cấp, chọn lọc kỹ càng đảm bảo độ bền và tính thẩm mỹ
• Mã sản phẩm: HBAC028
• Bảo hành: 12 tháng

CÔNG NĂNG NỔI BẬT
• Mặt bàn rộng rãi, đủ không gian đặt máy tính, tài liệu và vật dụng cá nhân
• Khung/chân bàn chắc chắn, chịu lực tốt, hạn chế rung lắc khi sử dụng
• Thiết kế tối giản, dễ phối hợp với nhiều phong cách nội thất khác nhau
• Dễ dàng lắp ráp và vệ sinh, bảo trì trong quá trình sử dụng lâu dài

PHÙ HỢP KHÔNG GIAN
• Phù hợp bố trí trong không gian phòng làm việc, mang lại sự tiện nghi và thẩm mỹ cho tổng thể không gian.",instock,1
HBTC043,Ban hop go plywood melamin chan sat lap rap trapeze (2),Nội thất văn phòng > Bàn Văn Phòng > Bàn Họp,13100000,,"/images/products/HBTC043-1.jpg, /images/products/HBTC043-2.jpg, /images/products/HBTC043-3.png, /images/products/HBTC043-4.jpg, /images/products/HBTC043-5.jpg","Bàn thiết kế chắc chắn, tối ưu không gian sử dụng.","Ban hop go plywood melamin chan sat lap rap trapeze (2) là lựa chọn lý tưởng cho không gian làm việc và sinh hoạt hiện đại, kết hợp giữa tính thẩm mỹ và công năng sử dụng thực tế.

THÔNG SỐ KỸ THUẬT
• Chất liệu: Chất liệu cao cấp, chọn lọc kỹ càng đảm bảo độ bền và tính thẩm mỹ
• Mã sản phẩm: HBTC043
• Bảo hành: 12 tháng

CÔNG NĂNG NỔI BẬT
• Mặt bàn rộng rãi, đủ không gian đặt máy tính, tài liệu và vật dụng cá nhân
• Khung/chân bàn chắc chắn, chịu lực tốt, hạn chế rung lắc khi sử dụng
• Thiết kế tối giản, dễ phối hợp với nhiều phong cách nội thất khác nhau
• Dễ dàng lắp ráp và vệ sinh, bảo trì trong quá trình sử dụng lâu dài

PHÙ HỢP KHÔNG GIAN
• Phù hợp bố trí trong không gian nội thất văn phòng, mang lại sự tiện nghi và thẩm mỹ cho tổng thể không gian.",instock,1
CHB68051,Chan sat cone 120x60cm 01 733n ao,Nội thất văn phòng > Hệ Bàn > Hệ CONE,12760000,,"/images/products/CHB68051-1.jpg, /images/products/CHB68051-2.jpg, /images/products/CHB68051-3.jpg, /images/products/CHB68051-4.jpg","Bàn thiết kế chắc chắn, tối ưu không gian sử dụng.","Chan sat cone 120x60cm 01 733n ao là lựa chọn lý tưởng cho không gian làm việc và sinh hoạt hiện đại, kết hợp giữa tính thẩm mỹ và công năng sử dụng thực tế.

THÔNG SỐ KỸ THUẬT
• Chất liệu: Chất liệu cao cấp, chọn lọc kỹ càng đảm bảo độ bền và tính thẩm mỹ
• Kích thước: 120x60cm
• Mã sản phẩm: CHB68051
• Bảo hành: 12 tháng

CÔNG NĂNG NỔI BẬT
• Mặt bàn rộng rãi, đủ không gian đặt máy tính, tài liệu và vật dụng cá nhân
• Khung/chân bàn chắc chắn, chịu lực tốt, hạn chế rung lắc khi sử dụng
• Thiết kế tối giản, dễ phối hợp với nhiều phong cách nội thất khác nhau
• Dễ dàng lắp ráp và vệ sinh, bảo trì trong quá trình sử dụng lâu dài

PHÙ HỢP KHÔNG GIAN
• Phù hợp bố trí trong không gian nội thất văn phòng, mang lại sự tiện nghi và thẩm mỹ cho tổng thể không gian.",instock,1
THS68062,Tu ho so cua kinh 07a,Nội thất văn phòng > Kệ - Tủ Văn Phòng > Tủ Hồ Sơ Đứng,12640000,,"/images/products/THS68062-1.jpg, /images/products/THS68062-2.jpg, /images/products/THS68062-3.jpg, /images/products/THS68062-4.jpg, /images/products/THS68062-5.jpg, /images/products/THS68062-6.jpg","Tủ lưu trữ tiện lợi, thiết kế gọn gàng.","Tu ho so cua kinh 07a giúp tối ưu không gian lưu trữ, sắp xếp đồ đạc gọn gàng, khoa học mà vẫn đảm bảo tính thẩm mỹ cho căn phòng.

THÔNG SỐ KỸ THUẬT
• Chất liệu: Chất liệu cao cấp, chọn lọc kỹ càng đảm bảo độ bền và tính thẩm mỹ
• Mã sản phẩm: THS68062
• Bảo hành: 12 tháng

CÔNG NĂNG NỔI BẬT
• Nhiều ngăn/kệ chia hợp lý, tối ưu diện tích lưu trữ
• Hệ thống bản lề, tay nắm chắc chắn, đóng mở êm ái
• Bề mặt hoàn thiện chống trầy xước, dễ lau chùi
• Thiết kế kín đáo, giúp không gian luôn gọn gàng ngăn nắp

PHÙ HỢP KHÔNG GIAN
• Phù hợp bố trí trong không gian nội thất văn phòng, mang lại sự tiện nghi và thẩm mỹ cho tổng thể không gian.",instock,1
HBWD011,Ban cum 2 nguoi go tram chan sat lap rap (2),Nội thất văn phòng > Bàn Văn Phòng > Cụm bàn 2 người,3450000,,/images/products/HBWD011-1.png,"Bàn thiết kế chắc chắn, tối ưu không gian sử dụng.","Ban cum 2 nguoi go tram chan sat lap rap (2) là lựa chọn lý tưởng cho không gian làm việc và sinh hoạt hiện đại, kết hợp giữa tính thẩm mỹ và công năng sử dụng thực tế.

THÔNG SỐ KỸ THUẬT
• Chất liệu: Chất liệu cao cấp, chọn lọc kỹ càng đảm bảo độ bền và tính thẩm mỹ
• Mã sản phẩm: HBWD011
• Bảo hành: 12 tháng

CÔNG NĂNG NỔI BẬT
• Mặt bàn rộng rãi, đủ không gian đặt máy tính, tài liệu và vật dụng cá nhân
• Khung/chân bàn chắc chắn, chịu lực tốt, hạn chế rung lắc khi sử dụng
• Thiết kế tối giản, dễ phối hợp với nhiều phong cách nội thất khác nhau
• Dễ dàng lắp ráp và vệ sinh, bảo trì trong quá trình sử dụng lâu dài

PHÙ HỢP KHÔNG GIAN
• Phù hợp bố trí trong không gian nội thất văn phòng, mang lại sự tiện nghi và thẩm mỹ cho tổng thể không gian.",instock,1
HCTC027,Chan ban sat he trapez concept 1600x600mm lap rap (4),Nội thất văn phòng > Hệ Bàn > Hệ Trapez II,2820000,,"/images/products/HCTC027-1.png, /images/products/HCTC027-2.png, /images/products/HCTC027-3.png","Bàn thiết kế chắc chắn, tối ưu không gian sử dụng.","Chan ban sat he trapez concept 1600x600mm lap rap (4) là lựa chọn lý tưởng cho không gian làm việc và sinh hoạt hiện đại, kết hợp giữa tính thẩm mỹ và công năng sử dụng thực tế.

THÔNG SỐ KỸ THUẬT
• Chất liệu: Chất liệu cao cấp, chọn lọc kỹ càng đảm bảo độ bền và tính thẩm mỹ
• Mã sản phẩm: HCTC027
• Bảo hành: 12 tháng

CÔNG NĂNG NỔI BẬT
• Mặt bàn rộng rãi, đủ không gian đặt máy tính, tài liệu và vật dụng cá nhân
• Khung/chân bàn chắc chắn, chịu lực tốt, hạn chế rung lắc khi sử dụng
• Thiết kế tối giản, dễ phối hợp với nhiều phong cách nội thất khác nhau
• Dễ dàng lắp ráp và vệ sinh, bảo trì trong quá trình sử dụng lâu dài

PHÙ HỢP KHÔNG GIAN
• Phù hợp bố trí trong không gian nội thất văn phòng, mang lại sự tiện nghi và thẩm mỹ cho tổng thể không gian.",instock,1
HBTC042,Ban hop go plywood melamin chan sat lap rap trapeze (2),Nội thất văn phòng > Bàn Văn Phòng > Bàn Họp,8550000,,"/images/products/HBTC042-1.jpg, /images/products/HBTC042-2.jpg, /images/products/HBTC042-3.png, /images/products/HBTC042-4.jpg, /images/products/HBTC042-5.jpg, /images/products/HBTC042-6.jpg","Bàn thiết kế chắc chắn, tối ưu không gian sử dụng.","Ban hop go plywood melamin chan sat lap rap trapeze (2) là lựa chọn lý tưởng cho không gian làm việc và sinh hoạt hiện đại, kết hợp giữa tính thẩm mỹ và công năng sử dụng thực tế.

THÔNG SỐ KỸ THUẬT
• Chất liệu: Chất liệu cao cấp, chọn lọc kỹ càng đảm bảo độ bền và tính thẩm mỹ
• Mã sản phẩm: HBTC042
• Bảo hành: 12 tháng

CÔNG NĂNG NỔI BẬT
• Mặt bàn rộng rãi, đủ không gian đặt máy tính, tài liệu và vật dụng cá nhân
• Khung/chân bàn chắc chắn, chịu lực tốt, hạn chế rung lắc khi sử dụng
• Thiết kế tối giản, dễ phối hợp với nhiều phong cách nội thất khác nhau
• Dễ dàng lắp ráp và vệ sinh, bảo trì trong quá trình sử dụng lâu dài

PHÙ HỢP KHÔNG GIAN
• Phù hợp bố trí trong không gian nội thất văn phòng, mang lại sự tiện nghi và thẩm mỹ cho tổng thể không gian.",instock,1
KTT68021,Ke treo tuong ong nuoc 01,Ống Nước > Kệ Ống Nước,7490000,,/images/products/KTT68021-1.jpg,"Phụ kiện tiện dụng, hỗ trợ không gian làm việc gọn gàng.","Ke treo tuong ong nuoc 01 là phụ kiện hỗ trợ đắc lực, giúp không gian làm việc/sinh hoạt gọn gàng và tiện dụng hơn.

THÔNG SỐ KỸ THUẬT
• Chất liệu: Chất liệu cao cấp, chọn lọc kỹ càng đảm bảo độ bền và tính thẩm mỹ
• Mã sản phẩm: KTT68021
• Bảo hành: 12 tháng

CÔNG NĂNG NỔI BẬT
• Thiết kế nhỏ gọn, dễ dàng lắp đặt vào hệ bàn/ghế hiện có
• Chất liệu bền bỉ, chịu lực và chịu nhiệt tốt trong quá trình sử dụng
• Giúp không gian làm việc gọn gàng, khoa học hơn
• Tương thích với nhiều mẫu bàn/ghế khác nhau

PHÙ HỢP KHÔNG GIAN
• Phù hợp sử dụng kèm nhiều mẫu bàn/ghế văn phòng, gia đình khác nhau, mang lại sự tiện nghi và thẩm mỹ cho tổng thể không gian.",instock,1
HBOM002,Ban lam viec 1m2 10a,Phòng Làm Việc > Bàn Làm Việc,3630000,,"/images/products/HBOM002-1.jpg, /images/products/HBOM002-2.jpg","Bàn thiết kế chắc chắn, tối ưu không gian sử dụng.","Ban lam viec 1m2 10a là lựa chọn lý tưởng cho không gian làm việc và sinh hoạt hiện đại, kết hợp giữa tính thẩm mỹ và công năng sử dụng thực tế.

THÔNG SỐ KỸ THUẬT
• Chất liệu: Chất liệu cao cấp, chọn lọc kỹ càng đảm bảo độ bền và tính thẩm mỹ
• Mã sản phẩm: HBOM002
• Bảo hành: 12 tháng

CÔNG NĂNG NỔI BẬT
• Mặt bàn rộng rãi, đủ không gian đặt máy tính, tài liệu và vật dụng cá nhân
• Khung/chân bàn chắc chắn, chịu lực tốt, hạn chế rung lắc khi sử dụng
• Thiết kế tối giản, dễ phối hợp với nhiều phong cách nội thất khác nhau
• Dễ dàng lắp ráp và vệ sinh, bảo trì trong quá trình sử dụng lâu dài

PHÙ HỢP KHÔNG GIAN
• Phù hợp bố trí trong không gian phòng làm việc, mang lại sự tiện nghi và thẩm mỹ cho tổng thể không gian.",instock,1
HBTC041,Ban gocL 180x160cm go plywood chan trapeze 02,Nội thất văn phòng > Hệ Bàn > Hệ Trapeze,5970000,,/images/products/HBTC041-1.jpg,"Bàn thiết kế chắc chắn, tối ưu không gian sử dụng.","Ban gocL 180x160cm go plywood chan trapeze 02 là lựa chọn lý tưởng cho không gian làm việc và sinh hoạt hiện đại, kết hợp giữa tính thẩm mỹ và công năng sử dụng thực tế.

THÔNG SỐ KỸ THUẬT
• Chất liệu: Chất liệu cao cấp, chọn lọc kỹ càng đảm bảo độ bền và tính thẩm mỹ
• Kích thước: 180x160cm
• Mã sản phẩm: HBTC041
• Bảo hành: 12 tháng

CÔNG NĂNG NỔI BẬT
• Mặt bàn rộng rãi, đủ không gian đặt máy tính, tài liệu và vật dụng cá nhân
• Khung/chân bàn chắc chắn, chịu lực tốt, hạn chế rung lắc khi sử dụng
• Thiết kế tối giản, dễ phối hợp với nhiều phong cách nội thất khác nhau
• Dễ dàng lắp ráp và vệ sinh, bảo trì trong quá trình sử dụng lâu dài

PHÙ HỢP KHÔNG GIAN
• Phù hợp bố trí trong không gian nội thất văn phòng, mang lại sự tiện nghi và thẩm mỹ cho tổng thể không gian.",instock,1
HBUC038,Ban lam viec 100x60cm plywood be tong 03,Phòng Làm Việc > Bàn Làm Việc,5010000,,"/images/products/HBUC038-1.jpg, /images/products/HBUC038-2.jpg, /images/products/HBUC038-3.png, /images/products/HBUC038-4.jpg, /images/products/HBUC038-5.jpg","Bàn thiết kế chắc chắn, tối ưu không gian sử dụng.","Ban lam viec 100x60cm plywood be tong 03 là lựa chọn lý tưởng cho không gian làm việc và sinh hoạt hiện đại, kết hợp giữa tính thẩm mỹ và công năng sử dụng thực tế.

THÔNG SỐ KỸ THUẬT
• Chất liệu: Chất liệu cao cấp, chọn lọc kỹ càng đảm bảo độ bền và tính thẩm mỹ
• Kích thước: 100x60cm
• Mã sản phẩm: HBUC038
• Bảo hành: 12 tháng

CÔNG NĂNG NỔI BẬT
• Mặt bàn rộng rãi, đủ không gian đặt máy tính, tài liệu và vật dụng cá nhân
• Khung/chân bàn chắc chắn, chịu lực tốt, hạn chế rung lắc khi sử dụng
• Thiết kế tối giản, dễ phối hợp với nhiều phong cách nội thất khác nhau
• Dễ dàng lắp ráp và vệ sinh, bảo trì trong quá trình sử dụng lâu dài

PHÙ HỢP KHÔNG GIAN
• Phù hợp bố trí trong không gian phòng làm việc, mang lại sự tiện nghi và thẩm mỹ cho tổng thể không gian.",instock,1
HCTG022,Chan ban hop 180x90cm sat tam giac quy kichthuoc 01,Nội thất văn phòng > Bàn Văn Phòng > Bàn Họp,4990000,,"/images/products/HCTG022-1.jpg, /images/products/HCTG022-2.jpg, /images/products/HCTG022-3.jpg, /images/products/HCTG022-4.jpg, /images/products/HCTG022-5.jpg","Bàn thiết kế chắc chắn, tối ưu không gian sử dụng.","Chan ban hop 180x90cm sat tam giac quy kichthuoc 01 là lựa chọn lý tưởng cho không gian làm việc và sinh hoạt hiện đại, kết hợp giữa tính thẩm mỹ và công năng sử dụng thực tế.

THÔNG SỐ KỸ THUẬT
• Chất liệu: Chất liệu cao cấp, chọn lọc kỹ càng đảm bảo độ bền và tính thẩm mỹ
• Kích thước: 180x90cm
• Mã sản phẩm: HCTG022
• Bảo hành: 12 tháng

CÔNG NĂNG NỔI BẬT
• Mặt bàn rộng rãi, đủ không gian đặt máy tính, tài liệu và vật dụng cá nhân
• Khung/chân bàn chắc chắn, chịu lực tốt, hạn chế rung lắc khi sử dụng
• Thiết kế tối giản, dễ phối hợp với nhiều phong cách nội thất khác nhau
• Dễ dàng lắp ráp và vệ sinh, bảo trì trong quá trình sử dụng lâu dài

PHÙ HỢP KHÔNG GIAN
• Phù hợp bố trí trong không gian nội thất văn phòng, mang lại sự tiện nghi và thẩm mỹ cho tổng thể không gian.",instock,1
HBAC050,Ban lam viec go plywood van toi he aconcept 002,Nội thất văn phòng > Hệ Bàn > Hệ AConcept,10800000,,"/images/products/HBAC050-1.jpg, /images/products/HBAC050-2.jpg, /images/products/HBAC050-3.jpg","Bàn thiết kế chắc chắn, tối ưu không gian sử dụng.","Ban lam viec go plywood van toi he aconcept 002 là lựa chọn lý tưởng cho không gian làm việc và sinh hoạt hiện đại, kết hợp giữa tính thẩm mỹ và công năng sử dụng thực tế.

THÔNG SỐ KỸ THUẬT
• Chất liệu: Chất liệu cao cấp, chọn lọc kỹ càng đảm bảo độ bền và tính thẩm mỹ
• Mã sản phẩm: HBAC050
• Bảo hành: 12 tháng

CÔNG NĂNG NỔI BẬT
• Mặt bàn rộng rãi, đủ không gian đặt máy tính, tài liệu và vật dụng cá nhân
• Khung/chân bàn chắc chắn, chịu lực tốt, hạn chế rung lắc khi sử dụng
• Thiết kế tối giản, dễ phối hợp với nhiều phong cách nội thất khác nhau
• Dễ dàng lắp ráp và vệ sinh, bảo trì trong quá trình sử dụng lâu dài

PHÙ HỢP KHÔNG GIAN
• Phù hợp bố trí trong không gian nội thất văn phòng, mang lại sự tiện nghi và thẩm mỹ cho tổng thể không gian.",instock,1
KCPU68012,Ke may in 04,Nội thất văn phòng > Kệ - Tủ Văn Phòng > Tủ Kệ Máy In,9330000,,"/images/products/KCPU68012-1.jpg, /images/products/KCPU68012-2.jpg","Tủ lưu trữ tiện lợi, thiết kế gọn gàng.","Ke may in 04 giúp tối ưu không gian lưu trữ, sắp xếp đồ đạc gọn gàng, khoa học mà vẫn đảm bảo tính thẩm mỹ cho căn phòng.

THÔNG SỐ KỸ THUẬT
• Chất liệu: Chất liệu cao cấp, chọn lọc kỹ càng đảm bảo độ bền và tính thẩm mỹ
• Mã sản phẩm: KCPU68012
• Bảo hành: 12 tháng

CÔNG NĂNG NỔI BẬT
• Nhiều ngăn/kệ chia hợp lý, tối ưu diện tích lưu trữ
• Hệ thống bản lề, tay nắm chắc chắn, đóng mở êm ái
• Bề mặt hoàn thiện chống trầy xước, dễ lau chùi
• Thiết kế kín đáo, giúp không gian luôn gọn gàng ngăn nắp

PHÙ HỢP KHÔNG GIAN
• Phù hợp bố trí trong không gian nội thất văn phòng, mang lại sự tiện nghi và thẩm mỹ cho tổng thể không gian.",instock,1
HBMC001,Ban lam viec 100x60 mconcept chan sat lap rap (2),Phòng Làm Việc > Bàn Làm Việc,4150000,,"/images/products/HBMC001-1.png, /images/products/HBMC001-2.png","Bàn thiết kế chắc chắn, tối ưu không gian sử dụng.","Ban lam viec 100x60 mconcept chan sat lap rap (2) là lựa chọn lý tưởng cho không gian làm việc và sinh hoạt hiện đại, kết hợp giữa tính thẩm mỹ và công năng sử dụng thực tế.

THÔNG SỐ KỸ THUẬT
• Chất liệu: Chất liệu cao cấp, chọn lọc kỹ càng đảm bảo độ bền và tính thẩm mỹ
• Mã sản phẩm: HBMC001
• Bảo hành: 12 tháng

CÔNG NĂNG NỔI BẬT
• Mặt bàn rộng rãi, đủ không gian đặt máy tính, tài liệu và vật dụng cá nhân
• Khung/chân bàn chắc chắn, chịu lực tốt, hạn chế rung lắc khi sử dụng
• Thiết kế tối giản, dễ phối hợp với nhiều phong cách nội thất khác nhau
• Dễ dàng lắp ráp và vệ sinh, bảo trì trong quá trình sử dụng lâu dài

PHÙ HỢP KHÔNG GIAN
• Phù hợp bố trí trong không gian phòng làm việc, mang lại sự tiện nghi và thẩm mỹ cho tổng thể không gian.",instock,1
HBTC015,Ban cum 6 360x120 trapeze concept (2),Nội thất văn phòng > Bàn Văn Phòng > Cụm bàn 2 người,8880000,,/images/products/HBTC015-1.png,"Bàn thiết kế chắc chắn, tối ưu không gian sử dụng.","Ban cum 6 360x120 trapeze concept (2) là lựa chọn lý tưởng cho không gian làm việc và sinh hoạt hiện đại, kết hợp giữa tính thẩm mỹ và công năng sử dụng thực tế.

THÔNG SỐ KỸ THUẬT
• Chất liệu: Chất liệu cao cấp, chọn lọc kỹ càng đảm bảo độ bền và tính thẩm mỹ
• Mã sản phẩm: HBTC015
• Bảo hành: 12 tháng

CÔNG NĂNG NỔI BẬT
• Mặt bàn rộng rãi, đủ không gian đặt máy tính, tài liệu và vật dụng cá nhân
• Khung/chân bàn chắc chắn, chịu lực tốt, hạn chế rung lắc khi sử dụng
• Thiết kế tối giản, dễ phối hợp với nhiều phong cách nội thất khác nhau
• Dễ dàng lắp ráp và vệ sinh, bảo trì trong quá trình sử dụng lâu dài

PHÙ HỢP KHÔNG GIAN
• Phù hợp bố trí trong không gian nội thất văn phòng, mang lại sự tiện nghi và thẩm mỹ cho tổng thể không gian.",instock,1
HBRT020,Ban giam doc chan gac tu 01,Nội thất văn phòng > Bàn Văn Phòng > Bàn Giám Đốc,4880000,,/images/products/HBRT020-1.jpg,"Bàn thiết kế chắc chắn, tối ưu không gian sử dụng.","Ban giam doc chan gac tu 01 là lựa chọn lý tưởng cho không gian làm việc và sinh hoạt hiện đại, kết hợp giữa tính thẩm mỹ và công năng sử dụng thực tế.

THÔNG SỐ KỸ THUẬT
• Chất liệu: Chất liệu cao cấp, chọn lọc kỹ càng đảm bảo độ bền và tính thẩm mỹ
• Mã sản phẩm: HBRT020
• Bảo hành: 12 tháng

CÔNG NĂNG NỔI BẬT
• Mặt bàn rộng rãi, đủ không gian đặt máy tính, tài liệu và vật dụng cá nhân
• Khung/chân bàn chắc chắn, chịu lực tốt, hạn chế rung lắc khi sử dụng
• Thiết kế tối giản, dễ phối hợp với nhiều phong cách nội thất khác nhau
• Dễ dàng lắp ráp và vệ sinh, bảo trì trong quá trình sử dụng lâu dài

PHÙ HỢP KHÔNG GIAN
• Phù hợp bố trí trong không gian nội thất văn phòng, mang lại sự tiện nghi và thẩm mỹ cho tổng thể không gian.",instock,1
OEGD001,O dien am ban 2 1000x1000 4f20 0w,Nội thất văn phòng > Phụ Kiện Bàn > Hộp Điện,830000,,"/images/products/OEGD001-1.jpg, /images/products/OEGD001-2.jpg, /images/products/OEGD001-3.jpg, /images/products/OEGD001-4.jpg","Phụ kiện tiện dụng, hỗ trợ không gian làm việc gọn gàng.","O dien am ban 2 1000x1000 4f20 0w là phụ kiện hỗ trợ đắc lực, giúp không gian làm việc/sinh hoạt gọn gàng và tiện dụng hơn.

THÔNG SỐ KỸ THUẬT
• Chất liệu: Chất liệu cao cấp, chọn lọc kỹ càng đảm bảo độ bền và tính thẩm mỹ
• Mã sản phẩm: OEGD001
• Bảo hành: 12 tháng

CÔNG NĂNG NỔI BẬT
• Thiết kế nhỏ gọn, dễ dàng lắp đặt vào hệ bàn/ghế hiện có
• Chất liệu bền bỉ, chịu lực và chịu nhiệt tốt trong quá trình sử dụng
• Giúp không gian làm việc gọn gàng, khoa học hơn
• Tương thích với nhiều mẫu bàn/ghế khác nhau

PHÙ HỢP KHÔNG GIAN
• Phù hợp bố trí trong không gian nội thất văn phòng, mang lại sự tiện nghi và thẩm mỹ cho tổng thể không gian.",instock,1
GD68057,Ban taup he ychi 01,Nội thất văn phòng > Hệ Bàn > Hệ UConcept,9560000,,/images/products/GD68057-1.jpg,"Bàn thiết kế chắc chắn, tối ưu không gian sử dụng.","Ban taup he ychi 01 là lựa chọn lý tưởng cho không gian làm việc và sinh hoạt hiện đại, kết hợp giữa tính thẩm mỹ và công năng sử dụng thực tế.

THÔNG SỐ KỸ THUẬT
• Chất liệu: Chất liệu cao cấp, chọn lọc kỹ càng đảm bảo độ bền và tính thẩm mỹ
• Mã sản phẩm: GD68057
• Bảo hành: 12 tháng

CÔNG NĂNG NỔI BẬT
• Mặt bàn rộng rãi, đủ không gian đặt máy tính, tài liệu và vật dụng cá nhân
• Khung/chân bàn chắc chắn, chịu lực tốt, hạn chế rung lắc khi sử dụng
• Thiết kế tối giản, dễ phối hợp với nhiều phong cách nội thất khác nhau
• Dễ dàng lắp ráp và vệ sinh, bảo trì trong quá trình sử dụng lâu dài

PHÙ HỢP KHÔNG GIAN
• Phù hợp bố trí trong không gian nội thất văn phòng, mang lại sự tiện nghi và thẩm mỹ cho tổng thể không gian.",instock,1
HBRT062,Ban hop 4m6 03 8eor id,Nội thất văn phòng > Bàn Văn Phòng > Bàn Họp,5990000,,/images/products/HBRT062-1.jpg,"Bàn thiết kế chắc chắn, tối ưu không gian sử dụng.","Ban hop 4m6 03 8eor id là lựa chọn lý tưởng cho không gian làm việc và sinh hoạt hiện đại, kết hợp giữa tính thẩm mỹ và công năng sử dụng thực tế.

THÔNG SỐ KỸ THUẬT
• Chất liệu: Chất liệu cao cấp, chọn lọc kỹ càng đảm bảo độ bền và tính thẩm mỹ
• Mã sản phẩm: HBRT062
• Bảo hành: 12 tháng

CÔNG NĂNG NỔI BẬT
• Mặt bàn rộng rãi, đủ không gian đặt máy tính, tài liệu và vật dụng cá nhân
• Khung/chân bàn chắc chắn, chịu lực tốt, hạn chế rung lắc khi sử dụng
• Thiết kế tối giản, dễ phối hợp với nhiều phong cách nội thất khác nhau
• Dễ dàng lắp ráp và vệ sinh, bảo trì trong quá trình sử dụng lâu dài

PHÙ HỢP KHÔNG GIAN
• Phù hợp bố trí trong không gian nội thất văn phòng, mang lại sự tiện nghi và thẩm mỹ cho tổng thể không gian.",instock,1
HBWD022,Ban lam viec 120x60cm go tram he wooden chan sat lap rap (2),Nội thất văn phòng > Hệ Bàn > Hệ Wooden,3060000,,"/images/products/HBWD022-1.png, /images/products/HBWD022-2.png","Bàn thiết kế chắc chắn, tối ưu không gian sử dụng.","Ban lam viec 120x60cm go tram he wooden chan sat lap rap (2) là lựa chọn lý tưởng cho không gian làm việc và sinh hoạt hiện đại, kết hợp giữa tính thẩm mỹ và công năng sử dụng thực tế.

THÔNG SỐ KỸ THUẬT
• Chất liệu: Chất liệu cao cấp, chọn lọc kỹ càng đảm bảo độ bền và tính thẩm mỹ
• Kích thước: 120x60cm
• Mã sản phẩm: HBWD022
• Bảo hành: 12 tháng

CÔNG NĂNG NỔI BẬT
• Mặt bàn rộng rãi, đủ không gian đặt máy tính, tài liệu và vật dụng cá nhân
• Khung/chân bàn chắc chắn, chịu lực tốt, hạn chế rung lắc khi sử dụng
• Thiết kế tối giản, dễ phối hợp với nhiều phong cách nội thất khác nhau
• Dễ dàng lắp ráp và vệ sinh, bảo trì trong quá trình sử dụng lâu dài

PHÙ HỢP KHÔNG GIAN
• Phù hợp bố trí trong không gian nội thất văn phòng, mang lại sự tiện nghi và thẩm mỹ cho tổng thể không gian.",instock,1
BTL68010,Quay thu ngan 2 ngan keo kichthuoc 01,Nội thất văn phòng > Bàn Văn Phòng > Quầy Lễ Tân,9230000,,"/images/products/BTL68010-1.jpg, /images/products/BTL68010-2.jpg, /images/products/BTL68010-3.jpg, /images/products/BTL68010-4.jpg, /images/products/BTL68010-5.jpg, /images/products/BTL68010-6.jpg","Bàn thiết kế chắc chắn, tối ưu không gian sử dụng.","Quay thu ngan 2 ngan keo kichthuoc 01 là lựa chọn lý tưởng cho không gian làm việc và sinh hoạt hiện đại, kết hợp giữa tính thẩm mỹ và công năng sử dụng thực tế.

THÔNG SỐ KỸ THUẬT
• Chất liệu: Chất liệu cao cấp, chọn lọc kỹ càng đảm bảo độ bền và tính thẩm mỹ
• Mã sản phẩm: BTL68010
• Bảo hành: 12 tháng

CÔNG NĂNG NỔI BẬT
• Mặt bàn rộng rãi, đủ không gian đặt máy tính, tài liệu và vật dụng cá nhân
• Khung/chân bàn chắc chắn, chịu lực tốt, hạn chế rung lắc khi sử dụng
• Thiết kế tối giản, dễ phối hợp với nhiều phong cách nội thất khác nhau
• Dễ dàng lắp ráp và vệ sinh, bảo trì trong quá trình sử dụng lâu dài

PHÙ HỢP KHÔNG GIAN
• Phù hợp bố trí trong không gian nội thất văn phòng, mang lại sự tiện nghi và thẩm mỹ cho tổng thể không gian.",instock,1
SPD68139,Ban lam viec xconcept 03,Phòng Làm Việc > Bàn Làm Việc,11030000,,"/images/products/SPD68139-1.jpg, /images/products/SPD68139-2.jpg, /images/products/SPD68139-3.jpg, /images/products/SPD68139-4.jpg, /images/products/SPD68139-5.jpg, /images/products/SPD68139-6.jpg","Bàn thiết kế chắc chắn, tối ưu không gian sử dụng.","Ban lam viec xconcept 03 là lựa chọn lý tưởng cho không gian làm việc và sinh hoạt hiện đại, kết hợp giữa tính thẩm mỹ và công năng sử dụng thực tế.

THÔNG SỐ KỸ THUẬT
• Chất liệu: Chất liệu cao cấp, chọn lọc kỹ càng đảm bảo độ bền và tính thẩm mỹ
• Mã sản phẩm: SPD68139
• Bảo hành: 12 tháng

CÔNG NĂNG NỔI BẬT
• Mặt bàn rộng rãi, đủ không gian đặt máy tính, tài liệu và vật dụng cá nhân
• Khung/chân bàn chắc chắn, chịu lực tốt, hạn chế rung lắc khi sử dụng
• Thiết kế tối giản, dễ phối hợp với nhiều phong cách nội thất khác nhau
• Dễ dàng lắp ráp và vệ sinh, bảo trì trong quá trình sử dụng lâu dài

PHÙ HỢP KHÔNG GIAN
• Phù hợp bố trí trong không gian phòng làm việc, mang lại sự tiện nghi và thẩm mỹ cho tổng thể không gian.",instock,1
HBTG017,Ban gac tu 160x140cm go cao su chan tam giac quy 003 c3rq 4w,Nội thất văn phòng > Hệ Bàn > Hệ Tứ Giác Côn,3440000,,"/images/products/HBTG017-1.jpg, /images/products/HBTG017-2.jpg, /images/products/HBTG017-3.jpg, /images/products/HBTG017-4.jpg, /images/products/HBTG017-5.jpg","Bàn thiết kế chắc chắn, tối ưu không gian sử dụng.","Ban gac tu 160x140cm go cao su chan tam giac quy 003 c3rq 4w là lựa chọn lý tưởng cho không gian làm việc và sinh hoạt hiện đại, kết hợp giữa tính thẩm mỹ và công năng sử dụng thực tế.

THÔNG SỐ KỸ THUẬT
• Chất liệu: Chất liệu cao cấp, chọn lọc kỹ càng đảm bảo độ bền và tính thẩm mỹ
• Kích thước: 160x140cm
• Mã sản phẩm: HBTG017
• Bảo hành: 12 tháng

CÔNG NĂNG NỔI BẬT
• Mặt bàn rộng rãi, đủ không gian đặt máy tính, tài liệu và vật dụng cá nhân
• Khung/chân bàn chắc chắn, chịu lực tốt, hạn chế rung lắc khi sử dụng
• Thiết kế tối giản, dễ phối hợp với nhiều phong cách nội thất khác nhau
• Dễ dàng lắp ráp và vệ sinh, bảo trì trong quá trình sử dụng lâu dài

PHÙ HỢP KHÔNG GIAN
• Phù hợp bố trí trong không gian nội thất văn phòng, mang lại sự tiện nghi và thẩm mỹ cho tổng thể không gian.",instock,1
HBWD035,Ban lam viec kich thuoc lon go tram chan sat (2),Phòng Làm Việc > Bàn Làm Việc,2650000,,/images/products/HBWD035-1.png,"Bàn thiết kế chắc chắn, tối ưu không gian sử dụng.","Ban lam viec kich thuoc lon go tram chan sat (2) là lựa chọn lý tưởng cho không gian làm việc và sinh hoạt hiện đại, kết hợp giữa tính thẩm mỹ và công năng sử dụng thực tế.

THÔNG SỐ KỸ THUẬT
• Chất liệu: Chất liệu cao cấp, chọn lọc kỹ càng đảm bảo độ bền và tính thẩm mỹ
• Mã sản phẩm: HBWD035
• Bảo hành: 12 tháng

CÔNG NĂNG NỔI BẬT
• Mặt bàn rộng rãi, đủ không gian đặt máy tính, tài liệu và vật dụng cá nhân
• Khung/chân bàn chắc chắn, chịu lực tốt, hạn chế rung lắc khi sử dụng
• Thiết kế tối giản, dễ phối hợp với nhiều phong cách nội thất khác nhau
• Dễ dàng lắp ráp và vệ sinh, bảo trì trong quá trình sử dụng lâu dài

PHÙ HỢP KHÔNG GIAN
• Phù hợp bố trí trong không gian phòng làm việc, mang lại sự tiện nghi và thẩm mỹ cho tổng thể không gian.",instock,1
TCN68068,Tu ca nhan dong dong 3,Phòng Làm Việc > Tủ Cá Nhân,12740000,,"/images/products/TCN68068-1.jpg, /images/products/TCN68068-2.jpg, /images/products/TCN68068-3.jpg, /images/products/TCN68068-4.jpg","Tủ lưu trữ tiện lợi, thiết kế gọn gàng.","Tu ca nhan dong dong 3 giúp tối ưu không gian lưu trữ, sắp xếp đồ đạc gọn gàng, khoa học mà vẫn đảm bảo tính thẩm mỹ cho căn phòng.

THÔNG SỐ KỸ THUẬT
• Chất liệu: Chất liệu cao cấp, chọn lọc kỹ càng đảm bảo độ bền và tính thẩm mỹ
• Mã sản phẩm: TCN68068
• Bảo hành: 12 tháng

CÔNG NĂNG NỔI BẬT
• Nhiều ngăn/kệ chia hợp lý, tối ưu diện tích lưu trữ
• Hệ thống bản lề, tay nắm chắc chắn, đóng mở êm ái
• Bề mặt hoàn thiện chống trầy xước, dễ lau chùi
• Thiết kế kín đáo, giúp không gian luôn gọn gàng ngăn nắp

PHÙ HỢP KHÔNG GIAN
• Phù hợp bố trí trong không gian phòng làm việc, mang lại sự tiện nghi và thẩm mỹ cho tổng thể không gian.",instock,1
HBTG015,Ban chu l 160x160cm chan tam giac quy 03,Nội thất văn phòng > Hệ Bàn > Hệ Tứ Giác Côn,10870000,,"/images/products/HBTG015-1.jpg, /images/products/HBTG015-2.jpg, /images/products/HBTG015-3.jpg, /images/products/HBTG015-4.jpg","Bàn thiết kế chắc chắn, tối ưu không gian sử dụng.","Ban chu l 160x160cm chan tam giac quy 03 là lựa chọn lý tưởng cho không gian làm việc và sinh hoạt hiện đại, kết hợp giữa tính thẩm mỹ và công năng sử dụng thực tế.

THÔNG SỐ KỸ THUẬT
• Chất liệu: Chất liệu cao cấp, chọn lọc kỹ càng đảm bảo độ bền và tính thẩm mỹ
• Kích thước: 160x160cm
• Mã sản phẩm: HBTG015
• Bảo hành: 12 tháng

CÔNG NĂNG NỔI BẬT
• Mặt bàn rộng rãi, đủ không gian đặt máy tính, tài liệu và vật dụng cá nhân
• Khung/chân bàn chắc chắn, chịu lực tốt, hạn chế rung lắc khi sử dụng
• Thiết kế tối giản, dễ phối hợp với nhiều phong cách nội thất khác nhau
• Dễ dàng lắp ráp và vệ sinh, bảo trì trong quá trình sử dụng lâu dài

PHÙ HỢP KHÔNG GIAN
• Phù hợp bố trí trong không gian nội thất văn phòng, mang lại sự tiện nghi và thẩm mỹ cho tổng thể không gian.",instock,1
CHB68059,Chan gap gon 01a,Nội thất văn phòng > Hệ Chân Bàn > Chân sắt gấp gọn,280000,,"/images/products/CHB68059-1.jpg, /images/products/CHB68059-2.jpg","Phụ kiện tiện dụng, hỗ trợ không gian làm việc gọn gàng.","Chan gap gon 01a là phụ kiện hỗ trợ đắc lực, giúp không gian làm việc/sinh hoạt gọn gàng và tiện dụng hơn.

THÔNG SỐ KỸ THUẬT
• Chất liệu: Chất liệu cao cấp, chọn lọc kỹ càng đảm bảo độ bền và tính thẩm mỹ
• Mã sản phẩm: CHB68059
• Bảo hành: 12 tháng

CÔNG NĂNG NỔI BẬT
• Thiết kế nhỏ gọn, dễ dàng lắp đặt vào hệ bàn/ghế hiện có
• Chất liệu bền bỉ, chịu lực và chịu nhiệt tốt trong quá trình sử dụng
• Giúp không gian làm việc gọn gàng, khoa học hơn
• Tương thích với nhiều mẫu bàn/ghế khác nhau

PHÙ HỢP KHÔNG GIAN
• Phù hợp bố trí trong không gian nội thất văn phòng, mang lại sự tiện nghi và thẩm mỹ cho tổng thể không gian.",instock,1
HBMC003,Ban lam viec 140x60 mconcept chan sat lap rap (2),Phòng Làm Việc > Bàn Làm Việc,3360000,,"/images/products/HBMC003-1.png, /images/products/HBMC003-2.png","Bàn thiết kế chắc chắn, tối ưu không gian sử dụng.","Ban lam viec 140x60 mconcept chan sat lap rap (2) là lựa chọn lý tưởng cho không gian làm việc và sinh hoạt hiện đại, kết hợp giữa tính thẩm mỹ và công năng sử dụng thực tế.

THÔNG SỐ KỸ THUẬT
• Chất liệu: Chất liệu cao cấp, chọn lọc kỹ càng đảm bảo độ bền và tính thẩm mỹ
• Mã sản phẩm: HBMC003
• Bảo hành: 12 tháng

CÔNG NĂNG NỔI BẬT
• Mặt bàn rộng rãi, đủ không gian đặt máy tính, tài liệu và vật dụng cá nhân
• Khung/chân bàn chắc chắn, chịu lực tốt, hạn chế rung lắc khi sử dụng
• Thiết kế tối giản, dễ phối hợp với nhiều phong cách nội thất khác nhau
• Dễ dàng lắp ráp và vệ sinh, bảo trì trong quá trình sử dụng lâu dài

PHÙ HỢP KHÔNG GIAN
• Phù hợp bố trí trong không gian phòng làm việc, mang lại sự tiện nghi và thẩm mỹ cho tổng thể không gian.",instock,1
HBAC012,Ban hop 200x100 aconcept chan sat lap rap (3),Nội thất văn phòng > Bàn Văn Phòng > Bàn Họp,5770000,,"/images/products/HBAC012-1.png, /images/products/HBAC012-2.png","Bàn thiết kế chắc chắn, tối ưu không gian sử dụng.","Ban hop 200x100 aconcept chan sat lap rap (3) là lựa chọn lý tưởng cho không gian làm việc và sinh hoạt hiện đại, kết hợp giữa tính thẩm mỹ và công năng sử dụng thực tế.

THÔNG SỐ KỸ THUẬT
• Chất liệu: Chất liệu cao cấp, chọn lọc kỹ càng đảm bảo độ bền và tính thẩm mỹ
• Mã sản phẩm: HBAC012
• Bảo hành: 12 tháng

CÔNG NĂNG NỔI BẬT
• Mặt bàn rộng rãi, đủ không gian đặt máy tính, tài liệu và vật dụng cá nhân
• Khung/chân bàn chắc chắn, chịu lực tốt, hạn chế rung lắc khi sử dụng
• Thiết kế tối giản, dễ phối hợp với nhiều phong cách nội thất khác nhau
• Dễ dàng lắp ráp và vệ sinh, bảo trì trong quá trình sử dụng lâu dài

PHÙ HỢP KHÔNG GIAN
• Phù hợp bố trí trong không gian nội thất văn phòng, mang lại sự tiện nghi và thẩm mỹ cho tổng thể không gian.",instock,1
CFD68117,Ban cafe ban devor 02,Bàn ghế Cafe - Ngoài trời > Bàn Cafe,2300000,,/images/products/CFD68117-1.jpg,"Bàn thiết kế chắc chắn, tối ưu không gian sử dụng.","Ban cafe ban devor 02 là lựa chọn lý tưởng cho không gian làm việc và sinh hoạt hiện đại, kết hợp giữa tính thẩm mỹ và công năng sử dụng thực tế.

THÔNG SỐ KỸ THUẬT
• Chất liệu: Chất liệu cao cấp, chọn lọc kỹ càng đảm bảo độ bền và tính thẩm mỹ
• Mã sản phẩm: CFD68117
• Bảo hành: 12 tháng

CÔNG NĂNG NỔI BẬT
• Mặt bàn rộng rãi, đủ không gian đặt máy tính, tài liệu và vật dụng cá nhân
• Khung/chân bàn chắc chắn, chịu lực tốt, hạn chế rung lắc khi sử dụng
• Thiết kế tối giản, dễ phối hợp với nhiều phong cách nội thất khác nhau
• Dễ dàng lắp ráp và vệ sinh, bảo trì trong quá trình sử dụng lâu dài

PHÙ HỢP KHÔNG GIAN
• Phù hợp bố trí trong không gian bàn ghế cafe - ngoài trời, mang lại sự tiện nghi và thẩm mỹ cho tổng thể không gian.",instock,1
HBMC004,Ban lam viec 120x70 mconcept chan sat lap rap (3),Phòng Làm Việc > Bàn Làm Việc,8620000,,"/images/products/HBMC004-1.png, /images/products/HBMC004-2.png","Bàn thiết kế chắc chắn, tối ưu không gian sử dụng.","Ban lam viec 120x70 mconcept chan sat lap rap (3) là lựa chọn lý tưởng cho không gian làm việc và sinh hoạt hiện đại, kết hợp giữa tính thẩm mỹ và công năng sử dụng thực tế.

THÔNG SỐ KỸ THUẬT
• Chất liệu: Chất liệu cao cấp, chọn lọc kỹ càng đảm bảo độ bền và tính thẩm mỹ
• Mã sản phẩm: HBMC004
• Bảo hành: 12 tháng

CÔNG NĂNG NỔI BẬT
• Mặt bàn rộng rãi, đủ không gian đặt máy tính, tài liệu và vật dụng cá nhân
• Khung/chân bàn chắc chắn, chịu lực tốt, hạn chế rung lắc khi sử dụng
• Thiết kế tối giản, dễ phối hợp với nhiều phong cách nội thất khác nhau
• Dễ dàng lắp ráp và vệ sinh, bảo trì trong quá trình sử dụng lâu dài

PHÙ HỢP KHÔNG GIAN
• Phù hợp bố trí trong không gian phòng làm việc, mang lại sự tiện nghi và thẩm mỹ cho tổng thể không gian.",instock,1
HBTH004,Ban lam viec 120x70 trapeze ii concept lap rap (2),Phòng Làm Việc > Bàn Làm Việc,9950000,,"/images/products/HBTH004-1.jpg, /images/products/HBTH004-2.png, /images/products/HBTH004-3.jpg, /images/products/HBTH004-4.jpg","Bàn thiết kế chắc chắn, tối ưu không gian sử dụng.","Ban lam viec 120x70 trapeze ii concept lap rap (2) là lựa chọn lý tưởng cho không gian làm việc và sinh hoạt hiện đại, kết hợp giữa tính thẩm mỹ và công năng sử dụng thực tế.

THÔNG SỐ KỸ THUẬT
• Chất liệu: Chất liệu cao cấp, chọn lọc kỹ càng đảm bảo độ bền và tính thẩm mỹ
• Mã sản phẩm: HBTH004
• Bảo hành: 12 tháng

CÔNG NĂNG NỔI BẬT
• Mặt bàn rộng rãi, đủ không gian đặt máy tính, tài liệu và vật dụng cá nhân
• Khung/chân bàn chắc chắn, chịu lực tốt, hạn chế rung lắc khi sử dụng
• Thiết kế tối giản, dễ phối hợp với nhiều phong cách nội thất khác nhau
• Dễ dàng lắp ráp và vệ sinh, bảo trì trong quá trình sử dụng lâu dài

PHÙ HỢP KHÔNG GIAN
• Phù hợp bố trí trong không gian phòng làm việc, mang lại sự tiện nghi và thẩm mỹ cho tổng thể không gian.",instock,1
HBUC017,Ban lam viec chu l 140x150 he uconcept chan sat lap rap (2),Nội thất văn phòng > Hệ Bàn > Hệ UConcept,9880000,,/images/products/HBUC017-1.png,"Bàn thiết kế chắc chắn, tối ưu không gian sử dụng.","Ban lam viec chu l 140x150 he uconcept chan sat lap rap (2) là lựa chọn lý tưởng cho không gian làm việc và sinh hoạt hiện đại, kết hợp giữa tính thẩm mỹ và công năng sử dụng thực tế.

THÔNG SỐ KỸ THUẬT
• Chất liệu: Chất liệu cao cấp, chọn lọc kỹ càng đảm bảo độ bền và tính thẩm mỹ
• Mã sản phẩm: HBUC017
• Bảo hành: 12 tháng

CÔNG NĂNG NỔI BẬT
• Mặt bàn rộng rãi, đủ không gian đặt máy tính, tài liệu và vật dụng cá nhân
• Khung/chân bàn chắc chắn, chịu lực tốt, hạn chế rung lắc khi sử dụng
• Thiết kế tối giản, dễ phối hợp với nhiều phong cách nội thất khác nhau
• Dễ dàng lắp ráp và vệ sinh, bảo trì trong quá trình sử dụng lâu dài

PHÙ HỢP KHÔNG GIAN
• Phù hợp bố trí trong không gian nội thất văn phòng, mang lại sự tiện nghi và thẩm mỹ cho tổng thể không gian.",instock,1
CHB68052,Chan sat phi 42 ban 1m2 01,Nội thất văn phòng > Bàn Văn Phòng > Bàn Giám Đốc,5390000,,"/images/products/CHB68052-1.jpg, /images/products/CHB68052-2.jpg, /images/products/CHB68052-3.jpg","Bàn thiết kế chắc chắn, tối ưu không gian sử dụng.","Chan sat phi 42 ban 1m2 01 là lựa chọn lý tưởng cho không gian làm việc và sinh hoạt hiện đại, kết hợp giữa tính thẩm mỹ và công năng sử dụng thực tế.

THÔNG SỐ KỸ THUẬT
• Chất liệu: Chất liệu cao cấp, chọn lọc kỹ càng đảm bảo độ bền và tính thẩm mỹ
• Mã sản phẩm: CHB68052
• Bảo hành: 12 tháng

CÔNG NĂNG NỔI BẬT
• Mặt bàn rộng rãi, đủ không gian đặt máy tính, tài liệu và vật dụng cá nhân
• Khung/chân bàn chắc chắn, chịu lực tốt, hạn chế rung lắc khi sử dụng
• Thiết kế tối giản, dễ phối hợp với nhiều phong cách nội thất khác nhau
• Dễ dàng lắp ráp và vệ sinh, bảo trì trong quá trình sử dụng lâu dài

PHÙ HỢP KHÔNG GIAN
• Phù hợp bố trí trong không gian nội thất văn phòng, mang lại sự tiện nghi và thẩm mỹ cho tổng thể không gian.",instock,1
HBAT011,Ban hop 200x100 aton concept chan sat lap rap (2),Nội thất văn phòng > Bàn Văn Phòng > Bàn Họp,8530000,,/images/products/HBAT011-1.png,"Bàn thiết kế chắc chắn, tối ưu không gian sử dụng.","Ban hop 200x100 aton concept chan sat lap rap (2) là lựa chọn lý tưởng cho không gian làm việc và sinh hoạt hiện đại, kết hợp giữa tính thẩm mỹ và công năng sử dụng thực tế.

THÔNG SỐ KỸ THUẬT
• Chất liệu: Chất liệu cao cấp, chọn lọc kỹ càng đảm bảo độ bền và tính thẩm mỹ
• Mã sản phẩm: HBAT011
• Bảo hành: 12 tháng

CÔNG NĂNG NỔI BẬT
• Mặt bàn rộng rãi, đủ không gian đặt máy tính, tài liệu và vật dụng cá nhân
• Khung/chân bàn chắc chắn, chịu lực tốt, hạn chế rung lắc khi sử dụng
• Thiết kế tối giản, dễ phối hợp với nhiều phong cách nội thất khác nhau
• Dễ dàng lắp ráp và vệ sinh, bảo trì trong quá trình sử dụng lâu dài

PHÙ HỢP KHÔNG GIAN
• Phù hợp bố trí trong không gian nội thất văn phòng, mang lại sự tiện nghi và thẩm mỹ cho tổng thể không gian.",instock,1
CHUL1600,Kich thuoc chan ban sat tam giac quy BAN x1600,Nội thất văn phòng > Hệ Bàn > Hệ Trian,2780000,,"/images/products/CHUL1600-1.jpg, /images/products/CHUL1600-2.jpg, /images/products/CHUL1600-3.jpg, /images/products/CHUL1600-4.jpg, /images/products/CHUL1600-5.jpg","Bàn thiết kế chắc chắn, tối ưu không gian sử dụng.","Kich thuoc chan ban sat tam giac quy BAN x1600 là lựa chọn lý tưởng cho không gian làm việc và sinh hoạt hiện đại, kết hợp giữa tính thẩm mỹ và công năng sử dụng thực tế.

THÔNG SỐ KỸ THUẬT
• Chất liệu: Chất liệu cao cấp, chọn lọc kỹ càng đảm bảo độ bền và tính thẩm mỹ
• Mã sản phẩm: CHUL1600
• Bảo hành: 12 tháng

CÔNG NĂNG NỔI BẬT
• Mặt bàn rộng rãi, đủ không gian đặt máy tính, tài liệu và vật dụng cá nhân
• Khung/chân bàn chắc chắn, chịu lực tốt, hạn chế rung lắc khi sử dụng
• Thiết kế tối giản, dễ phối hợp với nhiều phong cách nội thất khác nhau
• Dễ dàng lắp ráp và vệ sinh, bảo trì trong quá trình sử dụng lâu dài

PHÙ HỢP KHÔNG GIAN
• Phù hợp bố trí trong không gian nội thất văn phòng, mang lại sự tiện nghi và thẩm mỹ cho tổng thể không gian.",instock,1
HBON008,Ban cum 4 pipe concept chan ong nuoc go cao su ghep vien 120x240cm (21),Ống Nước > Bàn Ống Nước,4560000,,"/images/products/HBON008-1.png, /images/products/HBON008-2.png, /images/products/HBON008-3.png","Phụ kiện tiện dụng, hỗ trợ không gian làm việc gọn gàng.","Ban cum 4 pipe concept chan ong nuoc go cao su ghep vien 120x240cm (21) là phụ kiện hỗ trợ đắc lực, giúp không gian làm việc/sinh hoạt gọn gàng và tiện dụng hơn.

THÔNG SỐ KỸ THUẬT
• Chất liệu: Chất liệu cao cấp, chọn lọc kỹ càng đảm bảo độ bền và tính thẩm mỹ
• Kích thước: 120x240cm
• Mã sản phẩm: HBON008
• Bảo hành: 12 tháng

CÔNG NĂNG NỔI BẬT
• Thiết kế nhỏ gọn, dễ dàng lắp đặt vào hệ bàn/ghế hiện có
• Chất liệu bền bỉ, chịu lực và chịu nhiệt tốt trong quá trình sử dụng
• Giúp không gian làm việc gọn gàng, khoa học hơn
• Tương thích với nhiều mẫu bàn/ghế khác nhau

PHÙ HỢP KHÔNG GIAN
• Phù hợp sử dụng kèm nhiều mẫu bàn/ghế văn phòng, gia đình khác nhau, mang lại sự tiện nghi và thẩm mỹ cho tổng thể không gian.",instock,1
KTB68064,Ke sach trang tri fuzze 1,Trường Học > Tủ Kệ Trường Học > Kệ Trang Trí,8160000,,/images/products/KTB68064-1.jpg,"Kệ đa năng, tối ưu không gian trưng bày và lưu trữ.","Ke sach trang tri fuzze 1 là giải pháp lưu trữ và trang trí linh hoạt, giúp không gian sống trở nên ngăn nắp và cuốn hút hơn.

THÔNG SỐ KỸ THUẬT
• Chất liệu: Chất liệu cao cấp, chọn lọc kỹ càng đảm bảo độ bền và tính thẩm mỹ
• Mã sản phẩm: KTB68064
• Bảo hành: 12 tháng

CÔNG NĂNG NỔI BẬT
• Kết cấu vững chắc, chịu tải trọng tốt cho nhiều loại đồ vật
• Thiết kế nhiều tầng linh hoạt, tối ưu không gian lưu trữ và trưng bày
• Kiểu dáng hiện đại, vừa lưu trữ vừa trang trí cho không gian
• Dễ dàng lắp đặt, di chuyển và vệ sinh

PHÙ HỢP KHÔNG GIAN
• Phù hợp bố trí trong không gian trường học, mang lại sự tiện nghi và thẩm mỹ cho tổng thể không gian.",instock,1
KMI68002,Ke may in 04,Nội thất văn phòng > Kệ - Tủ Văn Phòng > Tủ Kệ Máy In,1840000,,/images/products/KMI68002-1.jpg,"Tủ lưu trữ tiện lợi, thiết kế gọn gàng.","Ke may in 04 giúp tối ưu không gian lưu trữ, sắp xếp đồ đạc gọn gàng, khoa học mà vẫn đảm bảo tính thẩm mỹ cho căn phòng.

THÔNG SỐ KỸ THUẬT
• Chất liệu: Chất liệu cao cấp, chọn lọc kỹ càng đảm bảo độ bền và tính thẩm mỹ
• Mã sản phẩm: KMI68002
• Bảo hành: 12 tháng

CÔNG NĂNG NỔI BẬT
• Nhiều ngăn/kệ chia hợp lý, tối ưu diện tích lưu trữ
• Hệ thống bản lề, tay nắm chắc chắn, đóng mở êm ái
• Bề mặt hoàn thiện chống trầy xước, dễ lau chùi
• Thiết kế kín đáo, giúp không gian luôn gọn gàng ngăn nắp

PHÙ HỢP KHÔNG GIAN
• Phù hợp bố trí trong không gian nội thất văn phòng, mang lại sự tiện nghi và thẩm mỹ cho tổng thể không gian.",instock,1
TCN68024,Tu di dong go tu nhien 07a,Nội thất văn phòng > Kệ - Tủ Văn Phòng > Tủ Hồ Sơ Di Động,8350000,,"/images/products/TCN68024-1.jpg, /images/products/TCN68024-2.jpg","Tủ lưu trữ tiện lợi, thiết kế gọn gàng.","Tu di dong go tu nhien 07a giúp tối ưu không gian lưu trữ, sắp xếp đồ đạc gọn gàng, khoa học mà vẫn đảm bảo tính thẩm mỹ cho căn phòng.

THÔNG SỐ KỸ THUẬT
• Chất liệu: Chất liệu cao cấp, chọn lọc kỹ càng đảm bảo độ bền và tính thẩm mỹ
• Mã sản phẩm: TCN68024
• Bảo hành: 12 tháng

CÔNG NĂNG NỔI BẬT
• Nhiều ngăn/kệ chia hợp lý, tối ưu diện tích lưu trữ
• Hệ thống bản lề, tay nắm chắc chắn, đóng mở êm ái
• Bề mặt hoàn thiện chống trầy xước, dễ lau chùi
• Thiết kế kín đáo, giúp không gian luôn gọn gàng ngăn nắp

PHÙ HỢP KHÔNG GIAN
• Phù hợp bố trí trong không gian nội thất văn phòng, mang lại sự tiện nghi và thẩm mỹ cho tổng thể không gian.",instock,1
HBMC015,Ban cum 4 240x120 mconcept chan sat lap rap (3),Nội thất văn phòng > Bàn Văn Phòng > Cụm bàn 2 người,6250000,,"/images/products/HBMC015-1.png, /images/products/HBMC015-2.png","Bàn thiết kế chắc chắn, tối ưu không gian sử dụng.","Ban cum 4 240x120 mconcept chan sat lap rap (3) là lựa chọn lý tưởng cho không gian làm việc và sinh hoạt hiện đại, kết hợp giữa tính thẩm mỹ và công năng sử dụng thực tế.

THÔNG SỐ KỸ THUẬT
• Chất liệu: Chất liệu cao cấp, chọn lọc kỹ càng đảm bảo độ bền và tính thẩm mỹ
• Mã sản phẩm: HBMC015
• Bảo hành: 12 tháng

CÔNG NĂNG NỔI BẬT
• Mặt bàn rộng rãi, đủ không gian đặt máy tính, tài liệu và vật dụng cá nhân
• Khung/chân bàn chắc chắn, chịu lực tốt, hạn chế rung lắc khi sử dụng
• Thiết kế tối giản, dễ phối hợp với nhiều phong cách nội thất khác nhau
• Dễ dàng lắp ráp và vệ sinh, bảo trì trong quá trình sử dụng lâu dài

PHÙ HỢP KHÔNG GIAN
• Phù hợp bố trí trong không gian nội thất văn phòng, mang lại sự tiện nghi và thẩm mỹ cho tổng thể không gian.",instock,1
BANHOP1200,Kich thuoc chan ban sat he trian x2400,Nội thất văn phòng > Hệ Bàn > Hệ Trian,9430000,,"/images/products/BANHOP1200-1.jpg, /images/products/BANHOP1200-2.jpg","Bàn thiết kế chắc chắn, tối ưu không gian sử dụng.","Kich thuoc chan ban sat he trian x2400 là lựa chọn lý tưởng cho không gian làm việc và sinh hoạt hiện đại, kết hợp giữa tính thẩm mỹ và công năng sử dụng thực tế.

THÔNG SỐ KỸ THUẬT
• Chất liệu: Chất liệu cao cấp, chọn lọc kỹ càng đảm bảo độ bền và tính thẩm mỹ
• Mã sản phẩm: BANHOP1200
• Bảo hành: 12 tháng

CÔNG NĂNG NỔI BẬT
• Mặt bàn rộng rãi, đủ không gian đặt máy tính, tài liệu và vật dụng cá nhân
• Khung/chân bàn chắc chắn, chịu lực tốt, hạn chế rung lắc khi sử dụng
• Thiết kế tối giản, dễ phối hợp với nhiều phong cách nội thất khác nhau
• Dễ dàng lắp ráp và vệ sinh, bảo trì trong quá trình sử dụng lâu dài

PHÙ HỢP KHÔNG GIAN
• Phù hợp bố trí trong không gian nội thất văn phòng, mang lại sự tiện nghi và thẩm mỹ cho tổng thể không gian.",instock,1
HBXC038,Ban cum4 240x120cm go plywood chan xconcept 03,Nội thất văn phòng > Hệ Bàn > Hệ XConcept,6590000,,/images/products/HBXC038-1.jpg,"Bàn thiết kế chắc chắn, tối ưu không gian sử dụng.","Ban cum4 240x120cm go plywood chan xconcept 03 là lựa chọn lý tưởng cho không gian làm việc và sinh hoạt hiện đại, kết hợp giữa tính thẩm mỹ và công năng sử dụng thực tế.

THÔNG SỐ KỸ THUẬT
• Chất liệu: Chất liệu cao cấp, chọn lọc kỹ càng đảm bảo độ bền và tính thẩm mỹ
• Kích thước: 240x120cm
• Mã sản phẩm: HBXC038
• Bảo hành: 12 tháng

CÔNG NĂNG NỔI BẬT
• Mặt bàn rộng rãi, đủ không gian đặt máy tính, tài liệu và vật dụng cá nhân
• Khung/chân bàn chắc chắn, chịu lực tốt, hạn chế rung lắc khi sử dụng
• Thiết kế tối giản, dễ phối hợp với nhiều phong cách nội thất khác nhau
• Dễ dàng lắp ráp và vệ sinh, bảo trì trong quá trình sử dụng lâu dài

PHÙ HỢP KHÔNG GIAN
• Phù hợp bố trí trong không gian nội thất văn phòng, mang lại sự tiện nghi và thẩm mỹ cho tổng thể không gian.",instock,1
HBLG038,Module ban cum8 01,Trường Học > Bàn Ghế Trường Học > Cụm Module Trường Học,4450000,,"/images/products/HBLG038-1.jpg, /images/products/HBLG038-2.jpg, /images/products/HBLG038-3.jpg, /images/products/HBLG038-4.jpg, /images/products/HBLG038-5.jpg, /images/products/HBLG038-6.jpg","Ghế công thái học, êm ái và bền bỉ.","Module ban cum8 01 mang đến trải nghiệm ngồi thoải mái, hỗ trợ tư thế đúng chuẩn cho thời gian sử dụng dài mà không gây mỏi mệt.

THÔNG SỐ KỸ THUẬT
• Chất liệu: Chất liệu cao cấp, chọn lọc kỹ càng đảm bảo độ bền và tính thẩm mỹ
• Mã sản phẩm: HBLG038
• Bảo hành: 12 tháng

CÔNG NĂNG NỔI BẬT
• Thiết kế công thái học, nâng đỡ tốt cho vùng lưng và cổ
• Khung ghế chắc chắn, chịu tải trọng tốt, đảm bảo an toàn khi sử dụng
• Đệm ngồi êm ái, thoáng khí, phù hợp ngồi làm việc/sinh hoạt trong thời gian dài
• Kiểu dáng hiện đại, dễ dàng kết hợp với nhiều không gian nội thất

PHÙ HỢP KHÔNG GIAN
• Phù hợp bố trí trong không gian trường học, mang lại sự tiện nghi và thẩm mỹ cho tổng thể không gian.",instock,1
HBVC005,Ban lam viec 140x70 vconcept chan sat lap rap (2),Phòng Làm Việc > Bàn Làm Việc,13490000,,"/images/products/HBVC005-1.png, /images/products/HBVC005-2.png","Bàn thiết kế chắc chắn, tối ưu không gian sử dụng.","Ban lam viec 140x70 vconcept chan sat lap rap (2) là lựa chọn lý tưởng cho không gian làm việc và sinh hoạt hiện đại, kết hợp giữa tính thẩm mỹ và công năng sử dụng thực tế.

THÔNG SỐ KỸ THUẬT
• Chất liệu: Chất liệu cao cấp, chọn lọc kỹ càng đảm bảo độ bền và tính thẩm mỹ
• Mã sản phẩm: HBVC005
• Bảo hành: 12 tháng

CÔNG NĂNG NỔI BẬT
• Mặt bàn rộng rãi, đủ không gian đặt máy tính, tài liệu và vật dụng cá nhân
• Khung/chân bàn chắc chắn, chịu lực tốt, hạn chế rung lắc khi sử dụng
• Thiết kế tối giản, dễ phối hợp với nhiều phong cách nội thất khác nhau
• Dễ dàng lắp ráp và vệ sinh, bảo trì trong quá trình sử dụng lâu dài

PHÙ HỢP KHÔNG GIAN
• Phù hợp bố trí trong không gian phòng làm việc, mang lại sự tiện nghi và thẩm mỹ cho tổng thể không gian.",instock,1
HBOM010,Ban go plywood 08a,Nội thất văn phòng > Bàn Văn Phòng > Bàn Giám Đốc,11120000,,"/images/products/HBOM010-1.jpg, /images/products/HBOM010-2.jpg, /images/products/HBOM010-3.jpg, /images/products/HBOM010-4.jpg, /images/products/HBOM010-5.jpg, /images/products/HBOM010-6.jpg","Bàn thiết kế chắc chắn, tối ưu không gian sử dụng.","Ban go plywood 08a là lựa chọn lý tưởng cho không gian làm việc và sinh hoạt hiện đại, kết hợp giữa tính thẩm mỹ và công năng sử dụng thực tế.

THÔNG SỐ KỸ THUẬT
• Chất liệu: Chất liệu cao cấp, chọn lọc kỹ càng đảm bảo độ bền và tính thẩm mỹ
• Mã sản phẩm: HBOM010
• Bảo hành: 12 tháng

CÔNG NĂNG NỔI BẬT
• Mặt bàn rộng rãi, đủ không gian đặt máy tính, tài liệu và vật dụng cá nhân
• Khung/chân bàn chắc chắn, chịu lực tốt, hạn chế rung lắc khi sử dụng
• Thiết kế tối giản, dễ phối hợp với nhiều phong cách nội thất khác nhau
• Dễ dàng lắp ráp và vệ sinh, bảo trì trong quá trình sử dụng lâu dài

PHÙ HỢP KHÔNG GIAN
• Phù hợp bố trí trong không gian nội thất văn phòng, mang lại sự tiện nghi và thẩm mỹ cho tổng thể không gian.",instock,1
HCMS003,Chan sat gap 06a,Nội thất văn phòng > Hệ Chân Bàn > Chân sắt gấp gọn,1640000,,"/images/products/HCMS003-1.jpg, /images/products/HCMS003-2.jpg","Phụ kiện tiện dụng, hỗ trợ không gian làm việc gọn gàng.","Chan sat gap 06a là phụ kiện hỗ trợ đắc lực, giúp không gian làm việc/sinh hoạt gọn gàng và tiện dụng hơn.

THÔNG SỐ KỸ THUẬT
• Chất liệu: Chất liệu cao cấp, chọn lọc kỹ càng đảm bảo độ bền và tính thẩm mỹ
• Mã sản phẩm: HCMS003
• Bảo hành: 12 tháng

CÔNG NĂNG NỔI BẬT
• Thiết kế nhỏ gọn, dễ dàng lắp đặt vào hệ bàn/ghế hiện có
• Chất liệu bền bỉ, chịu lực và chịu nhiệt tốt trong quá trình sử dụng
• Giúp không gian làm việc gọn gàng, khoa học hơn
• Tương thích với nhiều mẫu bàn/ghế khác nhau

PHÙ HỢP KHÔNG GIAN
• Phù hợp bố trí trong không gian nội thất văn phòng, mang lại sự tiện nghi và thẩm mỹ cho tổng thể không gian.",instock,1
TU1800,Kich thuoc chan sat he cone BAN GAC x1600(1600x800),Nội thất văn phòng > Hệ Bàn > Hệ CONE,13850000,,"/images/products/TU1800-1.jpg, /images/products/TU1800-2.jpg","Bàn thiết kế chắc chắn, tối ưu không gian sử dụng.","Kich thuoc chan sat he cone BAN GAC x1600(1600x800) là lựa chọn lý tưởng cho không gian làm việc và sinh hoạt hiện đại, kết hợp giữa tính thẩm mỹ và công năng sử dụng thực tế.

THÔNG SỐ KỸ THUẬT
• Chất liệu: Chất liệu cao cấp, chọn lọc kỹ càng đảm bảo độ bền và tính thẩm mỹ
• Mã sản phẩm: TU1800
• Bảo hành: 12 tháng

CÔNG NĂNG NỔI BẬT
• Mặt bàn rộng rãi, đủ không gian đặt máy tính, tài liệu và vật dụng cá nhân
• Khung/chân bàn chắc chắn, chịu lực tốt, hạn chế rung lắc khi sử dụng
• Thiết kế tối giản, dễ phối hợp với nhiều phong cách nội thất khác nhau
• Dễ dàng lắp ráp và vệ sinh, bảo trì trong quá trình sử dụng lâu dài

PHÙ HỢP KHÔNG GIAN
• Phù hợp bố trí trong không gian nội thất văn phòng, mang lại sự tiện nghi và thẩm mỹ cho tổng thể không gian.",instock,1
CBPP007,Chan ong nuoc sat tien ren 80x160cm 1,Ống Nước > Kệ Ống Nước,9960000,,/images/products/CBPP007-1.jpg,"Phụ kiện tiện dụng, hỗ trợ không gian làm việc gọn gàng.","Chan ong nuoc sat tien ren 80x160cm 1 là phụ kiện hỗ trợ đắc lực, giúp không gian làm việc/sinh hoạt gọn gàng và tiện dụng hơn.

THÔNG SỐ KỸ THUẬT
• Chất liệu: Chất liệu cao cấp, chọn lọc kỹ càng đảm bảo độ bền và tính thẩm mỹ
• Kích thước: 80x160cm
• Mã sản phẩm: CBPP007
• Bảo hành: 12 tháng

CÔNG NĂNG NỔI BẬT
• Thiết kế nhỏ gọn, dễ dàng lắp đặt vào hệ bàn/ghế hiện có
• Chất liệu bền bỉ, chịu lực và chịu nhiệt tốt trong quá trình sử dụng
• Giúp không gian làm việc gọn gàng, khoa học hơn
• Tương thích với nhiều mẫu bàn/ghế khác nhau

PHÙ HỢP KHÔNG GIAN
• Phù hợp sử dụng kèm nhiều mẫu bàn/ghế văn phòng, gia đình khác nhau, mang lại sự tiện nghi và thẩm mỹ cho tổng thể không gian.",instock,1
HCTG005,Ban 200x60cm chan tam giac quy 01 2p30 ju,Nội thất văn phòng > Hệ Bàn > Hệ Tứ Giác Côn,4400000,,"/images/products/HCTG005-1.jpg, /images/products/HCTG005-2.jpg, /images/products/HCTG005-3.jpg, /images/products/HCTG005-4.jpg, /images/products/HCTG005-5.jpg","Bàn thiết kế chắc chắn, tối ưu không gian sử dụng.","Ban 200x60cm chan tam giac quy 01 2p30 ju là lựa chọn lý tưởng cho không gian làm việc và sinh hoạt hiện đại, kết hợp giữa tính thẩm mỹ và công năng sử dụng thực tế.

THÔNG SỐ KỸ THUẬT
• Chất liệu: Chất liệu cao cấp, chọn lọc kỹ càng đảm bảo độ bền và tính thẩm mỹ
• Kích thước: 200x60cm
• Mã sản phẩm: HCTG005
• Bảo hành: 12 tháng

CÔNG NĂNG NỔI BẬT
• Mặt bàn rộng rãi, đủ không gian đặt máy tính, tài liệu và vật dụng cá nhân
• Khung/chân bàn chắc chắn, chịu lực tốt, hạn chế rung lắc khi sử dụng
• Thiết kế tối giản, dễ phối hợp với nhiều phong cách nội thất khác nhau
• Dễ dàng lắp ráp và vệ sinh, bảo trì trong quá trình sử dụng lâu dài

PHÙ HỢP KHÔNG GIAN
• Phù hợp bố trí trong không gian nội thất văn phòng, mang lại sự tiện nghi và thẩm mỹ cho tổng thể không gian.",instock,1
SN001,O cam dien am klass 800x800,Nội thất văn phòng > Phụ Kiện Bàn > Hộp Điện,650000,,/images/products/SN001-1.jpg,"Phụ kiện tiện dụng, hỗ trợ không gian làm việc gọn gàng.","O cam dien am klass 800x800 là phụ kiện hỗ trợ đắc lực, giúp không gian làm việc/sinh hoạt gọn gàng và tiện dụng hơn.

THÔNG SỐ KỸ THUẬT
• Chất liệu: Chất liệu cao cấp, chọn lọc kỹ càng đảm bảo độ bền và tính thẩm mỹ
• Mã sản phẩm: SN001
• Bảo hành: 12 tháng

CÔNG NĂNG NỔI BẬT
• Thiết kế nhỏ gọn, dễ dàng lắp đặt vào hệ bàn/ghế hiện có
• Chất liệu bền bỉ, chịu lực và chịu nhiệt tốt trong quá trình sử dụng
• Giúp không gian làm việc gọn gàng, khoa học hơn
• Tương thích với nhiều mẫu bàn/ghế khác nhau

PHÙ HỢP KHÔNG GIAN
• Phù hợp bố trí trong không gian nội thất văn phòng, mang lại sự tiện nghi và thẩm mỹ cho tổng thể không gian.",instock,1
HBLG024,Ban lego2 120x60cm chan sat oval 1 rm0e bl,Nội thất văn phòng > Hệ Bàn > Hệ Oval,6780000,,"/images/products/HBLG024-1.jpg, /images/products/HBLG024-2.jpg, /images/products/HBLG024-3.jpg, /images/products/HBLG024-4.jpg, /images/products/HBLG024-5.jpg","Bàn thiết kế chắc chắn, tối ưu không gian sử dụng.","Ban lego2 120x60cm chan sat oval 1 rm0e bl là lựa chọn lý tưởng cho không gian làm việc và sinh hoạt hiện đại, kết hợp giữa tính thẩm mỹ và công năng sử dụng thực tế.

THÔNG SỐ KỸ THUẬT
• Chất liệu: Chất liệu cao cấp, chọn lọc kỹ càng đảm bảo độ bền và tính thẩm mỹ
• Kích thước: 120x60cm
• Mã sản phẩm: HBLG024
• Bảo hành: 12 tháng

CÔNG NĂNG NỔI BẬT
• Mặt bàn rộng rãi, đủ không gian đặt máy tính, tài liệu và vật dụng cá nhân
• Khung/chân bàn chắc chắn, chịu lực tốt, hạn chế rung lắc khi sử dụng
• Thiết kế tối giản, dễ phối hợp với nhiều phong cách nội thất khác nhau
• Dễ dàng lắp ráp và vệ sinh, bảo trì trong quá trình sử dụng lâu dài

PHÙ HỢP KHÔNG GIAN
• Phù hợp bố trí trong không gian nội thất văn phòng, mang lại sự tiện nghi và thẩm mỹ cho tổng thể không gian.",instock,1
MS68015,Ke man hinh go cao su 1m 4,Nội thất văn phòng > Phụ Kiện Bàn > Kệ Màn Hình,710000,,"/images/products/MS68015-1.jpg, /images/products/MS68015-2.jpg, /images/products/MS68015-3.jpg, /images/products/MS68015-4.jpg, /images/products/MS68015-5.jpg, /images/products/MS68015-6.jpg","Phụ kiện tiện dụng, hỗ trợ không gian làm việc gọn gàng.","Ke man hinh go cao su 1m 4 là phụ kiện hỗ trợ đắc lực, giúp không gian làm việc/sinh hoạt gọn gàng và tiện dụng hơn.

THÔNG SỐ KỸ THUẬT
• Chất liệu: Chất liệu cao cấp, chọn lọc kỹ càng đảm bảo độ bền và tính thẩm mỹ
• Mã sản phẩm: MS68015
• Bảo hành: 12 tháng

CÔNG NĂNG NỔI BẬT
• Thiết kế nhỏ gọn, dễ dàng lắp đặt vào hệ bàn/ghế hiện có
• Chất liệu bền bỉ, chịu lực và chịu nhiệt tốt trong quá trình sử dụng
• Giúp không gian làm việc gọn gàng, khoa học hơn
• Tương thích với nhiều mẫu bàn/ghế khác nhau

PHÙ HỢP KHÔNG GIAN
• Phù hợp bố trí trong không gian nội thất văn phòng, mang lại sự tiện nghi và thẩm mỹ cho tổng thể không gian.",instock,1
HBUC010,Ban hop 180x90 he uconcept chan sat lap rap (11),Nội thất văn phòng > Hệ Bàn > Hệ UConcept,2780000,,/images/products/HBUC010-1.png,"Bàn thiết kế chắc chắn, tối ưu không gian sử dụng.","Ban hop 180x90 he uconcept chan sat lap rap (11) là lựa chọn lý tưởng cho không gian làm việc và sinh hoạt hiện đại, kết hợp giữa tính thẩm mỹ và công năng sử dụng thực tế.

THÔNG SỐ KỸ THUẬT
• Chất liệu: Chất liệu cao cấp, chọn lọc kỹ càng đảm bảo độ bền và tính thẩm mỹ
• Mã sản phẩm: HBUC010
• Bảo hành: 12 tháng

CÔNG NĂNG NỔI BẬT
• Mặt bàn rộng rãi, đủ không gian đặt máy tính, tài liệu và vật dụng cá nhân
• Khung/chân bàn chắc chắn, chịu lực tốt, hạn chế rung lắc khi sử dụng
• Thiết kế tối giản, dễ phối hợp với nhiều phong cách nội thất khác nhau
• Dễ dàng lắp ráp và vệ sinh, bảo trì trong quá trình sử dụng lâu dài

PHÙ HỢP KHÔNG GIAN
• Phù hợp bố trí trong không gian nội thất văn phòng, mang lại sự tiện nghi và thẩm mỹ cho tổng thể không gian.",instock,1
HBSL028,Ban cum 6 go plywood phu melamin chan sat slean (2),Nội thất văn phòng > Bàn Văn Phòng > Cụm bàn 2 người,11520000,,/images/products/HBSL028-1.png,"Bàn thiết kế chắc chắn, tối ưu không gian sử dụng.","Ban cum 6 go plywood phu melamin chan sat slean (2) là lựa chọn lý tưởng cho không gian làm việc và sinh hoạt hiện đại, kết hợp giữa tính thẩm mỹ và công năng sử dụng thực tế.

THÔNG SỐ KỸ THUẬT
• Chất liệu: Chất liệu cao cấp, chọn lọc kỹ càng đảm bảo độ bền và tính thẩm mỹ
• Mã sản phẩm: HBSL028
• Bảo hành: 12 tháng

CÔNG NĂNG NỔI BẬT
• Mặt bàn rộng rãi, đủ không gian đặt máy tính, tài liệu và vật dụng cá nhân
• Khung/chân bàn chắc chắn, chịu lực tốt, hạn chế rung lắc khi sử dụng
• Thiết kế tối giản, dễ phối hợp với nhiều phong cách nội thất khác nhau
• Dễ dàng lắp ráp và vệ sinh, bảo trì trong quá trình sử dụng lâu dài

PHÙ HỢP KHÔNG GIAN
• Phù hợp bố trí trong không gian nội thất văn phòng, mang lại sự tiện nghi và thẩm mỹ cho tổng thể không gian.",instock,1
HBTC047,Ban lam viec go plywood melamin chan sat trapeze (2),Phòng Làm Việc > Bàn Làm Việc,10900000,,"/images/products/HBTC047-1.jpg, /images/products/HBTC047-2.jpg, /images/products/HBTC047-3.jpg, /images/products/HBTC047-4.png, /images/products/HBTC047-5.jpg, /images/products/HBTC047-6.jpg","Bàn thiết kế chắc chắn, tối ưu không gian sử dụng.","Ban lam viec go plywood melamin chan sat trapeze (2) là lựa chọn lý tưởng cho không gian làm việc và sinh hoạt hiện đại, kết hợp giữa tính thẩm mỹ và công năng sử dụng thực tế.

THÔNG SỐ KỸ THUẬT
• Chất liệu: Chất liệu cao cấp, chọn lọc kỹ càng đảm bảo độ bền và tính thẩm mỹ
• Mã sản phẩm: HBTC047
• Bảo hành: 12 tháng

CÔNG NĂNG NỔI BẬT
• Mặt bàn rộng rãi, đủ không gian đặt máy tính, tài liệu và vật dụng cá nhân
• Khung/chân bàn chắc chắn, chịu lực tốt, hạn chế rung lắc khi sử dụng
• Thiết kế tối giản, dễ phối hợp với nhiều phong cách nội thất khác nhau
• Dễ dàng lắp ráp và vệ sinh, bảo trì trong quá trình sử dụng lâu dài

PHÙ HỢP KHÔNG GIAN
• Phù hợp bố trí trong không gian phòng làm việc, mang lại sự tiện nghi và thẩm mỹ cho tổng thể không gian.",instock,1
HBTG007,Ban 120x70 chan sat tam giac quy 01,Nội thất văn phòng > Hệ Bàn > Hệ Tứ Giác Côn,2820000,,"/images/products/HBTG007-1.jpg, /images/products/HBTG007-2.jpg, /images/products/HBTG007-3.jpg, /images/products/HBTG007-4.jpg","Bàn thiết kế chắc chắn, tối ưu không gian sử dụng.","Ban 120x70 chan sat tam giac quy 01 là lựa chọn lý tưởng cho không gian làm việc và sinh hoạt hiện đại, kết hợp giữa tính thẩm mỹ và công năng sử dụng thực tế.

THÔNG SỐ KỸ THUẬT
• Chất liệu: Chất liệu cao cấp, chọn lọc kỹ càng đảm bảo độ bền và tính thẩm mỹ
• Mã sản phẩm: HBTG007
• Bảo hành: 12 tháng

CÔNG NĂNG NỔI BẬT
• Mặt bàn rộng rãi, đủ không gian đặt máy tính, tài liệu và vật dụng cá nhân
• Khung/chân bàn chắc chắn, chịu lực tốt, hạn chế rung lắc khi sử dụng
• Thiết kế tối giản, dễ phối hợp với nhiều phong cách nội thất khác nhau
• Dễ dàng lắp ráp và vệ sinh, bảo trì trong quá trình sử dụng lâu dài

PHÙ HỢP KHÔNG GIAN
• Phù hợp bố trí trong không gian nội thất văn phòng, mang lại sự tiện nghi và thẩm mỹ cho tổng thể không gian.",instock,1
KCPU68010,Ke de cpu co khay go khung sat 07,Nội thất văn phòng > Phụ Kiện Bàn > Kệ Để CPU,910000,,"/images/products/KCPU68010-1.jpg, /images/products/KCPU68010-2.jpg, /images/products/KCPU68010-3.jpg, /images/products/KCPU68010-4.jpg, /images/products/KCPU68010-5.jpg, /images/products/KCPU68010-6.jpg","Phụ kiện tiện dụng, hỗ trợ không gian làm việc gọn gàng.","Ke de cpu co khay go khung sat 07 là phụ kiện hỗ trợ đắc lực, giúp không gian làm việc/sinh hoạt gọn gàng và tiện dụng hơn.

THÔNG SỐ KỸ THUẬT
• Chất liệu: Chất liệu cao cấp, chọn lọc kỹ càng đảm bảo độ bền và tính thẩm mỹ
• Mã sản phẩm: KCPU68010
• Bảo hành: 12 tháng

CÔNG NĂNG NỔI BẬT
• Thiết kế nhỏ gọn, dễ dàng lắp đặt vào hệ bàn/ghế hiện có
• Chất liệu bền bỉ, chịu lực và chịu nhiệt tốt trong quá trình sử dụng
• Giúp không gian làm việc gọn gàng, khoa học hơn
• Tương thích với nhiều mẫu bàn/ghế khác nhau

PHÙ HỢP KHÔNG GIAN
• Phù hợp bố trí trong không gian nội thất văn phòng, mang lại sự tiện nghi và thẩm mỹ cho tổng thể không gian.",instock,1
HBTG013,Ban chu l 140x150cm chan tam giac quy 01,Nội thất văn phòng > Hệ Bàn > Hệ Tứ Giác Côn,2760000,,"/images/products/HBTG013-1.jpg, /images/products/HBTG013-2.jpg","Bàn thiết kế chắc chắn, tối ưu không gian sử dụng.","Ban chu l 140x150cm chan tam giac quy 01 là lựa chọn lý tưởng cho không gian làm việc và sinh hoạt hiện đại, kết hợp giữa tính thẩm mỹ và công năng sử dụng thực tế.

THÔNG SỐ KỸ THUẬT
• Chất liệu: Chất liệu cao cấp, chọn lọc kỹ càng đảm bảo độ bền và tính thẩm mỹ
• Kích thước: 140x150cm
• Mã sản phẩm: HBTG013
• Bảo hành: 12 tháng

CÔNG NĂNG NỔI BẬT
• Mặt bàn rộng rãi, đủ không gian đặt máy tính, tài liệu và vật dụng cá nhân
• Khung/chân bàn chắc chắn, chịu lực tốt, hạn chế rung lắc khi sử dụng
• Thiết kế tối giản, dễ phối hợp với nhiều phong cách nội thất khác nhau
• Dễ dàng lắp ráp và vệ sinh, bảo trì trong quá trình sử dụng lâu dài

PHÙ HỢP KHÔNG GIAN
• Phù hợp bố trí trong không gian nội thất văn phòng, mang lại sự tiện nghi và thẩm mỹ cho tổng thể không gian.",instock,1
BLT68013,Ban le tan go cao su dimension 01,Nội thất văn phòng > Bàn Văn Phòng > Quầy Lễ Tân,2640000,,"/images/products/BLT68013-1.jpg, /images/products/BLT68013-2.jpg, /images/products/BLT68013-3.jpg, /images/products/BLT68013-4.jpg, /images/products/BLT68013-5.jpg, /images/products/BLT68013-6.jpg","Bàn thiết kế chắc chắn, tối ưu không gian sử dụng.","Ban le tan go cao su dimension 01 là lựa chọn lý tưởng cho không gian làm việc và sinh hoạt hiện đại, kết hợp giữa tính thẩm mỹ và công năng sử dụng thực tế.

THÔNG SỐ KỸ THUẬT
• Chất liệu: Chất liệu cao cấp, chọn lọc kỹ càng đảm bảo độ bền và tính thẩm mỹ
• Mã sản phẩm: BLT68013
• Bảo hành: 12 tháng

CÔNG NĂNG NỔI BẬT
• Mặt bàn rộng rãi, đủ không gian đặt máy tính, tài liệu và vật dụng cá nhân
• Khung/chân bàn chắc chắn, chịu lực tốt, hạn chế rung lắc khi sử dụng
• Thiết kế tối giản, dễ phối hợp với nhiều phong cách nội thất khác nhau
• Dễ dàng lắp ráp và vệ sinh, bảo trì trong quá trình sử dụng lâu dài

PHÙ HỢP KHÔNG GIAN
• Phù hợp bố trí trong không gian nội thất văn phòng, mang lại sự tiện nghi và thẩm mỹ cho tổng thể không gian.",instock,1
HBTG010,Ban 140x80cm go cao su chan tam giac quy 02,Nội thất văn phòng > Hệ Bàn > Hệ Tứ Giác Côn,11600000,,"/images/products/HBTG010-1.jpg, /images/products/HBTG010-2.jpg, /images/products/HBTG010-3.jpg, /images/products/HBTG010-4.jpg, /images/products/HBTG010-5.jpg","Bàn thiết kế chắc chắn, tối ưu không gian sử dụng.","Ban 140x80cm go cao su chan tam giac quy 02 là lựa chọn lý tưởng cho không gian làm việc và sinh hoạt hiện đại, kết hợp giữa tính thẩm mỹ và công năng sử dụng thực tế.

THÔNG SỐ KỸ THUẬT
• Chất liệu: Chất liệu cao cấp, chọn lọc kỹ càng đảm bảo độ bền và tính thẩm mỹ
• Kích thước: 140x80cm
• Mã sản phẩm: HBTG010
• Bảo hành: 12 tháng

CÔNG NĂNG NỔI BẬT
• Mặt bàn rộng rãi, đủ không gian đặt máy tính, tài liệu và vật dụng cá nhân
• Khung/chân bàn chắc chắn, chịu lực tốt, hạn chế rung lắc khi sử dụng
• Thiết kế tối giản, dễ phối hợp với nhiều phong cách nội thất khác nhau
• Dễ dàng lắp ráp và vệ sinh, bảo trì trong quá trình sử dụng lâu dài

PHÙ HỢP KHÔNG GIAN
• Phù hợp bố trí trong không gian nội thất văn phòng, mang lại sự tiện nghi và thẩm mỹ cho tổng thể không gian.",instock,1
HBTH015,Cum ban 6 cho trapez2 2,Nội thất văn phòng > Bàn Văn Phòng > Cụm bàn 2 người,9800000,,"/images/products/HBTH015-1.jpg, /images/products/HBTH015-2.jpg, /images/products/HBTH015-3.jpg","Bàn thiết kế chắc chắn, tối ưu không gian sử dụng.","Cum ban 6 cho trapez2 2 là lựa chọn lý tưởng cho không gian làm việc và sinh hoạt hiện đại, kết hợp giữa tính thẩm mỹ và công năng sử dụng thực tế.

THÔNG SỐ KỸ THUẬT
• Chất liệu: Chất liệu cao cấp, chọn lọc kỹ càng đảm bảo độ bền và tính thẩm mỹ
• Mã sản phẩm: HBTH015
• Bảo hành: 12 tháng

CÔNG NĂNG NỔI BẬT
• Mặt bàn rộng rãi, đủ không gian đặt máy tính, tài liệu và vật dụng cá nhân
• Khung/chân bàn chắc chắn, chịu lực tốt, hạn chế rung lắc khi sử dụng
• Thiết kế tối giản, dễ phối hợp với nhiều phong cách nội thất khác nhau
• Dễ dàng lắp ráp và vệ sinh, bảo trì trong quá trình sử dụng lâu dài

PHÙ HỢP KHÔNG GIAN
• Phù hợp bố trí trong không gian nội thất văn phòng, mang lại sự tiện nghi và thẩm mỹ cho tổng thể không gian.",instock,1
TCN68025,Tu ho so di dong 04,Nội thất văn phòng > Kệ - Tủ Văn Phòng > Tủ Hồ Sơ Di Động,10240000,,"/images/products/TCN68025-1.jpg, /images/products/TCN68025-2.jpg, /images/products/TCN68025-3.jpg, /images/products/TCN68025-4.jpg, /images/products/TCN68025-5.jpg, /images/products/TCN68025-6.jpg","Tủ lưu trữ tiện lợi, thiết kế gọn gàng.","Tu ho so di dong 04 giúp tối ưu không gian lưu trữ, sắp xếp đồ đạc gọn gàng, khoa học mà vẫn đảm bảo tính thẩm mỹ cho căn phòng.

THÔNG SỐ KỸ THUẬT
• Chất liệu: Chất liệu cao cấp, chọn lọc kỹ càng đảm bảo độ bền và tính thẩm mỹ
• Mã sản phẩm: TCN68025
• Bảo hành: 12 tháng

CÔNG NĂNG NỔI BẬT
• Nhiều ngăn/kệ chia hợp lý, tối ưu diện tích lưu trữ
• Hệ thống bản lề, tay nắm chắc chắn, đóng mở êm ái
• Bề mặt hoàn thiện chống trầy xước, dễ lau chùi
• Thiết kế kín đáo, giúp không gian luôn gọn gàng ngăn nắp

PHÙ HỢP KHÔNG GIAN
• Phù hợp bố trí trong không gian nội thất văn phòng, mang lại sự tiện nghi và thẩm mỹ cho tổng thể không gian.",instock,1
HBPL005,Ban nhan vien go plywood chan sat lap rap (2),Nội thất văn phòng > Bàn Văn Phòng > Bàn Nhân Viên,10710000,,/images/products/HBPL005-1.png,"Bàn thiết kế chắc chắn, tối ưu không gian sử dụng.","Ban nhan vien go plywood chan sat lap rap (2) là lựa chọn lý tưởng cho không gian làm việc và sinh hoạt hiện đại, kết hợp giữa tính thẩm mỹ và công năng sử dụng thực tế.

THÔNG SỐ KỸ THUẬT
• Chất liệu: Chất liệu cao cấp, chọn lọc kỹ càng đảm bảo độ bền và tính thẩm mỹ
• Mã sản phẩm: HBPL005
• Bảo hành: 12 tháng

CÔNG NĂNG NỔI BẬT
• Mặt bàn rộng rãi, đủ không gian đặt máy tính, tài liệu và vật dụng cá nhân
• Khung/chân bàn chắc chắn, chịu lực tốt, hạn chế rung lắc khi sử dụng
• Thiết kế tối giản, dễ phối hợp với nhiều phong cách nội thất khác nhau
• Dễ dàng lắp ráp và vệ sinh, bảo trì trong quá trình sử dụng lâu dài

PHÙ HỢP KHÔNG GIAN
• Phù hợp bố trí trong không gian nội thất văn phòng, mang lại sự tiện nghi và thẩm mỹ cho tổng thể không gian.",instock,1
HBWD028,Ban lam viec go tram chan ong nuoc he wooden (12),Nội thất văn phòng > Hệ Bàn > Hệ Wooden,4440000,,"/images/products/HBWD028-1.png, /images/products/HBWD028-2.png","Bàn thiết kế chắc chắn, tối ưu không gian sử dụng.","Ban lam viec go tram chan ong nuoc he wooden (12) là lựa chọn lý tưởng cho không gian làm việc và sinh hoạt hiện đại, kết hợp giữa tính thẩm mỹ và công năng sử dụng thực tế.

THÔNG SỐ KỸ THUẬT
• Chất liệu: Chất liệu cao cấp, chọn lọc kỹ càng đảm bảo độ bền và tính thẩm mỹ
• Mã sản phẩm: HBWD028
• Bảo hành: 12 tháng

CÔNG NĂNG NỔI BẬT
• Mặt bàn rộng rãi, đủ không gian đặt máy tính, tài liệu và vật dụng cá nhân
• Khung/chân bàn chắc chắn, chịu lực tốt, hạn chế rung lắc khi sử dụng
• Thiết kế tối giản, dễ phối hợp với nhiều phong cách nội thất khác nhau
• Dễ dàng lắp ráp và vệ sinh, bảo trì trong quá trình sử dụng lâu dài

PHÙ HỢP KHÔNG GIAN
• Phù hợp bố trí trong không gian nội thất văn phòng, mang lại sự tiện nghi và thẩm mỹ cho tổng thể không gian.",instock,1
OEXH304,O dien treo duoi ban 07 logo 07 transformed,Nội thất văn phòng > Phụ Kiện Bàn > Hộp Điện,370000,,/images/products/OEXH304-1.jpg,"Phụ kiện tiện dụng, hỗ trợ không gian làm việc gọn gàng.","O dien treo duoi ban 07 logo 07 transformed là phụ kiện hỗ trợ đắc lực, giúp không gian làm việc/sinh hoạt gọn gàng và tiện dụng hơn.

THÔNG SỐ KỸ THUẬT
• Chất liệu: Chất liệu cao cấp, chọn lọc kỹ càng đảm bảo độ bền và tính thẩm mỹ
• Mã sản phẩm: OEXH304
• Bảo hành: 12 tháng

CÔNG NĂNG NỔI BẬT
• Thiết kế nhỏ gọn, dễ dàng lắp đặt vào hệ bàn/ghế hiện có
• Chất liệu bền bỉ, chịu lực và chịu nhiệt tốt trong quá trình sử dụng
• Giúp không gian làm việc gọn gàng, khoa học hơn
• Tương thích với nhiều mẫu bàn/ghế khác nhau

PHÙ HỢP KHÔNG GIAN
• Phù hợp bố trí trong không gian nội thất văn phòng, mang lại sự tiện nghi và thẩm mỹ cho tổng thể không gian.",instock,1
MF180,Ghe chan quy boc da nau b 04,Nội thất văn phòng > Ghế Văn Phòng > Ghế Giám Đốc,5160000,,"/images/products/MF180-1.jpg, /images/products/MF180-2.jpg, /images/products/MF180-3.jpg, /images/products/MF180-4.jpg, /images/products/MF180-5.jpg","Ghế công thái học, êm ái và bền bỉ.","Ghe chan quy boc da nau b 04 mang đến trải nghiệm ngồi thoải mái, hỗ trợ tư thế đúng chuẩn cho thời gian sử dụng dài mà không gây mỏi mệt.

THÔNG SỐ KỸ THUẬT
• Chất liệu: Bọc da cao cấp, êm ái và dễ vệ sinh
• Mã sản phẩm: MF180
• Bảo hành: 12 tháng

CÔNG NĂNG NỔI BẬT
• Thiết kế công thái học, nâng đỡ tốt cho vùng lưng và cổ
• Khung ghế chắc chắn, chịu tải trọng tốt, đảm bảo an toàn khi sử dụng
• Đệm ngồi êm ái, thoáng khí, phù hợp ngồi làm việc/sinh hoạt trong thời gian dài
• Kiểu dáng hiện đại, dễ dàng kết hợp với nhiều không gian nội thất

PHÙ HỢP KHÔNG GIAN
• Phù hợp bố trí trong không gian nội thất văn phòng, mang lại sự tiện nghi và thẩm mỹ cho tổng thể không gian.",instock,1
TSLP007,Tu sat van phong tu ho so tu tai lieu 03,Nội thất văn phòng > Kệ - Tủ Văn Phòng > Tủ Hồ Sơ Đứng,3140000,,/images/products/TSLP007-1.jpg,"Tủ lưu trữ tiện lợi, thiết kế gọn gàng.","Tu sat van phong tu ho so tu tai lieu 03 giúp tối ưu không gian lưu trữ, sắp xếp đồ đạc gọn gàng, khoa học mà vẫn đảm bảo tính thẩm mỹ cho căn phòng.

THÔNG SỐ KỸ THUẬT
• Chất liệu: Chất liệu cao cấp, chọn lọc kỹ càng đảm bảo độ bền và tính thẩm mỹ
• Mã sản phẩm: TSLP007
• Bảo hành: 12 tháng

CÔNG NĂNG NỔI BẬT
• Nhiều ngăn/kệ chia hợp lý, tối ưu diện tích lưu trữ
• Hệ thống bản lề, tay nắm chắc chắn, đóng mở êm ái
• Bề mặt hoàn thiện chống trầy xước, dễ lau chùi
• Thiết kế kín đáo, giúp không gian luôn gọn gàng ngăn nắp

PHÙ HỢP KHÔNG GIAN
• Phù hợp bố trí trong không gian nội thất văn phòng, mang lại sự tiện nghi và thẩm mỹ cho tổng thể không gian.",instock,1
HBXC004,Ban lam viec 700x1200 xconcept (3),Phòng Làm Việc > Bàn Làm Việc,4920000,,"/images/products/HBXC004-1.png, /images/products/HBXC004-2.png","Bàn thiết kế chắc chắn, tối ưu không gian sử dụng.","Ban lam viec 700x1200 xconcept (3) là lựa chọn lý tưởng cho không gian làm việc và sinh hoạt hiện đại, kết hợp giữa tính thẩm mỹ và công năng sử dụng thực tế.

THÔNG SỐ KỸ THUẬT
• Chất liệu: Chất liệu cao cấp, chọn lọc kỹ càng đảm bảo độ bền và tính thẩm mỹ
• Mã sản phẩm: HBXC004
• Bảo hành: 12 tháng

CÔNG NĂNG NỔI BẬT
• Mặt bàn rộng rãi, đủ không gian đặt máy tính, tài liệu và vật dụng cá nhân
• Khung/chân bàn chắc chắn, chịu lực tốt, hạn chế rung lắc khi sử dụng
• Thiết kế tối giản, dễ phối hợp với nhiều phong cách nội thất khác nhau
• Dễ dàng lắp ráp và vệ sinh, bảo trì trong quá trình sử dụng lâu dài

PHÙ HỢP KHÔNG GIAN
• Phù hợp bố trí trong không gian phòng làm việc, mang lại sự tiện nghi và thẩm mỹ cho tổng thể không gian.",instock,1
HBOV002,Ban lam viec 120x60 he oval concept lap rap (12),Nội thất văn phòng > Hệ Bàn > Hệ Oval,2950000,,/images/products/HBOV002-1.png,"Bàn thiết kế chắc chắn, tối ưu không gian sử dụng.","Ban lam viec 120x60 he oval concept lap rap (12) là lựa chọn lý tưởng cho không gian làm việc và sinh hoạt hiện đại, kết hợp giữa tính thẩm mỹ và công năng sử dụng thực tế.

THÔNG SỐ KỸ THUẬT
• Chất liệu: Chất liệu cao cấp, chọn lọc kỹ càng đảm bảo độ bền và tính thẩm mỹ
• Mã sản phẩm: HBOV002
• Bảo hành: 12 tháng

CÔNG NĂNG NỔI BẬT
• Mặt bàn rộng rãi, đủ không gian đặt máy tính, tài liệu và vật dụng cá nhân
• Khung/chân bàn chắc chắn, chịu lực tốt, hạn chế rung lắc khi sử dụng
• Thiết kế tối giản, dễ phối hợp với nhiều phong cách nội thất khác nhau
• Dễ dàng lắp ráp và vệ sinh, bảo trì trong quá trình sử dụng lâu dài

PHÙ HỢP KHÔNG GIAN
• Phù hợp bố trí trong không gian nội thất văn phòng, mang lại sự tiện nghi và thẩm mỹ cho tổng thể không gian.",instock,1
HBKC028,Ban 120x60cm go van soi chan sat kconcept 02 b85x xf,Nội thất văn phòng > Hệ Bàn > Hệ KConcept,11780000,,"/images/products/HBKC028-1.jpg, /images/products/HBKC028-2.jpg, /images/products/HBKC028-3.png, /images/products/HBKC028-4.png, /images/products/HBKC028-5.jpg, /images/products/HBKC028-6.jpg","Bàn thiết kế chắc chắn, tối ưu không gian sử dụng.","Ban 120x60cm go van soi chan sat kconcept 02 b85x xf là lựa chọn lý tưởng cho không gian làm việc và sinh hoạt hiện đại, kết hợp giữa tính thẩm mỹ và công năng sử dụng thực tế.

THÔNG SỐ KỸ THUẬT
• Chất liệu: Chất liệu cao cấp, chọn lọc kỹ càng đảm bảo độ bền và tính thẩm mỹ
• Kích thước: 120x60cm
• Mã sản phẩm: HBKC028
• Bảo hành: 12 tháng

CÔNG NĂNG NỔI BẬT
• Mặt bàn rộng rãi, đủ không gian đặt máy tính, tài liệu và vật dụng cá nhân
• Khung/chân bàn chắc chắn, chịu lực tốt, hạn chế rung lắc khi sử dụng
• Thiết kế tối giản, dễ phối hợp với nhiều phong cách nội thất khác nhau
• Dễ dàng lắp ráp và vệ sinh, bảo trì trong quá trình sử dụng lâu dài

PHÙ HỢP KHÔNG GIAN
• Phù hợp bố trí trong không gian nội thất văn phòng, mang lại sự tiện nghi và thẩm mỹ cho tổng thể không gian.",instock,1
SPD68194,Ban lam viec 100x60x75 cm go cao su chan sat lap rap (2),Phòng Làm Việc > Bàn Làm Việc,2940000,,/images/products/SPD68194-1.png,"Bàn thiết kế chắc chắn, tối ưu không gian sử dụng.","Ban lam viec 100x60x75 cm go cao su chan sat lap rap (2) là lựa chọn lý tưởng cho không gian làm việc và sinh hoạt hiện đại, kết hợp giữa tính thẩm mỹ và công năng sử dụng thực tế.

THÔNG SỐ KỸ THUẬT
• Chất liệu: Chất liệu cao cấp, chọn lọc kỹ càng đảm bảo độ bền và tính thẩm mỹ
• Kích thước: 100x60x75 cm
• Mã sản phẩm: SPD68194
• Bảo hành: 12 tháng

CÔNG NĂNG NỔI BẬT
• Mặt bàn rộng rãi, đủ không gian đặt máy tính, tài liệu và vật dụng cá nhân
• Khung/chân bàn chắc chắn, chịu lực tốt, hạn chế rung lắc khi sử dụng
• Thiết kế tối giản, dễ phối hợp với nhiều phong cách nội thất khác nhau
• Dễ dàng lắp ráp và vệ sinh, bảo trì trong quá trình sử dụng lâu dài

PHÙ HỢP KHÔNG GIAN
• Phù hợp bố trí trong không gian phòng làm việc, mang lại sự tiện nghi và thẩm mỹ cho tổng thể không gian.",instock,1
HBTG022,Ban hop 180x90cm chan sat tam giac quy 01,Nội thất văn phòng > Bàn Văn Phòng > Bàn Họp,13130000,,"/images/products/HBTG022-1.jpg, /images/products/HBTG022-2.jpg, /images/products/HBTG022-3.jpg, /images/products/HBTG022-4.jpg","Bàn thiết kế chắc chắn, tối ưu không gian sử dụng.","Ban hop 180x90cm chan sat tam giac quy 01 là lựa chọn lý tưởng cho không gian làm việc và sinh hoạt hiện đại, kết hợp giữa tính thẩm mỹ và công năng sử dụng thực tế.

THÔNG SỐ KỸ THUẬT
• Chất liệu: Chất liệu cao cấp, chọn lọc kỹ càng đảm bảo độ bền và tính thẩm mỹ
• Kích thước: 180x90cm
• Mã sản phẩm: HBTG022
• Bảo hành: 12 tháng

CÔNG NĂNG NỔI BẬT
• Mặt bàn rộng rãi, đủ không gian đặt máy tính, tài liệu và vật dụng cá nhân
• Khung/chân bàn chắc chắn, chịu lực tốt, hạn chế rung lắc khi sử dụng
• Thiết kế tối giản, dễ phối hợp với nhiều phong cách nội thất khác nhau
• Dễ dàng lắp ráp và vệ sinh, bảo trì trong quá trình sử dụng lâu dài

PHÙ HỢP KHÔNG GIAN
• Phù hợp bố trí trong không gian nội thất văn phòng, mang lại sự tiện nghi và thẩm mỹ cho tổng thể không gian.",instock,1
HBTH003,Ban lam viec 140x60 trapeze ii concept lap rap (2),Phòng Làm Việc > Bàn Làm Việc,5750000,,/images/products/HBTH003-1.png,"Bàn thiết kế chắc chắn, tối ưu không gian sử dụng.","Ban lam viec 140x60 trapeze ii concept lap rap (2) là lựa chọn lý tưởng cho không gian làm việc và sinh hoạt hiện đại, kết hợp giữa tính thẩm mỹ và công năng sử dụng thực tế.

THÔNG SỐ KỸ THUẬT
• Chất liệu: Chất liệu cao cấp, chọn lọc kỹ càng đảm bảo độ bền và tính thẩm mỹ
• Mã sản phẩm: HBTH003
• Bảo hành: 12 tháng

CÔNG NĂNG NỔI BẬT
• Mặt bàn rộng rãi, đủ không gian đặt máy tính, tài liệu và vật dụng cá nhân
• Khung/chân bàn chắc chắn, chịu lực tốt, hạn chế rung lắc khi sử dụng
• Thiết kế tối giản, dễ phối hợp với nhiều phong cách nội thất khác nhau
• Dễ dàng lắp ráp và vệ sinh, bảo trì trong quá trình sử dụng lâu dài

PHÙ HỢP KHÔNG GIAN
• Phù hợp bố trí trong không gian phòng làm việc, mang lại sự tiện nghi và thẩm mỹ cho tổng thể không gian.",instock,1
HBTC016,Ban lam viec 140x140 trapeze concept (2),Phòng Làm Việc > Bàn Làm Việc,8570000,,/images/products/HBTC016-1.png,"Bàn thiết kế chắc chắn, tối ưu không gian sử dụng.","Ban lam viec 140x140 trapeze concept (2) là lựa chọn lý tưởng cho không gian làm việc và sinh hoạt hiện đại, kết hợp giữa tính thẩm mỹ và công năng sử dụng thực tế.

THÔNG SỐ KỸ THUẬT
• Chất liệu: Chất liệu cao cấp, chọn lọc kỹ càng đảm bảo độ bền và tính thẩm mỹ
• Mã sản phẩm: HBTC016
• Bảo hành: 12 tháng

CÔNG NĂNG NỔI BẬT
• Mặt bàn rộng rãi, đủ không gian đặt máy tính, tài liệu và vật dụng cá nhân
• Khung/chân bàn chắc chắn, chịu lực tốt, hạn chế rung lắc khi sử dụng
• Thiết kế tối giản, dễ phối hợp với nhiều phong cách nội thất khác nhau
• Dễ dàng lắp ráp và vệ sinh, bảo trì trong quá trình sử dụng lâu dài

PHÙ HỢP KHÔNG GIAN
• Phù hợp bố trí trong không gian phòng làm việc, mang lại sự tiện nghi và thẩm mỹ cho tổng thể không gian.",instock,1
GAK835,Ghe chan xoay lung luoi 10 jn4g 3b,Nội thất văn phòng > Ghế Văn Phòng > Ghế Giám Đốc,1910000,,"/images/products/GAK835-1.jpg, /images/products/GAK835-2.jpg, /images/products/GAK835-3.jpg, /images/products/GAK835-4.jpg, /images/products/GAK835-5.jpg","Ghế công thái học, êm ái và bền bỉ.","Ghe chan xoay lung luoi 10 jn4g 3b mang đến trải nghiệm ngồi thoải mái, hỗ trợ tư thế đúng chuẩn cho thời gian sử dụng dài mà không gây mỏi mệt.

THÔNG SỐ KỸ THUẬT
• Chất liệu: Chất liệu cao cấp, chọn lọc kỹ càng đảm bảo độ bền và tính thẩm mỹ
• Mã sản phẩm: GAK835
• Bảo hành: 12 tháng

CÔNG NĂNG NỔI BẬT
• Thiết kế công thái học, nâng đỡ tốt cho vùng lưng và cổ
• Khung ghế chắc chắn, chịu tải trọng tốt, đảm bảo an toàn khi sử dụng
• Đệm ngồi êm ái, thoáng khí, phù hợp ngồi làm việc/sinh hoạt trong thời gian dài
• Kiểu dáng hiện đại, dễ dàng kết hợp với nhiều không gian nội thất

PHÙ HỢP KHÔNG GIAN
• Phù hợp bố trí trong không gian nội thất văn phòng, mang lại sự tiện nghi và thẩm mỹ cho tổng thể không gian.",instock,1
HBON004,Ban lam viec 120x70 he pipe concept lap rap (3),Nội thất văn phòng > Hệ Bàn > Hệ Pipe,11360000,,"/images/products/HBON004-1.png, /images/products/HBON004-2.png","Bàn thiết kế chắc chắn, tối ưu không gian sử dụng.","Ban lam viec 120x70 he pipe concept lap rap (3) là lựa chọn lý tưởng cho không gian làm việc và sinh hoạt hiện đại, kết hợp giữa tính thẩm mỹ và công năng sử dụng thực tế.

THÔNG SỐ KỸ THUẬT
• Chất liệu: Chất liệu cao cấp, chọn lọc kỹ càng đảm bảo độ bền và tính thẩm mỹ
• Mã sản phẩm: HBON004
• Bảo hành: 12 tháng

CÔNG NĂNG NỔI BẬT
• Mặt bàn rộng rãi, đủ không gian đặt máy tính, tài liệu và vật dụng cá nhân
• Khung/chân bàn chắc chắn, chịu lực tốt, hạn chế rung lắc khi sử dụng
• Thiết kế tối giản, dễ phối hợp với nhiều phong cách nội thất khác nhau
• Dễ dàng lắp ráp và vệ sinh, bảo trì trong quá trình sử dụng lâu dài

PHÙ HỢP KHÔNG GIAN
• Phù hợp bố trí trong không gian nội thất văn phòng, mang lại sự tiện nghi và thẩm mỹ cho tổng thể không gian.",instock,1
HCTG023,Chan ban hop 200x100cm sat tam giac quy kichthuoc 01,Nội thất văn phòng > Bàn Văn Phòng > Bàn Họp,5930000,,"/images/products/HCTG023-1.jpg, /images/products/HCTG023-2.jpg, /images/products/HCTG023-3.jpg, /images/products/HCTG023-4.jpg, /images/products/HCTG023-5.jpg","Bàn thiết kế chắc chắn, tối ưu không gian sử dụng.","Chan ban hop 200x100cm sat tam giac quy kichthuoc 01 là lựa chọn lý tưởng cho không gian làm việc và sinh hoạt hiện đại, kết hợp giữa tính thẩm mỹ và công năng sử dụng thực tế.

THÔNG SỐ KỸ THUẬT
• Chất liệu: Chất liệu cao cấp, chọn lọc kỹ càng đảm bảo độ bền và tính thẩm mỹ
• Kích thước: 200x100cm
• Mã sản phẩm: HCTG023
• Bảo hành: 12 tháng

CÔNG NĂNG NỔI BẬT
• Mặt bàn rộng rãi, đủ không gian đặt máy tính, tài liệu và vật dụng cá nhân
• Khung/chân bàn chắc chắn, chịu lực tốt, hạn chế rung lắc khi sử dụng
• Thiết kế tối giản, dễ phối hợp với nhiều phong cách nội thất khác nhau
• Dễ dàng lắp ráp và vệ sinh, bảo trì trong quá trình sử dụng lâu dài

PHÙ HỢP KHÔNG GIAN
• Phù hợp bố trí trong không gian nội thất văn phòng, mang lại sự tiện nghi và thẩm mỹ cho tổng thể không gian.",instock,1
HBMC018,Ban chu l go cao su chan sat he mconcept (2),Nội thất văn phòng > Hệ Bàn > Hệ MConcept,11510000,,/images/products/HBMC018-1.png,"Bàn thiết kế chắc chắn, tối ưu không gian sử dụng.","Ban chu l go cao su chan sat he mconcept (2) là lựa chọn lý tưởng cho không gian làm việc và sinh hoạt hiện đại, kết hợp giữa tính thẩm mỹ và công năng sử dụng thực tế.

THÔNG SỐ KỸ THUẬT
• Chất liệu: Chất liệu cao cấp, chọn lọc kỹ càng đảm bảo độ bền và tính thẩm mỹ
• Mã sản phẩm: HBMC018
• Bảo hành: 12 tháng

CÔNG NĂNG NỔI BẬT
• Mặt bàn rộng rãi, đủ không gian đặt máy tính, tài liệu và vật dụng cá nhân
• Khung/chân bàn chắc chắn, chịu lực tốt, hạn chế rung lắc khi sử dụng
• Thiết kế tối giản, dễ phối hợp với nhiều phong cách nội thất khác nhau
• Dễ dàng lắp ráp và vệ sinh, bảo trì trong quá trình sử dụng lâu dài

PHÙ HỢP KHÔNG GIAN
• Phù hợp bố trí trong không gian nội thất văn phòng, mang lại sự tiện nghi và thẩm mỹ cho tổng thể không gian.",instock,1
TCN68067,Tu ca nhan go cao su 2,Phòng Làm Việc > Tủ Cá Nhân,11770000,,"/images/products/TCN68067-1.jpg, /images/products/TCN68067-2.jpg, /images/products/TCN68067-3.jpg","Tủ lưu trữ tiện lợi, thiết kế gọn gàng.","Tu ca nhan go cao su 2 giúp tối ưu không gian lưu trữ, sắp xếp đồ đạc gọn gàng, khoa học mà vẫn đảm bảo tính thẩm mỹ cho căn phòng.

THÔNG SỐ KỸ THUẬT
• Chất liệu: Chất liệu cao cấp, chọn lọc kỹ càng đảm bảo độ bền và tính thẩm mỹ
• Mã sản phẩm: TCN68067
• Bảo hành: 12 tháng

CÔNG NĂNG NỔI BẬT
• Nhiều ngăn/kệ chia hợp lý, tối ưu diện tích lưu trữ
• Hệ thống bản lề, tay nắm chắc chắn, đóng mở êm ái
• Bề mặt hoàn thiện chống trầy xước, dễ lau chùi
• Thiết kế kín đáo, giúp không gian luôn gọn gàng ngăn nắp

PHÙ HỢP KHÔNG GIAN
• Phù hợp bố trí trong không gian phòng làm việc, mang lại sự tiện nghi và thẩm mỹ cho tổng thể không gian.",instock,1
HBON005,Ban lam viec 140x70 he pipe concept lap rap (2),Nội thất văn phòng > Hệ Bàn > Hệ Pipe,2470000,,"/images/products/HBON005-1.png, /images/products/HBON005-2.png","Bàn thiết kế chắc chắn, tối ưu không gian sử dụng.","Ban lam viec 140x70 he pipe concept lap rap (2) là lựa chọn lý tưởng cho không gian làm việc và sinh hoạt hiện đại, kết hợp giữa tính thẩm mỹ và công năng sử dụng thực tế.

THÔNG SỐ KỸ THUẬT
• Chất liệu: Chất liệu cao cấp, chọn lọc kỹ càng đảm bảo độ bền và tính thẩm mỹ
• Mã sản phẩm: HBON005
• Bảo hành: 12 tháng

CÔNG NĂNG NỔI BẬT
• Mặt bàn rộng rãi, đủ không gian đặt máy tính, tài liệu và vật dụng cá nhân
• Khung/chân bàn chắc chắn, chịu lực tốt, hạn chế rung lắc khi sử dụng
• Thiết kế tối giản, dễ phối hợp với nhiều phong cách nội thất khác nhau
• Dễ dàng lắp ráp và vệ sinh, bảo trì trong quá trình sử dụng lâu dài

PHÙ HỢP KHÔNG GIAN
• Phù hợp bố trí trong không gian nội thất văn phòng, mang lại sự tiện nghi và thẩm mỹ cho tổng thể không gian.",instock,1
HBUC047,Ban lam viec cum4 240x120cm 03,Phòng Làm Việc > Bàn Làm Việc,12190000,,"/images/products/HBUC047-1.jpg, /images/products/HBUC047-2.jpg, /images/products/HBUC047-3.jpg, /images/products/HBUC047-4.jpg, /images/products/HBUC047-5.jpg","Bàn thiết kế chắc chắn, tối ưu không gian sử dụng.","Ban lam viec cum4 240x120cm 03 là lựa chọn lý tưởng cho không gian làm việc và sinh hoạt hiện đại, kết hợp giữa tính thẩm mỹ và công năng sử dụng thực tế.

THÔNG SỐ KỸ THUẬT
• Chất liệu: Chất liệu cao cấp, chọn lọc kỹ càng đảm bảo độ bền và tính thẩm mỹ
• Kích thước: 240x120cm
• Mã sản phẩm: HBUC047
• Bảo hành: 12 tháng

CÔNG NĂNG NỔI BẬT
• Mặt bàn rộng rãi, đủ không gian đặt máy tính, tài liệu và vật dụng cá nhân
• Khung/chân bàn chắc chắn, chịu lực tốt, hạn chế rung lắc khi sử dụng
• Thiết kế tối giản, dễ phối hợp với nhiều phong cách nội thất khác nhau
• Dễ dàng lắp ráp và vệ sinh, bảo trì trong quá trình sử dụng lâu dài

PHÙ HỢP KHÔNG GIAN
• Phù hợp bố trí trong không gian phòng làm việc, mang lại sự tiện nghi và thẩm mỹ cho tổng thể không gian.",instock,1
HBWD046,Ban lam viec go tram canh gian he aconcept 04,Nội thất văn phòng > Hệ Bàn > Hệ AConcept,3180000,,"/images/products/HBWD046-1.jpg, /images/products/HBWD046-2.jpg, /images/products/HBWD046-3.jpg, /images/products/HBWD046-4.jpg, /images/products/HBWD046-5.jpg","Bàn thiết kế chắc chắn, tối ưu không gian sử dụng.","Ban lam viec go tram canh gian he aconcept 04 là lựa chọn lý tưởng cho không gian làm việc và sinh hoạt hiện đại, kết hợp giữa tính thẩm mỹ và công năng sử dụng thực tế.

THÔNG SỐ KỸ THUẬT
• Chất liệu: Chất liệu cao cấp, chọn lọc kỹ càng đảm bảo độ bền và tính thẩm mỹ
• Mã sản phẩm: HBWD046
• Bảo hành: 12 tháng

CÔNG NĂNG NỔI BẬT
• Mặt bàn rộng rãi, đủ không gian đặt máy tính, tài liệu và vật dụng cá nhân
• Khung/chân bàn chắc chắn, chịu lực tốt, hạn chế rung lắc khi sử dụng
• Thiết kế tối giản, dễ phối hợp với nhiều phong cách nội thất khác nhau
• Dễ dàng lắp ráp và vệ sinh, bảo trì trong quá trình sử dụng lâu dài

PHÙ HỢP KHÔNG GIAN
• Phù hợp bố trí trong không gian nội thất văn phòng, mang lại sự tiện nghi và thẩm mỹ cho tổng thể không gian.",instock,1
GD68027,Ban gaming 07,Phòng Làm Việc > Bàn Gaming,8830000,,"/images/products/GD68027-1.jpg, /images/products/GD68027-2.jpg","Bàn thiết kế chắc chắn, tối ưu không gian sử dụng.","Ban gaming 07 là lựa chọn lý tưởng cho không gian làm việc và sinh hoạt hiện đại, kết hợp giữa tính thẩm mỹ và công năng sử dụng thực tế.

THÔNG SỐ KỸ THUẬT
• Chất liệu: Chất liệu cao cấp, chọn lọc kỹ càng đảm bảo độ bền và tính thẩm mỹ
• Mã sản phẩm: GD68027
• Bảo hành: 12 tháng

CÔNG NĂNG NỔI BẬT
• Mặt bàn rộng rãi, đủ không gian đặt máy tính, tài liệu và vật dụng cá nhân
• Khung/chân bàn chắc chắn, chịu lực tốt, hạn chế rung lắc khi sử dụng
• Thiết kế tối giản, dễ phối hợp với nhiều phong cách nội thất khác nhau
• Dễ dàng lắp ráp và vệ sinh, bảo trì trong quá trình sử dụng lâu dài

PHÙ HỢP KHÔNG GIAN
• Phù hợp bố trí trong không gian phòng làm việc, mang lại sự tiện nghi và thẩm mỹ cho tổng thể không gian.",instock,1
HBMC010,Ban hop 180x80 mconcept chan sat lap rap (13),Nội thất văn phòng > Bàn Văn Phòng > Bàn Họp,12830000,,"/images/products/HBMC010-1.png, /images/products/HBMC010-2.png","Bàn thiết kế chắc chắn, tối ưu không gian sử dụng.","Ban hop 180x80 mconcept chan sat lap rap (13) là lựa chọn lý tưởng cho không gian làm việc và sinh hoạt hiện đại, kết hợp giữa tính thẩm mỹ và công năng sử dụng thực tế.

THÔNG SỐ KỸ THUẬT
• Chất liệu: Chất liệu cao cấp, chọn lọc kỹ càng đảm bảo độ bền và tính thẩm mỹ
• Mã sản phẩm: HBMC010
• Bảo hành: 12 tháng

CÔNG NĂNG NỔI BẬT
• Mặt bàn rộng rãi, đủ không gian đặt máy tính, tài liệu và vật dụng cá nhân
• Khung/chân bàn chắc chắn, chịu lực tốt, hạn chế rung lắc khi sử dụng
• Thiết kế tối giản, dễ phối hợp với nhiều phong cách nội thất khác nhau
• Dễ dàng lắp ráp và vệ sinh, bảo trì trong quá trình sử dụng lâu dài

PHÙ HỢP KHÔNG GIAN
• Phù hợp bố trí trong không gian nội thất văn phòng, mang lại sự tiện nghi và thẩm mỹ cho tổng thể không gian.",instock,1
HCTG020,Chan ban cum 4 240x120cm sat tam giac quy kichthuoc 01,Nội thất văn phòng > Bàn Văn Phòng > Cụm bàn 2 người,11590000,,"/images/products/HCTG020-1.jpg, /images/products/HCTG020-2.jpg, /images/products/HCTG020-3.jpg, /images/products/HCTG020-4.jpg","Bàn thiết kế chắc chắn, tối ưu không gian sử dụng.","Chan ban cum 4 240x120cm sat tam giac quy kichthuoc 01 là lựa chọn lý tưởng cho không gian làm việc và sinh hoạt hiện đại, kết hợp giữa tính thẩm mỹ và công năng sử dụng thực tế.

THÔNG SỐ KỸ THUẬT
• Chất liệu: Chất liệu cao cấp, chọn lọc kỹ càng đảm bảo độ bền và tính thẩm mỹ
• Kích thước: 240x120cm
• Mã sản phẩm: HCTG020
• Bảo hành: 12 tháng

CÔNG NĂNG NỔI BẬT
• Mặt bàn rộng rãi, đủ không gian đặt máy tính, tài liệu và vật dụng cá nhân
• Khung/chân bàn chắc chắn, chịu lực tốt, hạn chế rung lắc khi sử dụng
• Thiết kế tối giản, dễ phối hợp với nhiều phong cách nội thất khác nhau
• Dễ dàng lắp ráp và vệ sinh, bảo trì trong quá trình sử dụng lâu dài

PHÙ HỢP KHÔNG GIAN
• Phù hợp bố trí trong không gian nội thất văn phòng, mang lại sự tiện nghi và thẩm mỹ cho tổng thể không gian.",instock,1
HBMC019,Ban lam viec chu l 140x150 mconcept chan sat lap rap (11),Phòng Làm Việc > Bàn Làm Việc,11280000,,"/images/products/HBMC019-1.png, /images/products/HBMC019-2.png","Bàn thiết kế chắc chắn, tối ưu không gian sử dụng.","Ban lam viec chu l 140x150 mconcept chan sat lap rap (11) là lựa chọn lý tưởng cho không gian làm việc và sinh hoạt hiện đại, kết hợp giữa tính thẩm mỹ và công năng sử dụng thực tế.

THÔNG SỐ KỸ THUẬT
• Chất liệu: Chất liệu cao cấp, chọn lọc kỹ càng đảm bảo độ bền và tính thẩm mỹ
• Mã sản phẩm: HBMC019
• Bảo hành: 12 tháng

CÔNG NĂNG NỔI BẬT
• Mặt bàn rộng rãi, đủ không gian đặt máy tính, tài liệu và vật dụng cá nhân
• Khung/chân bàn chắc chắn, chịu lực tốt, hạn chế rung lắc khi sử dụng
• Thiết kế tối giản, dễ phối hợp với nhiều phong cách nội thất khác nhau
• Dễ dàng lắp ráp và vệ sinh, bảo trì trong quá trình sử dụng lâu dài

PHÙ HỢP KHÔNG GIAN
• Phù hợp bố trí trong không gian phòng làm việc, mang lại sự tiện nghi và thẩm mỹ cho tổng thể không gian.",instock,1
SUGD68038,Ban taup chan chu a go cao 01,Nội thất văn phòng > Bàn Văn Phòng > Bàn Giám Đốc,10570000,,/images/products/SUGD68038-1.jpg,"Bàn thiết kế chắc chắn, tối ưu không gian sử dụng.","Ban taup chan chu a go cao 01 là lựa chọn lý tưởng cho không gian làm việc và sinh hoạt hiện đại, kết hợp giữa tính thẩm mỹ và công năng sử dụng thực tế.

THÔNG SỐ KỸ THUẬT
• Chất liệu: Chất liệu cao cấp, chọn lọc kỹ càng đảm bảo độ bền và tính thẩm mỹ
• Mã sản phẩm: SUGD68038
• Bảo hành: 12 tháng

CÔNG NĂNG NỔI BẬT
• Mặt bàn rộng rãi, đủ không gian đặt máy tính, tài liệu và vật dụng cá nhân
• Khung/chân bàn chắc chắn, chịu lực tốt, hạn chế rung lắc khi sử dụng
• Thiết kế tối giản, dễ phối hợp với nhiều phong cách nội thất khác nhau
• Dễ dàng lắp ráp và vệ sinh, bảo trì trong quá trình sử dụng lâu dài

PHÙ HỢP KHÔNG GIAN
• Phù hợp bố trí trong không gian nội thất văn phòng, mang lại sự tiện nghi và thẩm mỹ cho tổng thể không gian.",instock,1
KMI68001,Ke may in 05,Nội thất văn phòng > Kệ - Tủ Văn Phòng > Tủ Kệ Máy In,7110000,,/images/products/KMI68001-1.jpg,"Tủ lưu trữ tiện lợi, thiết kế gọn gàng.","Ke may in 05 giúp tối ưu không gian lưu trữ, sắp xếp đồ đạc gọn gàng, khoa học mà vẫn đảm bảo tính thẩm mỹ cho căn phòng.

THÔNG SỐ KỸ THUẬT
• Chất liệu: Chất liệu cao cấp, chọn lọc kỹ càng đảm bảo độ bền và tính thẩm mỹ
• Mã sản phẩm: KMI68001
• Bảo hành: 12 tháng

CÔNG NĂNG NỔI BẬT
• Nhiều ngăn/kệ chia hợp lý, tối ưu diện tích lưu trữ
• Hệ thống bản lề, tay nắm chắc chắn, đóng mở êm ái
• Bề mặt hoàn thiện chống trầy xước, dễ lau chùi
• Thiết kế kín đáo, giúp không gian luôn gọn gàng ngăn nắp

PHÙ HỢP KHÔNG GIAN
• Phù hợp bố trí trong không gian nội thất văn phòng, mang lại sự tiện nghi và thẩm mỹ cho tổng thể không gian.",instock,1
IIHBOM217,Ban nhan vien 140x140cm he oma (10),Nội thất văn phòng > Bàn Văn Phòng > Bàn Nhân Viên,6170000,,"/images/products/IIHBOM217-1.png, /images/products/IIHBOM217-2.png, /images/products/IIHBOM217-3.png, /images/products/IIHBOM217-4.png, /images/products/IIHBOM217-5.png, /images/products/IIHBOM217-6.png","Bàn thiết kế chắc chắn, tối ưu không gian sử dụng.","Ban nhan vien 140x140cm he oma (10) là lựa chọn lý tưởng cho không gian làm việc và sinh hoạt hiện đại, kết hợp giữa tính thẩm mỹ và công năng sử dụng thực tế.

THÔNG SỐ KỸ THUẬT
• Chất liệu: Chất liệu cao cấp, chọn lọc kỹ càng đảm bảo độ bền và tính thẩm mỹ
• Kích thước: 140x140cm
• Mã sản phẩm: IIHBOM217
• Bảo hành: 12 tháng

CÔNG NĂNG NỔI BẬT
• Mặt bàn rộng rãi, đủ không gian đặt máy tính, tài liệu và vật dụng cá nhân
• Khung/chân bàn chắc chắn, chịu lực tốt, hạn chế rung lắc khi sử dụng
• Thiết kế tối giản, dễ phối hợp với nhiều phong cách nội thất khác nhau
• Dễ dàng lắp ráp và vệ sinh, bảo trì trong quá trình sử dụng lâu dài

PHÙ HỢP KHÔNG GIAN
• Phù hợp bố trí trong không gian nội thất văn phòng, mang lại sự tiện nghi và thẩm mỹ cho tổng thể không gian.",instock,1
FLD007,Ban nang ha chieu cao mat go plywood 010,Nội thất văn phòng > Hệ Chân Bàn > Chân bàn nâng hạ Flexi,680000,,"/images/products/FLD007-1.jpg, /images/products/FLD007-2.jpg, /images/products/FLD007-3.jpg, /images/products/FLD007-4.jpg, /images/products/FLD007-5.jpg, /images/products/FLD007-6.jpg","Phụ kiện tiện dụng, hỗ trợ không gian làm việc gọn gàng.","Ban nang ha chieu cao mat go plywood 010 là phụ kiện hỗ trợ đắc lực, giúp không gian làm việc/sinh hoạt gọn gàng và tiện dụng hơn.

THÔNG SỐ KỸ THUẬT
• Chất liệu: Chất liệu cao cấp, chọn lọc kỹ càng đảm bảo độ bền và tính thẩm mỹ
• Mã sản phẩm: FLD007
• Bảo hành: 12 tháng

CÔNG NĂNG NỔI BẬT
• Thiết kế nhỏ gọn, dễ dàng lắp đặt vào hệ bàn/ghế hiện có
• Chất liệu bền bỉ, chịu lực và chịu nhiệt tốt trong quá trình sử dụng
• Giúp không gian làm việc gọn gàng, khoa học hơn
• Tương thích với nhiều mẫu bàn/ghế khác nhau

PHÙ HỢP KHÔNG GIAN
• Phù hợp bố trí trong không gian nội thất văn phòng, mang lại sự tiện nghi và thẩm mỹ cho tổng thể không gian.",instock,1
HBKC002,Ban lam viec 120x60 kconcept chan sat lap rap (2),Phòng Làm Việc > Bàn Làm Việc,13040000,,"/images/products/HBKC002-1.jpg, /images/products/HBKC002-2.jpg, /images/products/HBKC002-3.png, /images/products/HBKC002-4.png","Bàn thiết kế chắc chắn, tối ưu không gian sử dụng.","Ban lam viec 120x60 kconcept chan sat lap rap (2) là lựa chọn lý tưởng cho không gian làm việc và sinh hoạt hiện đại, kết hợp giữa tính thẩm mỹ và công năng sử dụng thực tế.

THÔNG SỐ KỸ THUẬT
• Chất liệu: Chất liệu cao cấp, chọn lọc kỹ càng đảm bảo độ bền và tính thẩm mỹ
• Mã sản phẩm: HBKC002
• Bảo hành: 12 tháng

CÔNG NĂNG NỔI BẬT
• Mặt bàn rộng rãi, đủ không gian đặt máy tính, tài liệu và vật dụng cá nhân
• Khung/chân bàn chắc chắn, chịu lực tốt, hạn chế rung lắc khi sử dụng
• Thiết kế tối giản, dễ phối hợp với nhiều phong cách nội thất khác nhau
• Dễ dàng lắp ráp và vệ sinh, bảo trì trong quá trình sử dụng lâu dài

PHÙ HỢP KHÔNG GIAN
• Phù hợp bố trí trong không gian phòng làm việc, mang lại sự tiện nghi và thẩm mỹ cho tổng thể không gian.",instock,1
HBAC007,Ban lam viec 140x80 aconcept chan sat lap rap (3) c509 tr,Phòng Làm Việc > Bàn Làm Việc,13820000,,"/images/products/HBAC007-1.png, /images/products/HBAC007-2.png","Bàn thiết kế chắc chắn, tối ưu không gian sử dụng.","Ban lam viec 140x80 aconcept chan sat lap rap (3) c509 tr là lựa chọn lý tưởng cho không gian làm việc và sinh hoạt hiện đại, kết hợp giữa tính thẩm mỹ và công năng sử dụng thực tế.

THÔNG SỐ KỸ THUẬT
• Chất liệu: Chất liệu cao cấp, chọn lọc kỹ càng đảm bảo độ bền và tính thẩm mỹ
• Mã sản phẩm: HBAC007
• Bảo hành: 12 tháng

CÔNG NĂNG NỔI BẬT
• Mặt bàn rộng rãi, đủ không gian đặt máy tính, tài liệu và vật dụng cá nhân
• Khung/chân bàn chắc chắn, chịu lực tốt, hạn chế rung lắc khi sử dụng
• Thiết kế tối giản, dễ phối hợp với nhiều phong cách nội thất khác nhau
• Dễ dàng lắp ráp và vệ sinh, bảo trì trong quá trình sử dụng lâu dài

PHÙ HỢP KHÔNG GIAN
• Phù hợp bố trí trong không gian phòng làm việc, mang lại sự tiện nghi và thẩm mỹ cho tổng thể không gian.",instock,1
HOUC032,Ban cum 4 chan tu 02,Nội thất văn phòng > Bàn Văn Phòng > Cụm bàn 2 người,7070000,,"/images/products/HOUC032-1.jpg, /images/products/HOUC032-2.jpg","Bàn thiết kế chắc chắn, tối ưu không gian sử dụng.","Ban cum 4 chan tu 02 là lựa chọn lý tưởng cho không gian làm việc và sinh hoạt hiện đại, kết hợp giữa tính thẩm mỹ và công năng sử dụng thực tế.

THÔNG SỐ KỸ THUẬT
• Chất liệu: Chất liệu cao cấp, chọn lọc kỹ càng đảm bảo độ bền và tính thẩm mỹ
• Mã sản phẩm: HOUC032
• Bảo hành: 12 tháng

CÔNG NĂNG NỔI BẬT
• Mặt bàn rộng rãi, đủ không gian đặt máy tính, tài liệu và vật dụng cá nhân
• Khung/chân bàn chắc chắn, chịu lực tốt, hạn chế rung lắc khi sử dụng
• Thiết kế tối giản, dễ phối hợp với nhiều phong cách nội thất khác nhau
• Dễ dàng lắp ráp và vệ sinh, bảo trì trong quá trình sử dụng lâu dài

PHÙ HỢP KHÔNG GIAN
• Phù hợp bố trí trong không gian nội thất văn phòng, mang lại sự tiện nghi và thẩm mỹ cho tổng thể không gian.",instock,1
HBXC003,Ban lam viec 600x1400 xconcept (3),Phòng Làm Việc > Bàn Làm Việc,5800000,,/images/products/HBXC003-1.png,"Bàn thiết kế chắc chắn, tối ưu không gian sử dụng.","Ban lam viec 600x1400 xconcept (3) là lựa chọn lý tưởng cho không gian làm việc và sinh hoạt hiện đại, kết hợp giữa tính thẩm mỹ và công năng sử dụng thực tế.

THÔNG SỐ KỸ THUẬT
• Chất liệu: Chất liệu cao cấp, chọn lọc kỹ càng đảm bảo độ bền và tính thẩm mỹ
• Mã sản phẩm: HBXC003
• Bảo hành: 12 tháng

CÔNG NĂNG NỔI BẬT
• Mặt bàn rộng rãi, đủ không gian đặt máy tính, tài liệu và vật dụng cá nhân
• Khung/chân bàn chắc chắn, chịu lực tốt, hạn chế rung lắc khi sử dụng
• Thiết kế tối giản, dễ phối hợp với nhiều phong cách nội thất khác nhau
• Dễ dàng lắp ráp và vệ sinh, bảo trì trong quá trình sử dụng lâu dài

PHÙ HỢP KHÔNG GIAN
• Phù hợp bố trí trong không gian phòng làm việc, mang lại sự tiện nghi và thẩm mỹ cho tổng thể không gian.",instock,1
HBON007,Ban cum 4 240x120 he pipe concept lap rap (2),Nội thất văn phòng > Hệ Bàn > Hệ Pipe,6260000,,"/images/products/HBON007-1.png, /images/products/HBON007-2.png","Bàn thiết kế chắc chắn, tối ưu không gian sử dụng.","Ban cum 4 240x120 he pipe concept lap rap (2) là lựa chọn lý tưởng cho không gian làm việc và sinh hoạt hiện đại, kết hợp giữa tính thẩm mỹ và công năng sử dụng thực tế.

THÔNG SỐ KỸ THUẬT
• Chất liệu: Chất liệu cao cấp, chọn lọc kỹ càng đảm bảo độ bền và tính thẩm mỹ
• Mã sản phẩm: HBON007
• Bảo hành: 12 tháng

CÔNG NĂNG NỔI BẬT
• Mặt bàn rộng rãi, đủ không gian đặt máy tính, tài liệu và vật dụng cá nhân
• Khung/chân bàn chắc chắn, chịu lực tốt, hạn chế rung lắc khi sử dụng
• Thiết kế tối giản, dễ phối hợp với nhiều phong cách nội thất khác nhau
• Dễ dàng lắp ráp và vệ sinh, bảo trì trong quá trình sử dụng lâu dài

PHÙ HỢP KHÔNG GIAN
• Phù hợp bố trí trong không gian nội thất văn phòng, mang lại sự tiện nghi và thẩm mỹ cho tổng thể không gian.",instock,1
KGS015,Ke sach mam non 01,Trường Học > Tủ Kệ Trường Học > Tủ Kệ Mầm Non,8440000,,/images/products/KGS015-1.jpg,"Tủ lưu trữ tiện lợi, thiết kế gọn gàng.","Ke sach mam non 01 giúp tối ưu không gian lưu trữ, sắp xếp đồ đạc gọn gàng, khoa học mà vẫn đảm bảo tính thẩm mỹ cho căn phòng.

THÔNG SỐ KỸ THUẬT
• Chất liệu: Chất liệu cao cấp, chọn lọc kỹ càng đảm bảo độ bền và tính thẩm mỹ
• Mã sản phẩm: KGS015
• Bảo hành: 12 tháng

CÔNG NĂNG NỔI BẬT
• Nhiều ngăn/kệ chia hợp lý, tối ưu diện tích lưu trữ
• Hệ thống bản lề, tay nắm chắc chắn, đóng mở êm ái
• Bề mặt hoàn thiện chống trầy xước, dễ lau chùi
• Thiết kế kín đáo, giúp không gian luôn gọn gàng ngăn nắp

PHÙ HỢP KHÔNG GIAN
• Phù hợp bố trí trong không gian trường học, mang lại sự tiện nghi và thẩm mỹ cho tổng thể không gian.",instock,1
HBUC056,Ban hop vuong 100cm go plywood chan uconcept 03 k7kg j6,Nội thất văn phòng > Bàn Văn Phòng > Bàn Họp,4000000,,"/images/products/HBUC056-1.jpg, /images/products/HBUC056-2.jpg, /images/products/HBUC056-3.png, /images/products/HBUC056-4.jpg, /images/products/HBUC056-5.jpg","Bàn thiết kế chắc chắn, tối ưu không gian sử dụng.","Ban hop vuong 100cm go plywood chan uconcept 03 k7kg j6 là lựa chọn lý tưởng cho không gian làm việc và sinh hoạt hiện đại, kết hợp giữa tính thẩm mỹ và công năng sử dụng thực tế.

THÔNG SỐ KỸ THUẬT
• Chất liệu: Chất liệu cao cấp, chọn lọc kỹ càng đảm bảo độ bền và tính thẩm mỹ
• Mã sản phẩm: HBUC056
• Bảo hành: 12 tháng

CÔNG NĂNG NỔI BẬT
• Mặt bàn rộng rãi, đủ không gian đặt máy tính, tài liệu và vật dụng cá nhân
• Khung/chân bàn chắc chắn, chịu lực tốt, hạn chế rung lắc khi sử dụng
• Thiết kế tối giản, dễ phối hợp với nhiều phong cách nội thất khác nhau
• Dễ dàng lắp ráp và vệ sinh, bảo trì trong quá trình sử dụng lâu dài

PHÙ HỢP KHÔNG GIAN
• Phù hợp bố trí trong không gian nội thất văn phòng, mang lại sự tiện nghi và thẩm mỹ cho tổng thể không gian.",instock,1
HBXC039,Ban chuL 140x140cm go plywood chan xconcept 01,Nội thất văn phòng > Hệ Bàn > Hệ XConcept,13070000,,"/images/products/HBXC039-1.jpg, /images/products/HBXC039-2.jpg, /images/products/HBXC039-3.jpg, /images/products/HBXC039-4.jpg, /images/products/HBXC039-5.jpg","Bàn thiết kế chắc chắn, tối ưu không gian sử dụng.","Ban chuL 140x140cm go plywood chan xconcept 01 là lựa chọn lý tưởng cho không gian làm việc và sinh hoạt hiện đại, kết hợp giữa tính thẩm mỹ và công năng sử dụng thực tế.

THÔNG SỐ KỸ THUẬT
• Chất liệu: Chất liệu cao cấp, chọn lọc kỹ càng đảm bảo độ bền và tính thẩm mỹ
• Kích thước: 140x140cm
• Mã sản phẩm: HBXC039
• Bảo hành: 12 tháng

CÔNG NĂNG NỔI BẬT
• Mặt bàn rộng rãi, đủ không gian đặt máy tính, tài liệu và vật dụng cá nhân
• Khung/chân bàn chắc chắn, chịu lực tốt, hạn chế rung lắc khi sử dụng
• Thiết kế tối giản, dễ phối hợp với nhiều phong cách nội thất khác nhau
• Dễ dàng lắp ráp và vệ sinh, bảo trì trong quá trình sử dụng lâu dài

PHÙ HỢP KHÔNG GIAN
• Phù hợp bố trí trong không gian nội thất văn phòng, mang lại sự tiện nghi và thẩm mỹ cho tổng thể không gian.",instock,1
BSS001,Ke sach truong hoc 04 odiz iq,Trường Học > Tủ Kệ Trường Học > Tủ Kệ Sách Trường Học,12630000,,/images/products/BSS001-1.jpg,"Tủ lưu trữ tiện lợi, thiết kế gọn gàng.","Ke sach truong hoc 04 odiz iq giúp tối ưu không gian lưu trữ, sắp xếp đồ đạc gọn gàng, khoa học mà vẫn đảm bảo tính thẩm mỹ cho căn phòng.

THÔNG SỐ KỸ THUẬT
• Chất liệu: Chất liệu cao cấp, chọn lọc kỹ càng đảm bảo độ bền và tính thẩm mỹ
• Mã sản phẩm: BSS001
• Bảo hành: 12 tháng

CÔNG NĂNG NỔI BẬT
• Nhiều ngăn/kệ chia hợp lý, tối ưu diện tích lưu trữ
• Hệ thống bản lề, tay nắm chắc chắn, đóng mở êm ái
• Bề mặt hoàn thiện chống trầy xước, dễ lau chùi
• Thiết kế kín đáo, giúp không gian luôn gọn gàng ngăn nắp

PHÙ HỢP KHÔNG GIAN
• Phù hợp bố trí trong không gian trường học, mang lại sự tiện nghi và thẩm mỹ cho tổng thể không gian.",instock,1
HCKC025,Ban lam viec cum 2 go cao su chan sat lap rap (2),Phòng Làm Việc > Bàn Làm Việc,6830000,,"/images/products/HCKC025-1.png, /images/products/HCKC025-2.png","Bàn thiết kế chắc chắn, tối ưu không gian sử dụng.","Ban lam viec cum 2 go cao su chan sat lap rap (2) là lựa chọn lý tưởng cho không gian làm việc và sinh hoạt hiện đại, kết hợp giữa tính thẩm mỹ và công năng sử dụng thực tế.

THÔNG SỐ KỸ THUẬT
• Chất liệu: Chất liệu cao cấp, chọn lọc kỹ càng đảm bảo độ bền và tính thẩm mỹ
• Mã sản phẩm: HCKC025
• Bảo hành: 12 tháng

CÔNG NĂNG NỔI BẬT
• Mặt bàn rộng rãi, đủ không gian đặt máy tính, tài liệu và vật dụng cá nhân
• Khung/chân bàn chắc chắn, chịu lực tốt, hạn chế rung lắc khi sử dụng
• Thiết kế tối giản, dễ phối hợp với nhiều phong cách nội thất khác nhau
• Dễ dàng lắp ráp và vệ sinh, bảo trì trong quá trình sử dụng lâu dài

PHÙ HỢP KHÔNG GIAN
• Phù hợp bố trí trong không gian phòng làm việc, mang lại sự tiện nghi và thẩm mỹ cho tổng thể không gian.",instock,1
GXVP68002,Mat ben ghe xep van phong beema mau den 01,Nội thất văn phòng > Ghế Văn Phòng > Ghế Giám Đốc,4740000,,"/images/products/GXVP68002-1.jpg, /images/products/GXVP68002-2.jpg, /images/products/GXVP68002-3.jpg, /images/products/GXVP68002-4.jpg, /images/products/GXVP68002-5.jpg, /images/products/GXVP68002-6.jpg","Ghế công thái học, êm ái và bền bỉ.","Mat ben ghe xep van phong beema mau den 01 mang đến trải nghiệm ngồi thoải mái, hỗ trợ tư thế đúng chuẩn cho thời gian sử dụng dài mà không gây mỏi mệt.

THÔNG SỐ KỸ THUẬT
• Chất liệu: Chất liệu cao cấp, chọn lọc kỹ càng đảm bảo độ bền và tính thẩm mỹ
• Mã sản phẩm: GXVP68002
• Bảo hành: 12 tháng

CÔNG NĂNG NỔI BẬT
• Thiết kế công thái học, nâng đỡ tốt cho vùng lưng và cổ
• Khung ghế chắc chắn, chịu tải trọng tốt, đảm bảo an toàn khi sử dụng
• Đệm ngồi êm ái, thoáng khí, phù hợp ngồi làm việc/sinh hoạt trong thời gian dài
• Kiểu dáng hiện đại, dễ dàng kết hợp với nhiều không gian nội thất

PHÙ HỢP KHÔNG GIAN
• Phù hợp bố trí trong không gian nội thất văn phòng, mang lại sự tiện nghi và thẩm mỹ cho tổng thể không gian.",instock,1
HBWD016,Ban chu l go tram chan sat lap rap he wooden (2),Nội thất văn phòng > Hệ Bàn > Hệ Wooden,7100000,,"/images/products/HBWD016-1.png, /images/products/HBWD016-2.png","Bàn thiết kế chắc chắn, tối ưu không gian sử dụng.","Ban chu l go tram chan sat lap rap he wooden (2) là lựa chọn lý tưởng cho không gian làm việc và sinh hoạt hiện đại, kết hợp giữa tính thẩm mỹ và công năng sử dụng thực tế.

THÔNG SỐ KỸ THUẬT
• Chất liệu: Chất liệu cao cấp, chọn lọc kỹ càng đảm bảo độ bền và tính thẩm mỹ
• Mã sản phẩm: HBWD016
• Bảo hành: 12 tháng

CÔNG NĂNG NỔI BẬT
• Mặt bàn rộng rãi, đủ không gian đặt máy tính, tài liệu và vật dụng cá nhân
• Khung/chân bàn chắc chắn, chịu lực tốt, hạn chế rung lắc khi sử dụng
• Thiết kế tối giản, dễ phối hợp với nhiều phong cách nội thất khác nhau
• Dễ dàng lắp ráp và vệ sinh, bảo trì trong quá trình sử dụng lâu dài

PHÙ HỢP KHÔNG GIAN
• Phù hợp bố trí trong không gian nội thất văn phòng, mang lại sự tiện nghi và thẩm mỹ cho tổng thể không gian.",instock,1
HBTC002,Ban lam viec 120x60 trapeze concept (2),Phòng Làm Việc > Bàn Làm Việc,3020000,,/images/products/HBTC002-1.png,"Bàn thiết kế chắc chắn, tối ưu không gian sử dụng.","Ban lam viec 120x60 trapeze concept (2) là lựa chọn lý tưởng cho không gian làm việc và sinh hoạt hiện đại, kết hợp giữa tính thẩm mỹ và công năng sử dụng thực tế.

THÔNG SỐ KỸ THUẬT
• Chất liệu: Chất liệu cao cấp, chọn lọc kỹ càng đảm bảo độ bền và tính thẩm mỹ
• Mã sản phẩm: HBTC002
• Bảo hành: 12 tháng

CÔNG NĂNG NỔI BẬT
• Mặt bàn rộng rãi, đủ không gian đặt máy tính, tài liệu và vật dụng cá nhân
• Khung/chân bàn chắc chắn, chịu lực tốt, hạn chế rung lắc khi sử dụng
• Thiết kế tối giản, dễ phối hợp với nhiều phong cách nội thất khác nhau
• Dễ dàng lắp ráp và vệ sinh, bảo trì trong quá trình sử dụng lâu dài

PHÙ HỢP KHÔNG GIAN
• Phù hợp bố trí trong không gian phòng làm việc, mang lại sự tiện nghi và thẩm mỹ cho tổng thể không gian.",instock,1
TSH68045,Tu ho so 5 tang go cao su 03,Nội thất văn phòng > Kệ - Tủ Văn Phòng > Tủ Hồ Sơ Đứng,1960000,,"/images/products/TSH68045-1.jpg, /images/products/TSH68045-2.jpg, /images/products/TSH68045-3.jpg, /images/products/TSH68045-4.jpg, /images/products/TSH68045-5.jpg","Tủ lưu trữ tiện lợi, thiết kế gọn gàng.","Tu ho so 5 tang go cao su 03 giúp tối ưu không gian lưu trữ, sắp xếp đồ đạc gọn gàng, khoa học mà vẫn đảm bảo tính thẩm mỹ cho căn phòng.

THÔNG SỐ KỸ THUẬT
• Chất liệu: Chất liệu cao cấp, chọn lọc kỹ càng đảm bảo độ bền và tính thẩm mỹ
• Mã sản phẩm: TSH68045
• Bảo hành: 12 tháng

CÔNG NĂNG NỔI BẬT
• Nhiều ngăn/kệ chia hợp lý, tối ưu diện tích lưu trữ
• Hệ thống bản lề, tay nắm chắc chắn, đóng mở êm ái
• Bề mặt hoàn thiện chống trầy xước, dễ lau chùi
• Thiết kế kín đáo, giúp không gian luôn gọn gàng ngăn nắp

PHÙ HỢP KHÔNG GIAN
• Phù hợp bố trí trong không gian nội thất văn phòng, mang lại sự tiện nghi và thẩm mỹ cho tổng thể không gian.",instock,1
HBTA013,Ban cum 6 cho ngoi 120x360cm he trian chan sat tam giac (2),Nội thất văn phòng > Hệ Bàn > Hệ Trian,9490000,,/images/products/HBTA013-1.png,"Bàn thiết kế chắc chắn, tối ưu không gian sử dụng.","Ban cum 6 cho ngoi 120x360cm he trian chan sat tam giac (2) là lựa chọn lý tưởng cho không gian làm việc và sinh hoạt hiện đại, kết hợp giữa tính thẩm mỹ và công năng sử dụng thực tế.

THÔNG SỐ KỸ THUẬT
• Chất liệu: Chất liệu cao cấp, chọn lọc kỹ càng đảm bảo độ bền và tính thẩm mỹ
• Kích thước: 120x360cm
• Mã sản phẩm: HBTA013
• Bảo hành: 12 tháng

CÔNG NĂNG NỔI BẬT
• Mặt bàn rộng rãi, đủ không gian đặt máy tính, tài liệu và vật dụng cá nhân
• Khung/chân bàn chắc chắn, chịu lực tốt, hạn chế rung lắc khi sử dụng
• Thiết kế tối giản, dễ phối hợp với nhiều phong cách nội thất khác nhau
• Dễ dàng lắp ráp và vệ sinh, bảo trì trong quá trình sử dụng lâu dài

PHÙ HỢP KHÔNG GIAN
• Phù hợp bố trí trong không gian nội thất văn phòng, mang lại sự tiện nghi và thẩm mỹ cho tổng thể không gian.",instock,1
HBWD038,Ban lam viec kich thuoc lon go tram (2),Phòng Làm Việc > Bàn Làm Việc,12220000,,/images/products/HBWD038-1.png,"Bàn thiết kế chắc chắn, tối ưu không gian sử dụng.","Ban lam viec kich thuoc lon go tram (2) là lựa chọn lý tưởng cho không gian làm việc và sinh hoạt hiện đại, kết hợp giữa tính thẩm mỹ và công năng sử dụng thực tế.

THÔNG SỐ KỸ THUẬT
• Chất liệu: Chất liệu cao cấp, chọn lọc kỹ càng đảm bảo độ bền và tính thẩm mỹ
• Mã sản phẩm: HBWD038
• Bảo hành: 12 tháng

CÔNG NĂNG NỔI BẬT
• Mặt bàn rộng rãi, đủ không gian đặt máy tính, tài liệu và vật dụng cá nhân
• Khung/chân bàn chắc chắn, chịu lực tốt, hạn chế rung lắc khi sử dụng
• Thiết kế tối giản, dễ phối hợp với nhiều phong cách nội thất khác nhau
• Dễ dàng lắp ráp và vệ sinh, bảo trì trong quá trình sử dụng lâu dài

PHÙ HỢP KHÔNG GIAN
• Phù hợp bố trí trong không gian phòng làm việc, mang lại sự tiện nghi và thẩm mỹ cho tổng thể không gian.",instock,1
HBTC027,Ban lam viec go plwood phu melamin chan sat trapeze (2),Phụ Kiện > Phụ Kiện Bàn Làm Việc,1430000,,/images/products/HBTC027-1.png,"Phụ kiện tiện dụng, hỗ trợ không gian làm việc gọn gàng.","Ban lam viec go plwood phu melamin chan sat trapeze (2) là phụ kiện hỗ trợ đắc lực, giúp không gian làm việc/sinh hoạt gọn gàng và tiện dụng hơn.

THÔNG SỐ KỸ THUẬT
• Chất liệu: Chất liệu cao cấp, chọn lọc kỹ càng đảm bảo độ bền và tính thẩm mỹ
• Mã sản phẩm: HBTC027
• Bảo hành: 12 tháng

CÔNG NĂNG NỔI BẬT
• Thiết kế nhỏ gọn, dễ dàng lắp đặt vào hệ bàn/ghế hiện có
• Chất liệu bền bỉ, chịu lực và chịu nhiệt tốt trong quá trình sử dụng
• Giúp không gian làm việc gọn gàng, khoa học hơn
• Tương thích với nhiều mẫu bàn/ghế khác nhau

PHÙ HỢP KHÔNG GIAN
• Phù hợp sử dụng kèm nhiều mẫu bàn/ghế văn phòng, gia đình khác nhau, mang lại sự tiện nghi và thẩm mỹ cho tổng thể không gian.",instock,1
GCF107,Ghe gap nhua trong 04,Nội thất văn phòng > Ghế Văn Phòng > Ghế Giám Đốc,1740000,,/images/products/GCF107-1.jpg,"Ghế công thái học, êm ái và bền bỉ.","Ghe gap nhua trong 04 mang đến trải nghiệm ngồi thoải mái, hỗ trợ tư thế đúng chuẩn cho thời gian sử dụng dài mà không gây mỏi mệt.

THÔNG SỐ KỸ THUẬT
• Chất liệu: Chất liệu cao cấp, chọn lọc kỹ càng đảm bảo độ bền và tính thẩm mỹ
• Mã sản phẩm: GCF107
• Bảo hành: 12 tháng

CÔNG NĂNG NỔI BẬT
• Thiết kế công thái học, nâng đỡ tốt cho vùng lưng và cổ
• Khung ghế chắc chắn, chịu tải trọng tốt, đảm bảo an toàn khi sử dụng
• Đệm ngồi êm ái, thoáng khí, phù hợp ngồi làm việc/sinh hoạt trong thời gian dài
• Kiểu dáng hiện đại, dễ dàng kết hợp với nhiều không gian nội thất

PHÙ HỢP KHÔNG GIAN
• Phù hợp bố trí trong không gian nội thất văn phòng, mang lại sự tiện nghi và thẩm mỹ cho tổng thể không gian.",instock,1
HBRT013,Ban cum 6 nguoi 120x360cm he rectang chan sat lap rap (2),Nội thất văn phòng > Bàn Văn Phòng > Cụm bàn 2 người,3030000,,/images/products/HBRT013-1.png,"Bàn thiết kế chắc chắn, tối ưu không gian sử dụng.","Ban cum 6 nguoi 120x360cm he rectang chan sat lap rap (2) là lựa chọn lý tưởng cho không gian làm việc và sinh hoạt hiện đại, kết hợp giữa tính thẩm mỹ và công năng sử dụng thực tế.

THÔNG SỐ KỸ THUẬT
• Chất liệu: Chất liệu cao cấp, chọn lọc kỹ càng đảm bảo độ bền và tính thẩm mỹ
• Kích thước: 120x360cm
• Mã sản phẩm: HBRT013
• Bảo hành: 12 tháng

CÔNG NĂNG NỔI BẬT
• Mặt bàn rộng rãi, đủ không gian đặt máy tính, tài liệu và vật dụng cá nhân
• Khung/chân bàn chắc chắn, chịu lực tốt, hạn chế rung lắc khi sử dụng
• Thiết kế tối giản, dễ phối hợp với nhiều phong cách nội thất khác nhau
• Dễ dàng lắp ráp và vệ sinh, bảo trì trong quá trình sử dụng lâu dài

PHÙ HỢP KHÔNG GIAN
• Phù hợp bố trí trong không gian nội thất văn phòng, mang lại sự tiện nghi và thẩm mỹ cho tổng thể không gian.",instock,1
KCPU68008,Ke de cpu 07,Nội thất văn phòng > Phụ Kiện Bàn > Kệ Để CPU,1380000,,"/images/products/KCPU68008-1.jpg, /images/products/KCPU68008-2.jpg, /images/products/KCPU68008-3.jpg, /images/products/KCPU68008-4.jpg, /images/products/KCPU68008-5.jpg, /images/products/KCPU68008-6.jpg","Phụ kiện tiện dụng, hỗ trợ không gian làm việc gọn gàng.","Ke de cpu 07 là phụ kiện hỗ trợ đắc lực, giúp không gian làm việc/sinh hoạt gọn gàng và tiện dụng hơn.

THÔNG SỐ KỸ THUẬT
• Chất liệu: Chất liệu cao cấp, chọn lọc kỹ càng đảm bảo độ bền và tính thẩm mỹ
• Mã sản phẩm: KCPU68008
• Bảo hành: 12 tháng

CÔNG NĂNG NỔI BẬT
• Thiết kế nhỏ gọn, dễ dàng lắp đặt vào hệ bàn/ghế hiện có
• Chất liệu bền bỉ, chịu lực và chịu nhiệt tốt trong quá trình sử dụng
• Giúp không gian làm việc gọn gàng, khoa học hơn
• Tương thích với nhiều mẫu bàn/ghế khác nhau

PHÙ HỢP KHÔNG GIAN
• Phù hợp bố trí trong không gian nội thất văn phòng, mang lại sự tiện nghi và thẩm mỹ cho tổng thể không gian.",instock,1
BD68093,Ban go chan ke 04,Nội thất văn phòng > Phụ Kiện Bàn > Kệ Để CPU,700000,,/images/products/BD68093-1.jpg,"Phụ kiện tiện dụng, hỗ trợ không gian làm việc gọn gàng.","Ban go chan ke 04 là phụ kiện hỗ trợ đắc lực, giúp không gian làm việc/sinh hoạt gọn gàng và tiện dụng hơn.

THÔNG SỐ KỸ THUẬT
• Chất liệu: Chất liệu cao cấp, chọn lọc kỹ càng đảm bảo độ bền và tính thẩm mỹ
• Mã sản phẩm: BD68093
• Bảo hành: 12 tháng

CÔNG NĂNG NỔI BẬT
• Thiết kế nhỏ gọn, dễ dàng lắp đặt vào hệ bàn/ghế hiện có
• Chất liệu bền bỉ, chịu lực và chịu nhiệt tốt trong quá trình sử dụng
• Giúp không gian làm việc gọn gàng, khoa học hơn
• Tương thích với nhiều mẫu bàn/ghế khác nhau

PHÙ HỢP KHÔNG GIAN
• Phù hợp bố trí trong không gian nội thất văn phòng, mang lại sự tiện nghi và thẩm mỹ cho tổng thể không gian.",instock,1
HBMN035,Ban lam viec 120x60cm go tram chan sat chu x he minimal (2),Nội thất văn phòng > Hệ Bàn > Hệ Minimal,10290000,,/images/products/HBMN035-1.png,"Bàn thiết kế chắc chắn, tối ưu không gian sử dụng.","Ban lam viec 120x60cm go tram chan sat chu x he minimal (2) là lựa chọn lý tưởng cho không gian làm việc và sinh hoạt hiện đại, kết hợp giữa tính thẩm mỹ và công năng sử dụng thực tế.

THÔNG SỐ KỸ THUẬT
• Chất liệu: Chất liệu cao cấp, chọn lọc kỹ càng đảm bảo độ bền và tính thẩm mỹ
• Kích thước: 120x60cm
• Mã sản phẩm: HBMN035
• Bảo hành: 12 tháng

CÔNG NĂNG NỔI BẬT
• Mặt bàn rộng rãi, đủ không gian đặt máy tính, tài liệu và vật dụng cá nhân
• Khung/chân bàn chắc chắn, chịu lực tốt, hạn chế rung lắc khi sử dụng
• Thiết kế tối giản, dễ phối hợp với nhiều phong cách nội thất khác nhau
• Dễ dàng lắp ráp và vệ sinh, bảo trì trong quá trình sử dụng lâu dài

PHÙ HỢP KHÔNG GIAN
• Phù hợp bố trí trong không gian nội thất văn phòng, mang lại sự tiện nghi và thẩm mỹ cho tổng thể không gian.",instock,1
HBOV040,Ban gocL 140x140cm go plywood chan oval 02,Nội thất văn phòng > Hệ Bàn > Hệ Oval,6250000,,"/images/products/HBOV040-1.jpg, /images/products/HBOV040-2.jpg, /images/products/HBOV040-3.jpg, /images/products/HBOV040-4.jpg, /images/products/HBOV040-5.jpg, /images/products/HBOV040-6.jpg","Bàn thiết kế chắc chắn, tối ưu không gian sử dụng.","Ban gocL 140x140cm go plywood chan oval 02 là lựa chọn lý tưởng cho không gian làm việc và sinh hoạt hiện đại, kết hợp giữa tính thẩm mỹ và công năng sử dụng thực tế.

THÔNG SỐ KỸ THUẬT
• Chất liệu: Chất liệu cao cấp, chọn lọc kỹ càng đảm bảo độ bền và tính thẩm mỹ
• Kích thước: 140x140cm
• Mã sản phẩm: HBOV040
• Bảo hành: 12 tháng

CÔNG NĂNG NỔI BẬT
• Mặt bàn rộng rãi, đủ không gian đặt máy tính, tài liệu và vật dụng cá nhân
• Khung/chân bàn chắc chắn, chịu lực tốt, hạn chế rung lắc khi sử dụng
• Thiết kế tối giản, dễ phối hợp với nhiều phong cách nội thất khác nhau
• Dễ dàng lắp ráp và vệ sinh, bảo trì trong quá trình sử dụng lâu dài

PHÙ HỢP KHÔNG GIAN
• Phù hợp bố trí trong không gian nội thất văn phòng, mang lại sự tiện nghi và thẩm mỹ cho tổng thể không gian.",instock,1
HBON010,Ban lam viec go plywood chan ong nuoc chu x (3) iyvp wo,Phòng Làm Việc > Bàn Làm Việc,4020000,,"/images/products/HBON010-1.jpg, /images/products/HBON010-2.png, /images/products/HBON010-3.png, /images/products/HBON010-4.jpg, /images/products/HBON010-5.jpg, /images/products/HBON010-6.jpg","Bàn thiết kế chắc chắn, tối ưu không gian sử dụng.","Ban lam viec go plywood chan ong nuoc chu x (3) iyvp wo là lựa chọn lý tưởng cho không gian làm việc và sinh hoạt hiện đại, kết hợp giữa tính thẩm mỹ và công năng sử dụng thực tế.

THÔNG SỐ KỸ THUẬT
• Chất liệu: Chất liệu cao cấp, chọn lọc kỹ càng đảm bảo độ bền và tính thẩm mỹ
• Mã sản phẩm: HBON010
• Bảo hành: 12 tháng

CÔNG NĂNG NỔI BẬT
• Mặt bàn rộng rãi, đủ không gian đặt máy tính, tài liệu và vật dụng cá nhân
• Khung/chân bàn chắc chắn, chịu lực tốt, hạn chế rung lắc khi sử dụng
• Thiết kế tối giản, dễ phối hợp với nhiều phong cách nội thất khác nhau
• Dễ dàng lắp ráp và vệ sinh, bảo trì trong quá trình sử dụng lâu dài

PHÙ HỢP KHÔNG GIAN
• Phù hợp bố trí trong không gian phòng làm việc, mang lại sự tiện nghi và thẩm mỹ cho tổng thể không gian.",instock,1
HBPL006,Ban lam viec go plywood chan sat lap rap he ply (2),Nội thất văn phòng > Hệ Bàn > Hệ PLY,7660000,,/images/products/HBPL006-1.png,"Bàn thiết kế chắc chắn, tối ưu không gian sử dụng.","Ban lam viec go plywood chan sat lap rap he ply (2) là lựa chọn lý tưởng cho không gian làm việc và sinh hoạt hiện đại, kết hợp giữa tính thẩm mỹ và công năng sử dụng thực tế.

THÔNG SỐ KỸ THUẬT
• Chất liệu: Chất liệu cao cấp, chọn lọc kỹ càng đảm bảo độ bền và tính thẩm mỹ
• Mã sản phẩm: HBPL006
• Bảo hành: 12 tháng

CÔNG NĂNG NỔI BẬT
• Mặt bàn rộng rãi, đủ không gian đặt máy tính, tài liệu và vật dụng cá nhân
• Khung/chân bàn chắc chắn, chịu lực tốt, hạn chế rung lắc khi sử dụng
• Thiết kế tối giản, dễ phối hợp với nhiều phong cách nội thất khác nhau
• Dễ dàng lắp ráp và vệ sinh, bảo trì trong quá trình sử dụng lâu dài

PHÙ HỢP KHÔNG GIAN
• Phù hợp bố trí trong không gian nội thất văn phòng, mang lại sự tiện nghi và thẩm mỹ cho tổng thể không gian.",instock,1
HBVC004,Ban lam viec 120x70 vconcept chan sat lap rap (3) o1s2 i5,Phòng Làm Việc > Bàn Làm Việc,2950000,,"/images/products/HBVC004-1.png, /images/products/HBVC004-2.png, /images/products/HBVC004-3.png","Bàn thiết kế chắc chắn, tối ưu không gian sử dụng.","Ban lam viec 120x70 vconcept chan sat lap rap (3) o1s2 i5 là lựa chọn lý tưởng cho không gian làm việc và sinh hoạt hiện đại, kết hợp giữa tính thẩm mỹ và công năng sử dụng thực tế.

THÔNG SỐ KỸ THUẬT
• Chất liệu: Chất liệu cao cấp, chọn lọc kỹ càng đảm bảo độ bền và tính thẩm mỹ
• Mã sản phẩm: HBVC004
• Bảo hành: 12 tháng

CÔNG NĂNG NỔI BẬT
• Mặt bàn rộng rãi, đủ không gian đặt máy tính, tài liệu và vật dụng cá nhân
• Khung/chân bàn chắc chắn, chịu lực tốt, hạn chế rung lắc khi sử dụng
• Thiết kế tối giản, dễ phối hợp với nhiều phong cách nội thất khác nhau
• Dễ dàng lắp ráp và vệ sinh, bảo trì trong quá trình sử dụng lâu dài

PHÙ HỢP KHÔNG GIAN
• Phù hợp bố trí trong không gian phòng làm việc, mang lại sự tiện nghi và thẩm mỹ cho tổng thể không gian.",instock,1
HBUC049,Ban lam viec chu l go plywood be tong chan sat uconcept (14),Phòng Làm Việc > Bàn Làm Việc,5900000,,"/images/products/HBUC049-1.jpg, /images/products/HBUC049-2.jpg, /images/products/HBUC049-3.jpg, /images/products/HBUC049-4.jpg, /images/products/HBUC049-5.png, /images/products/HBUC049-6.jpg","Bàn thiết kế chắc chắn, tối ưu không gian sử dụng.","Ban lam viec chu l go plywood be tong chan sat uconcept (14) là lựa chọn lý tưởng cho không gian làm việc và sinh hoạt hiện đại, kết hợp giữa tính thẩm mỹ và công năng sử dụng thực tế.

THÔNG SỐ KỸ THUẬT
• Chất liệu: Chất liệu cao cấp, chọn lọc kỹ càng đảm bảo độ bền và tính thẩm mỹ
• Mã sản phẩm: HBUC049
• Bảo hành: 12 tháng

CÔNG NĂNG NỔI BẬT
• Mặt bàn rộng rãi, đủ không gian đặt máy tính, tài liệu và vật dụng cá nhân
• Khung/chân bàn chắc chắn, chịu lực tốt, hạn chế rung lắc khi sử dụng
• Thiết kế tối giản, dễ phối hợp với nhiều phong cách nội thất khác nhau
• Dễ dàng lắp ráp và vệ sinh, bảo trì trong quá trình sử dụng lâu dài

PHÙ HỢP KHÔNG GIAN
• Phù hợp bố trí trong không gian phòng làm việc, mang lại sự tiện nghi và thẩm mỹ cho tổng thể không gian.",instock,1
HBMC035,Ban lam viec 140x70cm go tram chan sat lap he mconcept (2),Nội thất văn phòng > Hệ Bàn > Hệ MConcept,8000000,,/images/products/HBMC035-1.png,"Bàn thiết kế chắc chắn, tối ưu không gian sử dụng.","Ban lam viec 140x70cm go tram chan sat lap he mconcept (2) là lựa chọn lý tưởng cho không gian làm việc và sinh hoạt hiện đại, kết hợp giữa tính thẩm mỹ và công năng sử dụng thực tế.

THÔNG SỐ KỸ THUẬT
• Chất liệu: Chất liệu cao cấp, chọn lọc kỹ càng đảm bảo độ bền và tính thẩm mỹ
• Kích thước: 140x70cm
• Mã sản phẩm: HBMC035
• Bảo hành: 12 tháng

CÔNG NĂNG NỔI BẬT
• Mặt bàn rộng rãi, đủ không gian đặt máy tính, tài liệu và vật dụng cá nhân
• Khung/chân bàn chắc chắn, chịu lực tốt, hạn chế rung lắc khi sử dụng
• Thiết kế tối giản, dễ phối hợp với nhiều phong cách nội thất khác nhau
• Dễ dàng lắp ráp và vệ sinh, bảo trì trong quá trình sử dụng lâu dài

PHÙ HỢP KHÔNG GIAN
• Phù hợp bố trí trong không gian nội thất văn phòng, mang lại sự tiện nghi và thẩm mỹ cho tổng thể không gian.",instock,1
KMG68010,Ke may giat 01,Phòng Tắm > Kệ Máy Giặt,6580000,,/images/products/KMG68010-1.jpg,"Kệ đa năng, tối ưu không gian trưng bày và lưu trữ.","Ke may giat 01 là giải pháp lưu trữ và trang trí linh hoạt, giúp không gian sống trở nên ngăn nắp và cuốn hút hơn.

THÔNG SỐ KỸ THUẬT
• Chất liệu: Chất liệu cao cấp, chọn lọc kỹ càng đảm bảo độ bền và tính thẩm mỹ
• Mã sản phẩm: KMG68010
• Bảo hành: 12 tháng

CÔNG NĂNG NỔI BẬT
• Kết cấu vững chắc, chịu tải trọng tốt cho nhiều loại đồ vật
• Thiết kế nhiều tầng linh hoạt, tối ưu không gian lưu trữ và trưng bày
• Kiểu dáng hiện đại, vừa lưu trữ vừa trang trí cho không gian
• Dễ dàng lắp đặt, di chuyển và vệ sinh

PHÙ HỢP KHÔNG GIAN
• Phù hợp bố trí trong không gian phòng tắm, mang lại sự tiện nghi và thẩm mỹ cho tổng thể không gian.",instock,1
KTB68082,Ke trang tri 5 tang 03,Trường Học > Tủ Kệ Trường Học > Kệ Trang Trí,4450000,,/images/products/KTB68082-1.jpg,"Kệ đa năng, tối ưu không gian trưng bày và lưu trữ.","Ke trang tri 5 tang 03 là giải pháp lưu trữ và trang trí linh hoạt, giúp không gian sống trở nên ngăn nắp và cuốn hút hơn.

THÔNG SỐ KỸ THUẬT
• Chất liệu: Chất liệu cao cấp, chọn lọc kỹ càng đảm bảo độ bền và tính thẩm mỹ
• Mã sản phẩm: KTB68082
• Bảo hành: 12 tháng

CÔNG NĂNG NỔI BẬT
• Kết cấu vững chắc, chịu tải trọng tốt cho nhiều loại đồ vật
• Thiết kế nhiều tầng linh hoạt, tối ưu không gian lưu trữ và trưng bày
• Kiểu dáng hiện đại, vừa lưu trữ vừa trang trí cho không gian
• Dễ dàng lắp đặt, di chuyển và vệ sinh

PHÙ HỢP KHÔNG GIAN
• Phù hợp bố trí trong không gian trường học, mang lại sự tiện nghi và thẩm mỹ cho tổng thể không gian.",instock,1
HBUC044,Ban lam viec 160x80cm plywood be tong he uconcept 02,Nội thất văn phòng > Hệ Bàn > Hệ UConcept,9150000,,/images/products/HBUC044-1.jpg,"Bàn thiết kế chắc chắn, tối ưu không gian sử dụng.","Ban lam viec 160x80cm plywood be tong he uconcept 02 là lựa chọn lý tưởng cho không gian làm việc và sinh hoạt hiện đại, kết hợp giữa tính thẩm mỹ và công năng sử dụng thực tế.

THÔNG SỐ KỸ THUẬT
• Chất liệu: Chất liệu cao cấp, chọn lọc kỹ càng đảm bảo độ bền và tính thẩm mỹ
• Kích thước: 160x80cm
• Mã sản phẩm: HBUC044
• Bảo hành: 12 tháng

CÔNG NĂNG NỔI BẬT
• Mặt bàn rộng rãi, đủ không gian đặt máy tính, tài liệu và vật dụng cá nhân
• Khung/chân bàn chắc chắn, chịu lực tốt, hạn chế rung lắc khi sử dụng
• Thiết kế tối giản, dễ phối hợp với nhiều phong cách nội thất khác nhau
• Dễ dàng lắp ráp và vệ sinh, bảo trì trong quá trình sử dụng lâu dài

PHÙ HỢP KHÔNG GIAN
• Phù hợp bố trí trong không gian nội thất văn phòng, mang lại sự tiện nghi và thẩm mỹ cho tổng thể không gian.",instock,1
HBKC021,Ban giam doc chan tu r02,Nội thất văn phòng > Bàn Văn Phòng > Bàn Giám Đốc,10910000,,"/images/products/HBKC021-1.jpg, /images/products/HBKC021-2.jpg","Bàn thiết kế chắc chắn, tối ưu không gian sử dụng.","Ban giam doc chan tu r02 là lựa chọn lý tưởng cho không gian làm việc và sinh hoạt hiện đại, kết hợp giữa tính thẩm mỹ và công năng sử dụng thực tế.

THÔNG SỐ KỸ THUẬT
• Chất liệu: Chất liệu cao cấp, chọn lọc kỹ càng đảm bảo độ bền và tính thẩm mỹ
• Mã sản phẩm: HBKC021
• Bảo hành: 12 tháng

CÔNG NĂNG NỔI BẬT
• Mặt bàn rộng rãi, đủ không gian đặt máy tính, tài liệu và vật dụng cá nhân
• Khung/chân bàn chắc chắn, chịu lực tốt, hạn chế rung lắc khi sử dụng
• Thiết kế tối giản, dễ phối hợp với nhiều phong cách nội thất khác nhau
• Dễ dàng lắp ráp và vệ sinh, bảo trì trong quá trình sử dụng lâu dài

PHÙ HỢP KHÔNG GIAN
• Phù hợp bố trí trong không gian nội thất văn phòng, mang lại sự tiện nghi và thẩm mỹ cho tổng thể không gian.",instock,1
HBAT002,Ban lam viec 120x60 aton concept chan sat lap rap (2),Phòng Làm Việc > Bàn Làm Việc,13600000,,"/images/products/HBAT002-1.png, /images/products/HBAT002-2.png","Bàn thiết kế chắc chắn, tối ưu không gian sử dụng.","Ban lam viec 120x60 aton concept chan sat lap rap (2) là lựa chọn lý tưởng cho không gian làm việc và sinh hoạt hiện đại, kết hợp giữa tính thẩm mỹ và công năng sử dụng thực tế.

THÔNG SỐ KỸ THUẬT
• Chất liệu: Chất liệu cao cấp, chọn lọc kỹ càng đảm bảo độ bền và tính thẩm mỹ
• Mã sản phẩm: HBAT002
• Bảo hành: 12 tháng

CÔNG NĂNG NỔI BẬT
• Mặt bàn rộng rãi, đủ không gian đặt máy tính, tài liệu và vật dụng cá nhân
• Khung/chân bàn chắc chắn, chịu lực tốt, hạn chế rung lắc khi sử dụng
• Thiết kế tối giản, dễ phối hợp với nhiều phong cách nội thất khác nhau
• Dễ dàng lắp ráp và vệ sinh, bảo trì trong quá trình sử dụng lâu dài

PHÙ HỢP KHÔNG GIAN
• Phù hợp bố trí trong không gian phòng làm việc, mang lại sự tiện nghi và thẩm mỹ cho tổng thể không gian.",instock,1
HBTA016,Ban giam doc chu l he trian chan sat tam giac (2),Nội thất văn phòng > Bàn Văn Phòng > Bàn Giám Đốc,6880000,,/images/products/HBTA016-1.png,"Bàn thiết kế chắc chắn, tối ưu không gian sử dụng.","Ban giam doc chu l he trian chan sat tam giac (2) là lựa chọn lý tưởng cho không gian làm việc và sinh hoạt hiện đại, kết hợp giữa tính thẩm mỹ và công năng sử dụng thực tế.

THÔNG SỐ KỸ THUẬT
• Chất liệu: Chất liệu cao cấp, chọn lọc kỹ càng đảm bảo độ bền và tính thẩm mỹ
• Mã sản phẩm: HBTA016
• Bảo hành: 12 tháng

CÔNG NĂNG NỔI BẬT
• Mặt bàn rộng rãi, đủ không gian đặt máy tính, tài liệu và vật dụng cá nhân
• Khung/chân bàn chắc chắn, chịu lực tốt, hạn chế rung lắc khi sử dụng
• Thiết kế tối giản, dễ phối hợp với nhiều phong cách nội thất khác nhau
• Dễ dàng lắp ráp và vệ sinh, bảo trì trong quá trình sử dụng lâu dài

PHÙ HỢP KHÔNG GIAN
• Phù hợp bố trí trong không gian nội thất văn phòng, mang lại sự tiện nghi và thẩm mỹ cho tổng thể không gian.",instock,1
HBKC041,Ban hop 160x80cm go plywood van soi chan sat kconcept 01,Nội thất văn phòng > Hệ Bàn > Hệ KConcept,12060000,,"/images/products/HBKC041-1.jpg, /images/products/HBKC041-2.jpg, /images/products/HBKC041-3.jpg, /images/products/HBKC041-4.png, /images/products/HBKC041-5.jpg, /images/products/HBKC041-6.jpg","Bàn thiết kế chắc chắn, tối ưu không gian sử dụng.","Ban hop 160x80cm go plywood van soi chan sat kconcept 01 là lựa chọn lý tưởng cho không gian làm việc và sinh hoạt hiện đại, kết hợp giữa tính thẩm mỹ và công năng sử dụng thực tế.

THÔNG SỐ KỸ THUẬT
• Chất liệu: Chất liệu cao cấp, chọn lọc kỹ càng đảm bảo độ bền và tính thẩm mỹ
• Kích thước: 160x80cm
• Mã sản phẩm: HBKC041
• Bảo hành: 12 tháng

CÔNG NĂNG NỔI BẬT
• Mặt bàn rộng rãi, đủ không gian đặt máy tính, tài liệu và vật dụng cá nhân
• Khung/chân bàn chắc chắn, chịu lực tốt, hạn chế rung lắc khi sử dụng
• Thiết kế tối giản, dễ phối hợp với nhiều phong cách nội thất khác nhau
• Dễ dàng lắp ráp và vệ sinh, bảo trì trong quá trình sử dụng lâu dài

PHÙ HỢP KHÔNG GIAN
• Phù hợp bố trí trong không gian nội thất văn phòng, mang lại sự tiện nghi và thẩm mỹ cho tổng thể không gian.",instock,1
HBTC048,Ban lam viec 120x60cm go tram chan sat lap rap he trapeze (2),Nội thất văn phòng > Hệ Bàn > Hệ Trapeze,12770000,,/images/products/HBTC048-1.png,"Bàn thiết kế chắc chắn, tối ưu không gian sử dụng.","Ban lam viec 120x60cm go tram chan sat lap rap he trapeze (2) là lựa chọn lý tưởng cho không gian làm việc và sinh hoạt hiện đại, kết hợp giữa tính thẩm mỹ và công năng sử dụng thực tế.

THÔNG SỐ KỸ THUẬT
• Chất liệu: Chất liệu cao cấp, chọn lọc kỹ càng đảm bảo độ bền và tính thẩm mỹ
• Kích thước: 120x60cm
• Mã sản phẩm: HBTC048
• Bảo hành: 12 tháng

CÔNG NĂNG NỔI BẬT
• Mặt bàn rộng rãi, đủ không gian đặt máy tính, tài liệu và vật dụng cá nhân
• Khung/chân bàn chắc chắn, chịu lực tốt, hạn chế rung lắc khi sử dụng
• Thiết kế tối giản, dễ phối hợp với nhiều phong cách nội thất khác nhau
• Dễ dàng lắp ráp và vệ sinh, bảo trì trong quá trình sử dụng lâu dài

PHÙ HỢP KHÔNG GIAN
• Phù hợp bố trí trong không gian nội thất văn phòng, mang lại sự tiện nghi và thẩm mỹ cho tổng thể không gian.",instock,1
HBVC002,B├án l├ám viß╗çc 120x60 VConcept ch├ón sß║»t lß║»p r├íp,Phòng Làm Việc > Bàn Làm Việc,10670000,,"/images/products/HBVC002-1.png, /images/products/HBVC002-2.png","Bàn thiết kế chắc chắn, tối ưu không gian sử dụng.","B├án l├ám viß╗çc 120x60 VConcept ch├ón sß║»t lß║»p r├íp là lựa chọn lý tưởng cho không gian làm việc và sinh hoạt hiện đại, kết hợp giữa tính thẩm mỹ và công năng sử dụng thực tế.

THÔNG SỐ KỸ THUẬT
• Chất liệu: Chất liệu cao cấp, chọn lọc kỹ càng đảm bảo độ bền và tính thẩm mỹ
• Mã sản phẩm: HBVC002
• Bảo hành: 12 tháng

CÔNG NĂNG NỔI BẬT
• Mặt bàn rộng rãi, đủ không gian đặt máy tính, tài liệu và vật dụng cá nhân
• Khung/chân bàn chắc chắn, chịu lực tốt, hạn chế rung lắc khi sử dụng
• Thiết kế tối giản, dễ phối hợp với nhiều phong cách nội thất khác nhau
• Dễ dàng lắp ráp và vệ sinh, bảo trì trong quá trình sử dụng lâu dài

PHÙ HỢP KHÔNG GIAN
• Phù hợp bố trí trong không gian phòng làm việc, mang lại sự tiện nghi và thẩm mỹ cho tổng thể không gian.",instock,1
HBTA022,Ban giam doc 180x160cm he trian chan sat tam giac (2),Nội thất văn phòng > Bàn Văn Phòng > Bàn Giám Đốc,1930000,,/images/products/HBTA022-1.png,"Bàn thiết kế chắc chắn, tối ưu không gian sử dụng.","Ban giam doc 180x160cm he trian chan sat tam giac (2) là lựa chọn lý tưởng cho không gian làm việc và sinh hoạt hiện đại, kết hợp giữa tính thẩm mỹ và công năng sử dụng thực tế.

THÔNG SỐ KỸ THUẬT
• Chất liệu: Chất liệu cao cấp, chọn lọc kỹ càng đảm bảo độ bền và tính thẩm mỹ
• Kích thước: 180x160cm
• Mã sản phẩm: HBTA022
• Bảo hành: 12 tháng

CÔNG NĂNG NỔI BẬT
• Mặt bàn rộng rãi, đủ không gian đặt máy tính, tài liệu và vật dụng cá nhân
• Khung/chân bàn chắc chắn, chịu lực tốt, hạn chế rung lắc khi sử dụng
• Thiết kế tối giản, dễ phối hợp với nhiều phong cách nội thất khác nhau
• Dễ dàng lắp ráp và vệ sinh, bảo trì trong quá trình sử dụng lâu dài

PHÙ HỢP KHÔNG GIAN
• Phù hợp bố trí trong không gian nội thất văn phòng, mang lại sự tiện nghi và thẩm mỹ cho tổng thể không gian.",instock,1
HBT006,Ban giam doc trapezii 80x140cm 2,Nội thất văn phòng > Bàn Văn Phòng > Bàn Giám Đốc,13000000,,"/images/products/HBT006-1.jpg, /images/products/HBT006-2.jpg","Bàn thiết kế chắc chắn, tối ưu không gian sử dụng.","Ban giam doc trapezii 80x140cm 2 là lựa chọn lý tưởng cho không gian làm việc và sinh hoạt hiện đại, kết hợp giữa tính thẩm mỹ và công năng sử dụng thực tế.

THÔNG SỐ KỸ THUẬT
• Chất liệu: Chất liệu cao cấp, chọn lọc kỹ càng đảm bảo độ bền và tính thẩm mỹ
• Kích thước: 80x140cm
• Mã sản phẩm: HBT006
• Bảo hành: 12 tháng

CÔNG NĂNG NỔI BẬT
• Mặt bàn rộng rãi, đủ không gian đặt máy tính, tài liệu và vật dụng cá nhân
• Khung/chân bàn chắc chắn, chịu lực tốt, hạn chế rung lắc khi sử dụng
• Thiết kế tối giản, dễ phối hợp với nhiều phong cách nội thất khác nhau
• Dễ dàng lắp ráp và vệ sinh, bảo trì trong quá trình sử dụng lâu dài

PHÙ HỢP KHÔNG GIAN
• Phù hợp bố trí trong không gian nội thất văn phòng, mang lại sự tiện nghi và thẩm mỹ cho tổng thể không gian.",instock,1
HBAC005,Ban lam viec 140x70 aconcept chan sat lap rap (11),Phòng Làm Việc > Bàn Làm Việc,11100000,,"/images/products/HBAC005-1.png, /images/products/HBAC005-2.png, /images/products/HBAC005-3.png","Bàn thiết kế chắc chắn, tối ưu không gian sử dụng.","Ban lam viec 140x70 aconcept chan sat lap rap (11) là lựa chọn lý tưởng cho không gian làm việc và sinh hoạt hiện đại, kết hợp giữa tính thẩm mỹ và công năng sử dụng thực tế.

THÔNG SỐ KỸ THUẬT
• Chất liệu: Chất liệu cao cấp, chọn lọc kỹ càng đảm bảo độ bền và tính thẩm mỹ
• Mã sản phẩm: HBAC005
• Bảo hành: 12 tháng

CÔNG NĂNG NỔI BẬT
• Mặt bàn rộng rãi, đủ không gian đặt máy tính, tài liệu và vật dụng cá nhân
• Khung/chân bàn chắc chắn, chịu lực tốt, hạn chế rung lắc khi sử dụng
• Thiết kế tối giản, dễ phối hợp với nhiều phong cách nội thất khác nhau
• Dễ dàng lắp ráp và vệ sinh, bảo trì trong quá trình sử dụng lâu dài

PHÙ HỢP KHÔNG GIAN
• Phù hợp bố trí trong không gian phòng làm việc, mang lại sự tiện nghi và thẩm mỹ cho tổng thể không gian.",instock,1
HBKC012,Ban cum 6 360x120 kconcept chan sat lap rap (2),Nội thất văn phòng > Bàn Văn Phòng > Cụm bàn 2 người,6820000,,"/images/products/HBKC012-1.png, /images/products/HBKC012-2.png","Bàn thiết kế chắc chắn, tối ưu không gian sử dụng.","Ban cum 6 360x120 kconcept chan sat lap rap (2) là lựa chọn lý tưởng cho không gian làm việc và sinh hoạt hiện đại, kết hợp giữa tính thẩm mỹ và công năng sử dụng thực tế.

THÔNG SỐ KỸ THUẬT
• Chất liệu: Chất liệu cao cấp, chọn lọc kỹ càng đảm bảo độ bền và tính thẩm mỹ
• Mã sản phẩm: HBKC012
• Bảo hành: 12 tháng

CÔNG NĂNG NỔI BẬT
• Mặt bàn rộng rãi, đủ không gian đặt máy tính, tài liệu và vật dụng cá nhân
• Khung/chân bàn chắc chắn, chịu lực tốt, hạn chế rung lắc khi sử dụng
• Thiết kế tối giản, dễ phối hợp với nhiều phong cách nội thất khác nhau
• Dễ dàng lắp ráp và vệ sinh, bảo trì trong quá trình sử dụng lâu dài

PHÙ HỢP KHÔNG GIAN
• Phù hợp bố trí trong không gian nội thất văn phòng, mang lại sự tiện nghi và thẩm mỹ cho tổng thể không gian.",instock,1
HBXC037,Ban cum2 240x60cm go plywood chan xconcept 02,Nội thất văn phòng > Bàn Văn Phòng > Cụm bàn 2 người,12930000,,"/images/products/HBXC037-1.jpg, /images/products/HBXC037-2.jpg, /images/products/HBXC037-3.jpg, /images/products/HBXC037-4.jpg, /images/products/HBXC037-5.png, /images/products/HBXC037-6.jpg","Bàn thiết kế chắc chắn, tối ưu không gian sử dụng.","Ban cum2 240x60cm go plywood chan xconcept 02 là lựa chọn lý tưởng cho không gian làm việc và sinh hoạt hiện đại, kết hợp giữa tính thẩm mỹ và công năng sử dụng thực tế.

THÔNG SỐ KỸ THUẬT
• Chất liệu: Chất liệu cao cấp, chọn lọc kỹ càng đảm bảo độ bền và tính thẩm mỹ
• Kích thước: 240x60cm
• Mã sản phẩm: HBXC037
• Bảo hành: 12 tháng

CÔNG NĂNG NỔI BẬT
• Mặt bàn rộng rãi, đủ không gian đặt máy tính, tài liệu và vật dụng cá nhân
• Khung/chân bàn chắc chắn, chịu lực tốt, hạn chế rung lắc khi sử dụng
• Thiết kế tối giản, dễ phối hợp với nhiều phong cách nội thất khác nhau
• Dễ dàng lắp ráp và vệ sinh, bảo trì trong quá trình sử dụng lâu dài

PHÙ HỢP KHÔNG GIAN
• Phù hợp bố trí trong không gian nội thất văn phòng, mang lại sự tiện nghi và thẩm mỹ cho tổng thể không gian.",instock,1
HBTA021,Ban giam doc 160x140cm he trian chan sat tam giac (2),Nội thất văn phòng > Bàn Văn Phòng > Bàn Giám Đốc,3540000,,/images/products/HBTA021-1.png,"Bàn thiết kế chắc chắn, tối ưu không gian sử dụng.","Ban giam doc 160x140cm he trian chan sat tam giac (2) là lựa chọn lý tưởng cho không gian làm việc và sinh hoạt hiện đại, kết hợp giữa tính thẩm mỹ và công năng sử dụng thực tế.

THÔNG SỐ KỸ THUẬT
• Chất liệu: Chất liệu cao cấp, chọn lọc kỹ càng đảm bảo độ bền và tính thẩm mỹ
• Kích thước: 160x140cm
• Mã sản phẩm: HBTA021
• Bảo hành: 12 tháng

CÔNG NĂNG NỔI BẬT
• Mặt bàn rộng rãi, đủ không gian đặt máy tính, tài liệu và vật dụng cá nhân
• Khung/chân bàn chắc chắn, chịu lực tốt, hạn chế rung lắc khi sử dụng
• Thiết kế tối giản, dễ phối hợp với nhiều phong cách nội thất khác nhau
• Dễ dàng lắp ráp và vệ sinh, bảo trì trong quá trình sử dụng lâu dài

PHÙ HỢP KHÔNG GIAN
• Phù hợp bố trí trong không gian nội thất văn phòng, mang lại sự tiện nghi và thẩm mỹ cho tổng thể không gian.",instock,1
HBTH007,B├án l├ám viß╗çc 160x80 Trapeze II Concept lß║»p r├íp ezc9 fr,Phòng Làm Việc > Bàn Làm Việc,4050000,,"/images/products/HBTH007-1.png, /images/products/HBTH007-2.png, /images/products/HBTH007-3.png","Bàn thiết kế chắc chắn, tối ưu không gian sử dụng.","B├án l├ám viß╗çc 160x80 Trapeze II Concept lß║»p r├íp ezc9 fr là lựa chọn lý tưởng cho không gian làm việc và sinh hoạt hiện đại, kết hợp giữa tính thẩm mỹ và công năng sử dụng thực tế.

THÔNG SỐ KỸ THUẬT
• Chất liệu: Chất liệu cao cấp, chọn lọc kỹ càng đảm bảo độ bền và tính thẩm mỹ
• Mã sản phẩm: HBTH007
• Bảo hành: 12 tháng

CÔNG NĂNG NỔI BẬT
• Mặt bàn rộng rãi, đủ không gian đặt máy tính, tài liệu và vật dụng cá nhân
• Khung/chân bàn chắc chắn, chịu lực tốt, hạn chế rung lắc khi sử dụng
• Thiết kế tối giản, dễ phối hợp với nhiều phong cách nội thất khác nhau
• Dễ dàng lắp ráp và vệ sinh, bảo trì trong quá trình sử dụng lâu dài

PHÙ HỢP KHÔNG GIAN
• Phù hợp bố trí trong không gian phòng làm việc, mang lại sự tiện nghi và thẩm mỹ cho tổng thể không gian.",instock,1
HBLG041,Ban cum 6 03,Nội thất văn phòng > Bàn Văn Phòng > Cụm bàn 2 người,6240000,,"/images/products/HBLG041-1.jpg, /images/products/HBLG041-2.jpg, /images/products/HBLG041-3.jpg, /images/products/HBLG041-4.jpg, /images/products/HBLG041-5.jpg","Bàn thiết kế chắc chắn, tối ưu không gian sử dụng.","Ban cum 6 03 là lựa chọn lý tưởng cho không gian làm việc và sinh hoạt hiện đại, kết hợp giữa tính thẩm mỹ và công năng sử dụng thực tế.

THÔNG SỐ KỸ THUẬT
• Chất liệu: Chất liệu cao cấp, chọn lọc kỹ càng đảm bảo độ bền và tính thẩm mỹ
• Mã sản phẩm: HBLG041
• Bảo hành: 12 tháng

CÔNG NĂNG NỔI BẬT
• Mặt bàn rộng rãi, đủ không gian đặt máy tính, tài liệu và vật dụng cá nhân
• Khung/chân bàn chắc chắn, chịu lực tốt, hạn chế rung lắc khi sử dụng
• Thiết kế tối giản, dễ phối hợp với nhiều phong cách nội thất khác nhau
• Dễ dàng lắp ráp và vệ sinh, bảo trì trong quá trình sử dụng lâu dài

PHÙ HỢP KHÔNG GIAN
• Phù hợp bố trí trong không gian nội thất văn phòng, mang lại sự tiện nghi và thẩm mỹ cho tổng thể không gian.",instock,1
BLT68015,Ban le tan go 07,Nội thất văn phòng > Bàn Văn Phòng > Quầy Lễ Tân,3740000,,"/images/products/BLT68015-1.jpg, /images/products/BLT68015-2.jpg, /images/products/BLT68015-3.jpg, /images/products/BLT68015-4.jpg, /images/products/BLT68015-5.jpg, /images/products/BLT68015-6.jpg","Bàn thiết kế chắc chắn, tối ưu không gian sử dụng.","Ban le tan go 07 là lựa chọn lý tưởng cho không gian làm việc và sinh hoạt hiện đại, kết hợp giữa tính thẩm mỹ và công năng sử dụng thực tế.

THÔNG SỐ KỸ THUẬT
• Chất liệu: Chất liệu cao cấp, chọn lọc kỹ càng đảm bảo độ bền và tính thẩm mỹ
• Mã sản phẩm: BLT68015
• Bảo hành: 12 tháng

CÔNG NĂNG NỔI BẬT
• Mặt bàn rộng rãi, đủ không gian đặt máy tính, tài liệu và vật dụng cá nhân
• Khung/chân bàn chắc chắn, chịu lực tốt, hạn chế rung lắc khi sử dụng
• Thiết kế tối giản, dễ phối hợp với nhiều phong cách nội thất khác nhau
• Dễ dàng lắp ráp và vệ sinh, bảo trì trong quá trình sử dụng lâu dài

PHÙ HỢP KHÔNG GIAN
• Phù hợp bố trí trong không gian nội thất văn phòng, mang lại sự tiện nghi và thẩm mỹ cho tổng thể không gian.",instock,1
HBOM004,Ban lam viec 10a,Phòng Làm Việc > Bàn Làm Việc,3600000,,"/images/products/HBOM004-1.jpg, /images/products/HBOM004-2.jpg","Bàn thiết kế chắc chắn, tối ưu không gian sử dụng.","Ban lam viec 10a là lựa chọn lý tưởng cho không gian làm việc và sinh hoạt hiện đại, kết hợp giữa tính thẩm mỹ và công năng sử dụng thực tế.

THÔNG SỐ KỸ THUẬT
• Chất liệu: Chất liệu cao cấp, chọn lọc kỹ càng đảm bảo độ bền và tính thẩm mỹ
• Mã sản phẩm: HBOM004
• Bảo hành: 12 tháng

CÔNG NĂNG NỔI BẬT
• Mặt bàn rộng rãi, đủ không gian đặt máy tính, tài liệu và vật dụng cá nhân
• Khung/chân bàn chắc chắn, chịu lực tốt, hạn chế rung lắc khi sử dụng
• Thiết kế tối giản, dễ phối hợp với nhiều phong cách nội thất khác nhau
• Dễ dàng lắp ráp và vệ sinh, bảo trì trong quá trình sử dụng lâu dài

PHÙ HỢP KHÔNG GIAN
• Phù hợp bố trí trong không gian phòng làm việc, mang lại sự tiện nghi và thẩm mỹ cho tổng thể không gian.",instock,1
HBTC044,Ban hop go plywood phu melamin chan sat trapeze (2),Nội thất văn phòng > Phụ Kiện Bàn > Hộp Điện,1410000,,"/images/products/HBTC044-1.jpg, /images/products/HBTC044-2.jpg, /images/products/HBTC044-3.jpg, /images/products/HBTC044-4.png, /images/products/HBTC044-5.jpg, /images/products/HBTC044-6.jpg","Phụ kiện tiện dụng, hỗ trợ không gian làm việc gọn gàng.","Ban hop go plywood phu melamin chan sat trapeze (2) là phụ kiện hỗ trợ đắc lực, giúp không gian làm việc/sinh hoạt gọn gàng và tiện dụng hơn.

THÔNG SỐ KỸ THUẬT
• Chất liệu: Chất liệu cao cấp, chọn lọc kỹ càng đảm bảo độ bền và tính thẩm mỹ
• Mã sản phẩm: HBTC044
• Bảo hành: 12 tháng

CÔNG NĂNG NỔI BẬT
• Thiết kế nhỏ gọn, dễ dàng lắp đặt vào hệ bàn/ghế hiện có
• Chất liệu bền bỉ, chịu lực và chịu nhiệt tốt trong quá trình sử dụng
• Giúp không gian làm việc gọn gàng, khoa học hơn
• Tương thích với nhiều mẫu bàn/ghế khác nhau

PHÙ HỢP KHÔNG GIAN
• Phù hợp bố trí trong không gian nội thất văn phòng, mang lại sự tiện nghi và thẩm mỹ cho tổng thể không gian.",instock,1
KTT68019,Ke ap tuong 4 tang 01 kv2x ri,Nội thất văn phòng > Phụ Kiện Bàn > Kệ Để CPU,580000,,/images/products/KTT68019-1.jpg,"Phụ kiện tiện dụng, hỗ trợ không gian làm việc gọn gàng.","Ke ap tuong 4 tang 01 kv2x ri là phụ kiện hỗ trợ đắc lực, giúp không gian làm việc/sinh hoạt gọn gàng và tiện dụng hơn.

THÔNG SỐ KỸ THUẬT
• Chất liệu: Chất liệu cao cấp, chọn lọc kỹ càng đảm bảo độ bền và tính thẩm mỹ
• Mã sản phẩm: KTT68019
• Bảo hành: 12 tháng

CÔNG NĂNG NỔI BẬT
• Thiết kế nhỏ gọn, dễ dàng lắp đặt vào hệ bàn/ghế hiện có
• Chất liệu bền bỉ, chịu lực và chịu nhiệt tốt trong quá trình sử dụng
• Giúp không gian làm việc gọn gàng, khoa học hơn
• Tương thích với nhiều mẫu bàn/ghế khác nhau

PHÙ HỢP KHÔNG GIAN
• Phù hợp bố trí trong không gian nội thất văn phòng, mang lại sự tiện nghi và thẩm mỹ cho tổng thể không gian.",instock,1
HCAC002,Chan sat aconcept 120x60cm 01,Nội thất văn phòng > Hệ Bàn > Hệ AConcept,6370000,,/images/products/HCAC002-1.jpg,"Bàn thiết kế chắc chắn, tối ưu không gian sử dụng.","Chan sat aconcept 120x60cm 01 là lựa chọn lý tưởng cho không gian làm việc và sinh hoạt hiện đại, kết hợp giữa tính thẩm mỹ và công năng sử dụng thực tế.

THÔNG SỐ KỸ THUẬT
• Chất liệu: Chất liệu cao cấp, chọn lọc kỹ càng đảm bảo độ bền và tính thẩm mỹ
• Kích thước: 120x60cm
• Mã sản phẩm: HCAC002
• Bảo hành: 12 tháng

CÔNG NĂNG NỔI BẬT
• Mặt bàn rộng rãi, đủ không gian đặt máy tính, tài liệu và vật dụng cá nhân
• Khung/chân bàn chắc chắn, chịu lực tốt, hạn chế rung lắc khi sử dụng
• Thiết kế tối giản, dễ phối hợp với nhiều phong cách nội thất khác nhau
• Dễ dàng lắp ráp và vệ sinh, bảo trì trong quá trình sử dụng lâu dài

PHÙ HỢP KHÔNG GIAN
• Phù hợp bố trí trong không gian nội thất văn phòng, mang lại sự tiện nghi và thẩm mỹ cho tổng thể không gian.",instock,1
SPD68201,Ban lam viec 120x60cm go tram chan sat chu a he minimal (3) wcaz 7a,Nội thất văn phòng > Hệ Bàn > Hệ Minimal,6530000,,"/images/products/SPD68201-1.png, /images/products/SPD68201-2.png","Bàn thiết kế chắc chắn, tối ưu không gian sử dụng.","Ban lam viec 120x60cm go tram chan sat chu a he minimal (3) wcaz 7a là lựa chọn lý tưởng cho không gian làm việc và sinh hoạt hiện đại, kết hợp giữa tính thẩm mỹ và công năng sử dụng thực tế.

THÔNG SỐ KỸ THUẬT
• Chất liệu: Chất liệu cao cấp, chọn lọc kỹ càng đảm bảo độ bền và tính thẩm mỹ
• Kích thước: 120x60cm
• Mã sản phẩm: SPD68201
• Bảo hành: 12 tháng

CÔNG NĂNG NỔI BẬT
• Mặt bàn rộng rãi, đủ không gian đặt máy tính, tài liệu và vật dụng cá nhân
• Khung/chân bàn chắc chắn, chịu lực tốt, hạn chế rung lắc khi sử dụng
• Thiết kế tối giản, dễ phối hợp với nhiều phong cách nội thất khác nhau
• Dễ dàng lắp ráp và vệ sinh, bảo trì trong quá trình sử dụng lâu dài

PHÙ HỢP KHÔNG GIAN
• Phù hợp bố trí trong không gian nội thất văn phòng, mang lại sự tiện nghi và thẩm mỹ cho tổng thể không gian.",instock,1
HBOV032,Ban 100x60cm go plywood chan sat oval 01,Nội thất văn phòng > Hệ Bàn > Hệ Oval,11950000,,"/images/products/HBOV032-1.jpg, /images/products/HBOV032-2.jpg, /images/products/HBOV032-3.jpg, /images/products/HBOV032-4.jpg, /images/products/HBOV032-5.jpg","Bàn thiết kế chắc chắn, tối ưu không gian sử dụng.","Ban 100x60cm go plywood chan sat oval 01 là lựa chọn lý tưởng cho không gian làm việc và sinh hoạt hiện đại, kết hợp giữa tính thẩm mỹ và công năng sử dụng thực tế.

THÔNG SỐ KỸ THUẬT
• Chất liệu: Chất liệu cao cấp, chọn lọc kỹ càng đảm bảo độ bền và tính thẩm mỹ
• Kích thước: 100x60cm
• Mã sản phẩm: HBOV032
• Bảo hành: 12 tháng

CÔNG NĂNG NỔI BẬT
• Mặt bàn rộng rãi, đủ không gian đặt máy tính, tài liệu và vật dụng cá nhân
• Khung/chân bàn chắc chắn, chịu lực tốt, hạn chế rung lắc khi sử dụng
• Thiết kế tối giản, dễ phối hợp với nhiều phong cách nội thất khác nhau
• Dễ dàng lắp ráp và vệ sinh, bảo trì trong quá trình sử dụng lâu dài

PHÙ HỢP KHÔNG GIAN
• Phù hợp bố trí trong không gian nội thất văn phòng, mang lại sự tiện nghi và thẩm mỹ cho tổng thể không gian.",instock,1
HCTG014,Chan ban chu l 160x150cm chan tam giac quy 01,Nội thất văn phòng > Hệ Bàn > Hệ Tứ Giác Côn,5330000,,"/images/products/HCTG014-1.jpg, /images/products/HCTG014-2.jpg, /images/products/HCTG014-3.jpg","Bàn thiết kế chắc chắn, tối ưu không gian sử dụng.","Chan ban chu l 160x150cm chan tam giac quy 01 là lựa chọn lý tưởng cho không gian làm việc và sinh hoạt hiện đại, kết hợp giữa tính thẩm mỹ và công năng sử dụng thực tế.

THÔNG SỐ KỸ THUẬT
• Chất liệu: Chất liệu cao cấp, chọn lọc kỹ càng đảm bảo độ bền và tính thẩm mỹ
• Kích thước: 160x150cm
• Mã sản phẩm: HCTG014
• Bảo hành: 12 tháng

CÔNG NĂNG NỔI BẬT
• Mặt bàn rộng rãi, đủ không gian đặt máy tính, tài liệu và vật dụng cá nhân
• Khung/chân bàn chắc chắn, chịu lực tốt, hạn chế rung lắc khi sử dụng
• Thiết kế tối giản, dễ phối hợp với nhiều phong cách nội thất khác nhau
• Dễ dàng lắp ráp và vệ sinh, bảo trì trong quá trình sử dụng lâu dài

PHÙ HỢP KHÔNG GIAN
• Phù hợp bố trí trong không gian nội thất văn phòng, mang lại sự tiện nghi và thẩm mỹ cho tổng thể không gian.",instock,1
KS68175,Ke 6 tang go khung ong nuoc 04,Ống Nước > Kệ Ống Nước,13840000,,/images/products/KS68175-1.jpg,"Phụ kiện tiện dụng, hỗ trợ không gian làm việc gọn gàng.","Ke 6 tang go khung ong nuoc 04 là phụ kiện hỗ trợ đắc lực, giúp không gian làm việc/sinh hoạt gọn gàng và tiện dụng hơn.

THÔNG SỐ KỸ THUẬT
• Chất liệu: Chất liệu cao cấp, chọn lọc kỹ càng đảm bảo độ bền và tính thẩm mỹ
• Mã sản phẩm: KS68175
• Bảo hành: 12 tháng

CÔNG NĂNG NỔI BẬT
• Thiết kế nhỏ gọn, dễ dàng lắp đặt vào hệ bàn/ghế hiện có
• Chất liệu bền bỉ, chịu lực và chịu nhiệt tốt trong quá trình sử dụng
• Giúp không gian làm việc gọn gàng, khoa học hơn
• Tương thích với nhiều mẫu bàn/ghế khác nhau

PHÙ HỢP KHÔNG GIAN
• Phù hợp sử dụng kèm nhiều mẫu bàn/ghế văn phòng, gia đình khác nhau, mang lại sự tiện nghi và thẩm mỹ cho tổng thể không gian.",instock,1
KG68061,Ke giay go tre 06,Phòng Khách > Tủ Kệ Giày,7550000,,/images/products/KG68061-1.jpg,"Tủ lưu trữ tiện lợi, thiết kế gọn gàng.","Ke giay go tre 06 giúp tối ưu không gian lưu trữ, sắp xếp đồ đạc gọn gàng, khoa học mà vẫn đảm bảo tính thẩm mỹ cho căn phòng.

THÔNG SỐ KỸ THUẬT
• Chất liệu: Chất liệu cao cấp, chọn lọc kỹ càng đảm bảo độ bền và tính thẩm mỹ
• Mã sản phẩm: KG68061
• Bảo hành: 12 tháng

CÔNG NĂNG NỔI BẬT
• Nhiều ngăn/kệ chia hợp lý, tối ưu diện tích lưu trữ
• Hệ thống bản lề, tay nắm chắc chắn, đóng mở êm ái
• Bề mặt hoàn thiện chống trầy xước, dễ lau chùi
• Thiết kế kín đáo, giúp không gian luôn gọn gàng ngăn nắp

PHÙ HỢP KHÔNG GIAN
• Phù hợp bố trí trong không gian phòng khách, mang lại sự tiện nghi và thẩm mỹ cho tổng thể không gian.",instock,1
HBMC031,Ban lam viec kich thuoc lon go cao su chan sat (22),Phòng Làm Việc > Bàn Làm Việc,5220000,,"/images/products/HBMC031-1.png, /images/products/HBMC031-2.png, /images/products/HBMC031-3.png","Bàn thiết kế chắc chắn, tối ưu không gian sử dụng.","Ban lam viec kich thuoc lon go cao su chan sat (22) là lựa chọn lý tưởng cho không gian làm việc và sinh hoạt hiện đại, kết hợp giữa tính thẩm mỹ và công năng sử dụng thực tế.

THÔNG SỐ KỸ THUẬT
• Chất liệu: Chất liệu cao cấp, chọn lọc kỹ càng đảm bảo độ bền và tính thẩm mỹ
• Mã sản phẩm: HBMC031
• Bảo hành: 12 tháng

CÔNG NĂNG NỔI BẬT
• Mặt bàn rộng rãi, đủ không gian đặt máy tính, tài liệu và vật dụng cá nhân
• Khung/chân bàn chắc chắn, chịu lực tốt, hạn chế rung lắc khi sử dụng
• Thiết kế tối giản, dễ phối hợp với nhiều phong cách nội thất khác nhau
• Dễ dàng lắp ráp và vệ sinh, bảo trì trong quá trình sử dụng lâu dài

PHÙ HỢP KHÔNG GIAN
• Phù hợp bố trí trong không gian phòng làm việc, mang lại sự tiện nghi và thẩm mỹ cho tổng thể không gian.",instock,1
HBAC015,Ban cum 4 240x120 aconcept chan sat lap rap (5),Nội thất văn phòng > Bàn Văn Phòng > Cụm bàn 2 người,13330000,,"/images/products/HBAC015-1.png, /images/products/HBAC015-2.png","Bàn thiết kế chắc chắn, tối ưu không gian sử dụng.","Ban cum 4 240x120 aconcept chan sat lap rap (5) là lựa chọn lý tưởng cho không gian làm việc và sinh hoạt hiện đại, kết hợp giữa tính thẩm mỹ và công năng sử dụng thực tế.

THÔNG SỐ KỸ THUẬT
• Chất liệu: Chất liệu cao cấp, chọn lọc kỹ càng đảm bảo độ bền và tính thẩm mỹ
• Mã sản phẩm: HBAC015
• Bảo hành: 12 tháng

CÔNG NĂNG NỔI BẬT
• Mặt bàn rộng rãi, đủ không gian đặt máy tính, tài liệu và vật dụng cá nhân
• Khung/chân bàn chắc chắn, chịu lực tốt, hạn chế rung lắc khi sử dụng
• Thiết kế tối giản, dễ phối hợp với nhiều phong cách nội thất khác nhau
• Dễ dàng lắp ráp và vệ sinh, bảo trì trong quá trình sử dụng lâu dài

PHÙ HỢP KHÔNG GIAN
• Phù hợp bố trí trong không gian nội thất văn phòng, mang lại sự tiện nghi và thẩm mỹ cho tổng thể không gian.",instock,1
SPD68197,Ban lam viec don gian go cao su chan sat he slean (4),Nội thất văn phòng > Hệ Bàn > Hệ Slean,12440000,,"/images/products/SPD68197-1.png, /images/products/SPD68197-2.png, /images/products/SPD68197-3.png","Bàn thiết kế chắc chắn, tối ưu không gian sử dụng.","Ban lam viec don gian go cao su chan sat he slean (4) là lựa chọn lý tưởng cho không gian làm việc và sinh hoạt hiện đại, kết hợp giữa tính thẩm mỹ và công năng sử dụng thực tế.

THÔNG SỐ KỸ THUẬT
• Chất liệu: Chất liệu cao cấp, chọn lọc kỹ càng đảm bảo độ bền và tính thẩm mỹ
• Mã sản phẩm: SPD68197
• Bảo hành: 12 tháng

CÔNG NĂNG NỔI BẬT
• Mặt bàn rộng rãi, đủ không gian đặt máy tính, tài liệu và vật dụng cá nhân
• Khung/chân bàn chắc chắn, chịu lực tốt, hạn chế rung lắc khi sử dụng
• Thiết kế tối giản, dễ phối hợp với nhiều phong cách nội thất khác nhau
• Dễ dàng lắp ráp và vệ sinh, bảo trì trong quá trình sử dụng lâu dài

PHÙ HỢP KHÔNG GIAN
• Phù hợp bố trí trong không gian nội thất văn phòng, mang lại sự tiện nghi và thẩm mỹ cho tổng thể không gian.",instock,1
HBCN027,B├án l├ám viß╗çc 140x70cm gß╗ù cao su ch├ón sß║»t lß║»p hß╗ç CONE II (2),Nội thất văn phòng > Hệ Bàn > Hệ CONE II,6230000,,"/images/products/HBCN027-1.png, /images/products/HBCN027-2.png","Bàn thiết kế chắc chắn, tối ưu không gian sử dụng.","B├án l├ám viß╗çc 140x70cm gß╗ù cao su ch├ón sß║»t lß║»p hß╗ç CONE II (2) là lựa chọn lý tưởng cho không gian làm việc và sinh hoạt hiện đại, kết hợp giữa tính thẩm mỹ và công năng sử dụng thực tế.

THÔNG SỐ KỸ THUẬT
• Chất liệu: Chất liệu cao cấp, chọn lọc kỹ càng đảm bảo độ bền và tính thẩm mỹ
• Kích thước: 140x70cm
• Mã sản phẩm: HBCN027
• Bảo hành: 12 tháng

CÔNG NĂNG NỔI BẬT
• Mặt bàn rộng rãi, đủ không gian đặt máy tính, tài liệu và vật dụng cá nhân
• Khung/chân bàn chắc chắn, chịu lực tốt, hạn chế rung lắc khi sử dụng
• Thiết kế tối giản, dễ phối hợp với nhiều phong cách nội thất khác nhau
• Dễ dàng lắp ráp và vệ sinh, bảo trì trong quá trình sử dụng lâu dài

PHÙ HỢP KHÔNG GIAN
• Phù hợp bố trí trong không gian nội thất văn phòng, mang lại sự tiện nghi và thẩm mỹ cho tổng thể không gian.",instock,1
HBWD042,Ban lam viec go tram chan sat lap rap (2),Phòng Làm Việc > Bàn Làm Việc,10280000,,/images/products/HBWD042-1.png,"Bàn thiết kế chắc chắn, tối ưu không gian sử dụng.","Ban lam viec go tram chan sat lap rap (2) là lựa chọn lý tưởng cho không gian làm việc và sinh hoạt hiện đại, kết hợp giữa tính thẩm mỹ và công năng sử dụng thực tế.

THÔNG SỐ KỸ THUẬT
• Chất liệu: Chất liệu cao cấp, chọn lọc kỹ càng đảm bảo độ bền và tính thẩm mỹ
• Mã sản phẩm: HBWD042
• Bảo hành: 12 tháng

CÔNG NĂNG NỔI BẬT
• Mặt bàn rộng rãi, đủ không gian đặt máy tính, tài liệu và vật dụng cá nhân
• Khung/chân bàn chắc chắn, chịu lực tốt, hạn chế rung lắc khi sử dụng
• Thiết kế tối giản, dễ phối hợp với nhiều phong cách nội thất khác nhau
• Dễ dàng lắp ráp và vệ sinh, bảo trì trong quá trình sử dụng lâu dài

PHÙ HỢP KHÔNG GIAN
• Phù hợp bố trí trong không gian phòng làm việc, mang lại sự tiện nghi và thẩm mỹ cho tổng thể không gian.",instock,1
HBTG003,Ban 140x60cm chan tam giac quy 01,Nội thất văn phòng > Hệ Bàn > Hệ Tứ Giác Côn,10000000,,"/images/products/HBTG003-1.jpg, /images/products/HBTG003-2.jpg, /images/products/HBTG003-3.jpg, /images/products/HBTG003-4.jpg","Bàn thiết kế chắc chắn, tối ưu không gian sử dụng.","Ban 140x60cm chan tam giac quy 01 là lựa chọn lý tưởng cho không gian làm việc và sinh hoạt hiện đại, kết hợp giữa tính thẩm mỹ và công năng sử dụng thực tế.

THÔNG SỐ KỸ THUẬT
• Chất liệu: Chất liệu cao cấp, chọn lọc kỹ càng đảm bảo độ bền và tính thẩm mỹ
• Kích thước: 140x60cm
• Mã sản phẩm: HBTG003
• Bảo hành: 12 tháng

CÔNG NĂNG NỔI BẬT
• Mặt bàn rộng rãi, đủ không gian đặt máy tính, tài liệu và vật dụng cá nhân
• Khung/chân bàn chắc chắn, chịu lực tốt, hạn chế rung lắc khi sử dụng
• Thiết kế tối giản, dễ phối hợp với nhiều phong cách nội thất khác nhau
• Dễ dàng lắp ráp và vệ sinh, bảo trì trong quá trình sử dụng lâu dài

PHÙ HỢP KHÔNG GIAN
• Phù hợp bố trí trong không gian nội thất văn phòng, mang lại sự tiện nghi và thẩm mỹ cho tổng thể không gian.",instock,1
HBAT013,Ban cum 2 120x120 aton concept chan sat lap rap (2),Nội thất văn phòng > Bàn Văn Phòng > Cụm bàn 2 người,6010000,,/images/products/HBAT013-1.png,"Bàn thiết kế chắc chắn, tối ưu không gian sử dụng.","Ban cum 2 120x120 aton concept chan sat lap rap (2) là lựa chọn lý tưởng cho không gian làm việc và sinh hoạt hiện đại, kết hợp giữa tính thẩm mỹ và công năng sử dụng thực tế.

THÔNG SỐ KỸ THUẬT
• Chất liệu: Chất liệu cao cấp, chọn lọc kỹ càng đảm bảo độ bền và tính thẩm mỹ
• Mã sản phẩm: HBAT013
• Bảo hành: 12 tháng

CÔNG NĂNG NỔI BẬT
• Mặt bàn rộng rãi, đủ không gian đặt máy tính, tài liệu và vật dụng cá nhân
• Khung/chân bàn chắc chắn, chịu lực tốt, hạn chế rung lắc khi sử dụng
• Thiết kế tối giản, dễ phối hợp với nhiều phong cách nội thất khác nhau
• Dễ dàng lắp ráp và vệ sinh, bảo trì trong quá trình sử dụng lâu dài

PHÙ HỢP KHÔNG GIAN
• Phù hợp bố trí trong không gian nội thất văn phòng, mang lại sự tiện nghi và thẩm mỹ cho tổng thể không gian.",instock,1
HBAC003,Ban lam viec 140x60 aconcept chan sat lap rap (4),Phòng Làm Việc > Bàn Làm Việc,2650000,,"/images/products/HBAC003-1.png, /images/products/HBAC003-2.png","Bàn thiết kế chắc chắn, tối ưu không gian sử dụng.","Ban lam viec 140x60 aconcept chan sat lap rap (4) là lựa chọn lý tưởng cho không gian làm việc và sinh hoạt hiện đại, kết hợp giữa tính thẩm mỹ và công năng sử dụng thực tế.

THÔNG SỐ KỸ THUẬT
• Chất liệu: Chất liệu cao cấp, chọn lọc kỹ càng đảm bảo độ bền và tính thẩm mỹ
• Mã sản phẩm: HBAC003
• Bảo hành: 12 tháng

CÔNG NĂNG NỔI BẬT
• Mặt bàn rộng rãi, đủ không gian đặt máy tính, tài liệu và vật dụng cá nhân
• Khung/chân bàn chắc chắn, chịu lực tốt, hạn chế rung lắc khi sử dụng
• Thiết kế tối giản, dễ phối hợp với nhiều phong cách nội thất khác nhau
• Dễ dàng lắp ráp và vệ sinh, bảo trì trong quá trình sử dụng lâu dài

PHÙ HỢP KHÔNG GIAN
• Phù hợp bố trí trong không gian phòng làm việc, mang lại sự tiện nghi và thẩm mỹ cho tổng thể không gian.",instock,1
HBMC016,Ban cum 6 360x120 mconcept chan sat lap rap (2),Nội thất văn phòng > Bàn Văn Phòng > Cụm bàn 2 người,3350000,,"/images/products/HBMC016-1.png, /images/products/HBMC016-2.png","Bàn thiết kế chắc chắn, tối ưu không gian sử dụng.","Ban cum 6 360x120 mconcept chan sat lap rap (2) là lựa chọn lý tưởng cho không gian làm việc và sinh hoạt hiện đại, kết hợp giữa tính thẩm mỹ và công năng sử dụng thực tế.

THÔNG SỐ KỸ THUẬT
• Chất liệu: Chất liệu cao cấp, chọn lọc kỹ càng đảm bảo độ bền và tính thẩm mỹ
• Mã sản phẩm: HBMC016
• Bảo hành: 12 tháng

CÔNG NĂNG NỔI BẬT
• Mặt bàn rộng rãi, đủ không gian đặt máy tính, tài liệu và vật dụng cá nhân
• Khung/chân bàn chắc chắn, chịu lực tốt, hạn chế rung lắc khi sử dụng
• Thiết kế tối giản, dễ phối hợp với nhiều phong cách nội thất khác nhau
• Dễ dàng lắp ráp và vệ sinh, bảo trì trong quá trình sử dụng lâu dài

PHÙ HỢP KHÔNG GIAN
• Phù hợp bố trí trong không gian nội thất văn phòng, mang lại sự tiện nghi và thẩm mỹ cho tổng thể không gian.",instock,1
HBOM001,Ban lam viec 08a,Phòng Làm Việc > Bàn Làm Việc,12440000,,/images/products/HBOM001-1.jpg,"Bàn thiết kế chắc chắn, tối ưu không gian sử dụng.","Ban lam viec 08a là lựa chọn lý tưởng cho không gian làm việc và sinh hoạt hiện đại, kết hợp giữa tính thẩm mỹ và công năng sử dụng thực tế.

THÔNG SỐ KỸ THUẬT
• Chất liệu: Chất liệu cao cấp, chọn lọc kỹ càng đảm bảo độ bền và tính thẩm mỹ
• Mã sản phẩm: HBOM001
• Bảo hành: 12 tháng

CÔNG NĂNG NỔI BẬT
• Mặt bàn rộng rãi, đủ không gian đặt máy tính, tài liệu và vật dụng cá nhân
• Khung/chân bàn chắc chắn, chịu lực tốt, hạn chế rung lắc khi sử dụng
• Thiết kế tối giản, dễ phối hợp với nhiều phong cách nội thất khác nhau
• Dễ dàng lắp ráp và vệ sinh, bảo trì trong quá trình sử dụng lâu dài

PHÙ HỢP KHÔNG GIAN
• Phù hợp bố trí trong không gian phòng làm việc, mang lại sự tiện nghi và thẩm mỹ cho tổng thể không gian.",instock,1
HBTC030,Ban 140x60cm go plywood chan trapeze 03,Nội thất văn phòng > Hệ Bàn > Hệ Trapeze,8910000,,"/images/products/HBTC030-1.jpg, /images/products/HBTC030-2.jpg, /images/products/HBTC030-3.jpg, /images/products/HBTC030-4.jpg","Bàn thiết kế chắc chắn, tối ưu không gian sử dụng.","Ban 140x60cm go plywood chan trapeze 03 là lựa chọn lý tưởng cho không gian làm việc và sinh hoạt hiện đại, kết hợp giữa tính thẩm mỹ và công năng sử dụng thực tế.

THÔNG SỐ KỸ THUẬT
• Chất liệu: Chất liệu cao cấp, chọn lọc kỹ càng đảm bảo độ bền và tính thẩm mỹ
• Kích thước: 140x60cm
• Mã sản phẩm: HBTC030
• Bảo hành: 12 tháng

CÔNG NĂNG NỔI BẬT
• Mặt bàn rộng rãi, đủ không gian đặt máy tính, tài liệu và vật dụng cá nhân
• Khung/chân bàn chắc chắn, chịu lực tốt, hạn chế rung lắc khi sử dụng
• Thiết kế tối giản, dễ phối hợp với nhiều phong cách nội thất khác nhau
• Dễ dàng lắp ráp và vệ sinh, bảo trì trong quá trình sử dụng lâu dài

PHÙ HỢP KHÔNG GIAN
• Phù hợp bố trí trong không gian nội thất văn phòng, mang lại sự tiện nghi và thẩm mỹ cho tổng thể không gian.",instock,1
HBUC053,Ban hop go plywood mau be tong chan sat uconcept (2),Nội thất văn phòng > Bàn Văn Phòng > Bàn Họp,6440000,,"/images/products/HBUC053-1.jpg, /images/products/HBUC053-2.jpg, /images/products/HBUC053-3.png, /images/products/HBUC053-4.jpg, /images/products/HBUC053-5.jpg, /images/products/HBUC053-6.jpg","Bàn thiết kế chắc chắn, tối ưu không gian sử dụng.","Ban hop go plywood mau be tong chan sat uconcept (2) là lựa chọn lý tưởng cho không gian làm việc và sinh hoạt hiện đại, kết hợp giữa tính thẩm mỹ và công năng sử dụng thực tế.

THÔNG SỐ KỸ THUẬT
• Chất liệu: Chất liệu cao cấp, chọn lọc kỹ càng đảm bảo độ bền và tính thẩm mỹ
• Mã sản phẩm: HBUC053
• Bảo hành: 12 tháng

CÔNG NĂNG NỔI BẬT
• Mặt bàn rộng rãi, đủ không gian đặt máy tính, tài liệu và vật dụng cá nhân
• Khung/chân bàn chắc chắn, chịu lực tốt, hạn chế rung lắc khi sử dụng
• Thiết kế tối giản, dễ phối hợp với nhiều phong cách nội thất khác nhau
• Dễ dàng lắp ráp và vệ sinh, bảo trì trong quá trình sử dụng lâu dài

PHÙ HỢP KHÔNG GIAN
• Phù hợp bố trí trong không gian nội thất văn phòng, mang lại sự tiện nghi và thẩm mỹ cho tổng thể không gian.",instock,1
HBWD012,Ban cum 4 go tram chan sat lap rap he wooden (2),Nội thất văn phòng > Hệ Bàn > Hệ Wooden,2540000,,/images/products/HBWD012-1.png,"Bàn thiết kế chắc chắn, tối ưu không gian sử dụng.","Ban cum 4 go tram chan sat lap rap he wooden (2) là lựa chọn lý tưởng cho không gian làm việc và sinh hoạt hiện đại, kết hợp giữa tính thẩm mỹ và công năng sử dụng thực tế.

THÔNG SỐ KỸ THUẬT
• Chất liệu: Chất liệu cao cấp, chọn lọc kỹ càng đảm bảo độ bền và tính thẩm mỹ
• Mã sản phẩm: HBWD012
• Bảo hành: 12 tháng

CÔNG NĂNG NỔI BẬT
• Mặt bàn rộng rãi, đủ không gian đặt máy tính, tài liệu và vật dụng cá nhân
• Khung/chân bàn chắc chắn, chịu lực tốt, hạn chế rung lắc khi sử dụng
• Thiết kế tối giản, dễ phối hợp với nhiều phong cách nội thất khác nhau
• Dễ dàng lắp ráp và vệ sinh, bảo trì trong quá trình sử dụng lâu dài

PHÙ HỢP KHÔNG GIAN
• Phù hợp bố trí trong không gian nội thất văn phòng, mang lại sự tiện nghi và thẩm mỹ cho tổng thể không gian.",instock,1
SPD68190,Ban chan gap gon 03a,Nội thất văn phòng > Hệ Chân Bàn > Chân sắt gấp gọn,260000,,"/images/products/SPD68190-1.jpg, /images/products/SPD68190-2.jpg, /images/products/SPD68190-3.jpg","Phụ kiện tiện dụng, hỗ trợ không gian làm việc gọn gàng.","Ban chan gap gon 03a là phụ kiện hỗ trợ đắc lực, giúp không gian làm việc/sinh hoạt gọn gàng và tiện dụng hơn.

THÔNG SỐ KỸ THUẬT
• Chất liệu: Chất liệu cao cấp, chọn lọc kỹ càng đảm bảo độ bền và tính thẩm mỹ
• Mã sản phẩm: SPD68190
• Bảo hành: 12 tháng

CÔNG NĂNG NỔI BẬT
• Thiết kế nhỏ gọn, dễ dàng lắp đặt vào hệ bàn/ghế hiện có
• Chất liệu bền bỉ, chịu lực và chịu nhiệt tốt trong quá trình sử dụng
• Giúp không gian làm việc gọn gàng, khoa học hơn
• Tương thích với nhiều mẫu bàn/ghế khác nhau

PHÙ HỢP KHÔNG GIAN
• Phù hợp bố trí trong không gian nội thất văn phòng, mang lại sự tiện nghi và thẩm mỹ cho tổng thể không gian.",instock,1
HBMC002,Ban lam viec 120x60 mconcept chan sat lap rap (2),Phòng Làm Việc > Bàn Làm Việc,7400000,,"/images/products/HBMC002-1.png, /images/products/HBMC002-2.png","Bàn thiết kế chắc chắn, tối ưu không gian sử dụng.","Ban lam viec 120x60 mconcept chan sat lap rap (2) là lựa chọn lý tưởng cho không gian làm việc và sinh hoạt hiện đại, kết hợp giữa tính thẩm mỹ và công năng sử dụng thực tế.

THÔNG SỐ KỸ THUẬT
• Chất liệu: Chất liệu cao cấp, chọn lọc kỹ càng đảm bảo độ bền và tính thẩm mỹ
• Mã sản phẩm: HBMC002
• Bảo hành: 12 tháng

CÔNG NĂNG NỔI BẬT
• Mặt bàn rộng rãi, đủ không gian đặt máy tính, tài liệu và vật dụng cá nhân
• Khung/chân bàn chắc chắn, chịu lực tốt, hạn chế rung lắc khi sử dụng
• Thiết kế tối giản, dễ phối hợp với nhiều phong cách nội thất khác nhau
• Dễ dàng lắp ráp và vệ sinh, bảo trì trong quá trình sử dụng lâu dài

PHÙ HỢP KHÔNG GIAN
• Phù hợp bố trí trong không gian phòng làm việc, mang lại sự tiện nghi và thẩm mỹ cho tổng thể không gian.",instock,1
HBXC009,Ban lam viec 1200x3600 xconcept (2),Phòng Làm Việc > Bàn Làm Việc,3990000,,"/images/products/HBXC009-1.png, /images/products/HBXC009-2.png","Bàn thiết kế chắc chắn, tối ưu không gian sử dụng.","Ban lam viec 1200x3600 xconcept (2) là lựa chọn lý tưởng cho không gian làm việc và sinh hoạt hiện đại, kết hợp giữa tính thẩm mỹ và công năng sử dụng thực tế.

THÔNG SỐ KỸ THUẬT
• Chất liệu: Chất liệu cao cấp, chọn lọc kỹ càng đảm bảo độ bền và tính thẩm mỹ
• Mã sản phẩm: HBXC009
• Bảo hành: 12 tháng

CÔNG NĂNG NỔI BẬT
• Mặt bàn rộng rãi, đủ không gian đặt máy tính, tài liệu và vật dụng cá nhân
• Khung/chân bàn chắc chắn, chịu lực tốt, hạn chế rung lắc khi sử dụng
• Thiết kế tối giản, dễ phối hợp với nhiều phong cách nội thất khác nhau
• Dễ dàng lắp ráp và vệ sinh, bảo trì trong quá trình sử dụng lâu dài

PHÙ HỢP KHÔNG GIAN
• Phù hợp bố trí trong không gian phòng làm việc, mang lại sự tiện nghi và thẩm mỹ cho tổng thể không gian.",instock,1
TU1600,Kich thuoc chan sat he cone BAN GAC x1400(1400x700),Nội thất văn phòng > Hệ Bàn > Hệ CONE,12490000,,"/images/products/TU1600-1.jpg, /images/products/TU1600-2.jpg, /images/products/TU1600-3.jpg, /images/products/TU1600-4.jpg","Bàn thiết kế chắc chắn, tối ưu không gian sử dụng.","Kich thuoc chan sat he cone BAN GAC x1400(1400x700) là lựa chọn lý tưởng cho không gian làm việc và sinh hoạt hiện đại, kết hợp giữa tính thẩm mỹ và công năng sử dụng thực tế.

THÔNG SỐ KỸ THUẬT
• Chất liệu: Chất liệu cao cấp, chọn lọc kỹ càng đảm bảo độ bền và tính thẩm mỹ
• Mã sản phẩm: TU1600
• Bảo hành: 12 tháng

CÔNG NĂNG NỔI BẬT
• Mặt bàn rộng rãi, đủ không gian đặt máy tính, tài liệu và vật dụng cá nhân
• Khung/chân bàn chắc chắn, chịu lực tốt, hạn chế rung lắc khi sử dụng
• Thiết kế tối giản, dễ phối hợp với nhiều phong cách nội thất khác nhau
• Dễ dàng lắp ráp và vệ sinh, bảo trì trong quá trình sử dụng lâu dài

PHÙ HỢP KHÔNG GIAN
• Phù hợp bố trí trong không gian nội thất văn phòng, mang lại sự tiện nghi và thẩm mỹ cho tổng thể không gian.",instock,1
HBWD037,Ban lam viec cum 2 go tram (2),Nội thất văn phòng > Bàn Văn Phòng > Cụm bàn 2 người,6190000,,"/images/products/HBWD037-1.png, /images/products/HBWD037-2.jpg, /images/products/HBWD037-3.jpg","Bàn thiết kế chắc chắn, tối ưu không gian sử dụng.","Ban lam viec cum 2 go tram (2) là lựa chọn lý tưởng cho không gian làm việc và sinh hoạt hiện đại, kết hợp giữa tính thẩm mỹ và công năng sử dụng thực tế.

THÔNG SỐ KỸ THUẬT
• Chất liệu: Chất liệu cao cấp, chọn lọc kỹ càng đảm bảo độ bền và tính thẩm mỹ
• Mã sản phẩm: HBWD037
• Bảo hành: 12 tháng

CÔNG NĂNG NỔI BẬT
• Mặt bàn rộng rãi, đủ không gian đặt máy tính, tài liệu và vật dụng cá nhân
• Khung/chân bàn chắc chắn, chịu lực tốt, hạn chế rung lắc khi sử dụng
• Thiết kế tối giản, dễ phối hợp với nhiều phong cách nội thất khác nhau
• Dễ dàng lắp ráp và vệ sinh, bảo trì trong quá trình sử dụng lâu dài

PHÙ HỢP KHÔNG GIAN
• Phù hợp bố trí trong không gian nội thất văn phòng, mang lại sự tiện nghi và thẩm mỹ cho tổng thể không gian.",instock,1
HBTA008,Ban hop 90x180cm he trian chan sat tam giac (2),Nội thất văn phòng > Hệ Bàn > Hệ Trian,4510000,,"/images/products/HBTA008-1.png, /images/products/HBTA008-2.png","Bàn thiết kế chắc chắn, tối ưu không gian sử dụng.","Ban hop 90x180cm he trian chan sat tam giac (2) là lựa chọn lý tưởng cho không gian làm việc và sinh hoạt hiện đại, kết hợp giữa tính thẩm mỹ và công năng sử dụng thực tế.

THÔNG SỐ KỸ THUẬT
• Chất liệu: Chất liệu cao cấp, chọn lọc kỹ càng đảm bảo độ bền và tính thẩm mỹ
• Kích thước: 90x180cm
• Mã sản phẩm: HBTA008
• Bảo hành: 12 tháng

CÔNG NĂNG NỔI BẬT
• Mặt bàn rộng rãi, đủ không gian đặt máy tính, tài liệu và vật dụng cá nhân
• Khung/chân bàn chắc chắn, chịu lực tốt, hạn chế rung lắc khi sử dụng
• Thiết kế tối giản, dễ phối hợp với nhiều phong cách nội thất khác nhau
• Dễ dàng lắp ráp và vệ sinh, bảo trì trong quá trình sử dụng lâu dài

PHÙ HỢP KHÔNG GIAN
• Phù hợp bố trí trong không gian nội thất văn phòng, mang lại sự tiện nghi và thẩm mỹ cho tổng thể không gian.",instock,1
THS68008,Tu ho so 02,Nội thất văn phòng > Kệ - Tủ Văn Phòng > Tủ Hồ Sơ Đứng,9210000,,/images/products/THS68008-1.jpg,"Tủ lưu trữ tiện lợi, thiết kế gọn gàng.","Tu ho so 02 giúp tối ưu không gian lưu trữ, sắp xếp đồ đạc gọn gàng, khoa học mà vẫn đảm bảo tính thẩm mỹ cho căn phòng.

THÔNG SỐ KỸ THUẬT
• Chất liệu: Chất liệu cao cấp, chọn lọc kỹ càng đảm bảo độ bền và tính thẩm mỹ
• Mã sản phẩm: THS68008
• Bảo hành: 12 tháng

CÔNG NĂNG NỔI BẬT
• Nhiều ngăn/kệ chia hợp lý, tối ưu diện tích lưu trữ
• Hệ thống bản lề, tay nắm chắc chắn, đóng mở êm ái
• Bề mặt hoàn thiện chống trầy xước, dễ lau chùi
• Thiết kế kín đáo, giúp không gian luôn gọn gàng ngăn nắp

PHÙ HỢP KHÔNG GIAN
• Phù hợp bố trí trong không gian nội thất văn phòng, mang lại sự tiện nghi và thẩm mỹ cho tổng thể không gian.",instock,1
HCRT028,Chan ban rectang 180x80cm kichthuoc 01,Nội thất văn phòng > Hệ Bàn > Hệ Rectang,11060000,,"/images/products/HCRT028-1.jpg, /images/products/HCRT028-2.jpg, /images/products/HCRT028-3.jpg","Bàn thiết kế chắc chắn, tối ưu không gian sử dụng.","Chan ban rectang 180x80cm kichthuoc 01 là lựa chọn lý tưởng cho không gian làm việc và sinh hoạt hiện đại, kết hợp giữa tính thẩm mỹ và công năng sử dụng thực tế.

THÔNG SỐ KỸ THUẬT
• Chất liệu: Chất liệu cao cấp, chọn lọc kỹ càng đảm bảo độ bền và tính thẩm mỹ
• Kích thước: 180x80cm
• Mã sản phẩm: HCRT028
• Bảo hành: 12 tháng

CÔNG NĂNG NỔI BẬT
• Mặt bàn rộng rãi, đủ không gian đặt máy tính, tài liệu và vật dụng cá nhân
• Khung/chân bàn chắc chắn, chịu lực tốt, hạn chế rung lắc khi sử dụng
• Thiết kế tối giản, dễ phối hợp với nhiều phong cách nội thất khác nhau
• Dễ dàng lắp ráp và vệ sinh, bảo trì trong quá trình sử dụng lâu dài

PHÙ HỢP KHÔNG GIAN
• Phù hợp bố trí trong không gian nội thất văn phòng, mang lại sự tiện nghi và thẩm mỹ cho tổng thể không gian.",instock,1
HBCO033,Ban lam viec go plywood melamin chan sat (3),Phòng Làm Việc > Bàn Làm Việc,13640000,,/images/products/HBCO033-1.png,"Bàn thiết kế chắc chắn, tối ưu không gian sử dụng.","Ban lam viec go plywood melamin chan sat (3) là lựa chọn lý tưởng cho không gian làm việc và sinh hoạt hiện đại, kết hợp giữa tính thẩm mỹ và công năng sử dụng thực tế.

THÔNG SỐ KỸ THUẬT
• Chất liệu: Chất liệu cao cấp, chọn lọc kỹ càng đảm bảo độ bền và tính thẩm mỹ
• Mã sản phẩm: HBCO033
• Bảo hành: 12 tháng

CÔNG NĂNG NỔI BẬT
• Mặt bàn rộng rãi, đủ không gian đặt máy tính, tài liệu và vật dụng cá nhân
• Khung/chân bàn chắc chắn, chịu lực tốt, hạn chế rung lắc khi sử dụng
• Thiết kế tối giản, dễ phối hợp với nhiều phong cách nội thất khác nhau
• Dễ dàng lắp ráp và vệ sinh, bảo trì trong quá trình sử dụng lâu dài

PHÙ HỢP KHÔNG GIAN
• Phù hợp bố trí trong không gian phòng làm việc, mang lại sự tiện nghi và thẩm mỹ cho tổng thể không gian.",instock,1
HBPL002,Ban nhan vien go plywood chan sat lap rap he ply (2),Nội thất văn phòng > Bàn Văn Phòng > Bàn Nhân Viên,8980000,,/images/products/HBPL002-1.png,"Bàn thiết kế chắc chắn, tối ưu không gian sử dụng.","Ban nhan vien go plywood chan sat lap rap he ply (2) là lựa chọn lý tưởng cho không gian làm việc và sinh hoạt hiện đại, kết hợp giữa tính thẩm mỹ và công năng sử dụng thực tế.

THÔNG SỐ KỸ THUẬT
• Chất liệu: Chất liệu cao cấp, chọn lọc kỹ càng đảm bảo độ bền và tính thẩm mỹ
• Mã sản phẩm: HBPL002
• Bảo hành: 12 tháng

CÔNG NĂNG NỔI BẬT
• Mặt bàn rộng rãi, đủ không gian đặt máy tính, tài liệu và vật dụng cá nhân
• Khung/chân bàn chắc chắn, chịu lực tốt, hạn chế rung lắc khi sử dụng
• Thiết kế tối giản, dễ phối hợp với nhiều phong cách nội thất khác nhau
• Dễ dàng lắp ráp và vệ sinh, bảo trì trong quá trình sử dụng lâu dài

PHÙ HỢP KHÔNG GIAN
• Phù hợp bố trí trong không gian nội thất văn phòng, mang lại sự tiện nghi và thẩm mỹ cho tổng thể không gian.",instock,1
THS68024,Tu ho so 2 tang kichthuoc,Nội thất văn phòng > Kệ - Tủ Văn Phòng > Tủ Hồ Sơ Đứng,11210000,,/images/products/THS68024-1.jpg,"Tủ lưu trữ tiện lợi, thiết kế gọn gàng.","Tu ho so 2 tang kichthuoc giúp tối ưu không gian lưu trữ, sắp xếp đồ đạc gọn gàng, khoa học mà vẫn đảm bảo tính thẩm mỹ cho căn phòng.

THÔNG SỐ KỸ THUẬT
• Chất liệu: Chất liệu cao cấp, chọn lọc kỹ càng đảm bảo độ bền và tính thẩm mỹ
• Mã sản phẩm: THS68024
• Bảo hành: 12 tháng

CÔNG NĂNG NỔI BẬT
• Nhiều ngăn/kệ chia hợp lý, tối ưu diện tích lưu trữ
• Hệ thống bản lề, tay nắm chắc chắn, đóng mở êm ái
• Bề mặt hoàn thiện chống trầy xước, dễ lau chùi
• Thiết kế kín đáo, giúp không gian luôn gọn gàng ngăn nắp

PHÙ HỢP KHÔNG GIAN
• Phù hợp bố trí trong không gian nội thất văn phòng, mang lại sự tiện nghi và thẩm mỹ cho tổng thể không gian.",instock,1
HBVC003,Ban lam viec 140x60 vconcept chan sat lap rap (3),Phòng Làm Việc > Bàn Làm Việc,1960000,,"/images/products/HBVC003-1.png, /images/products/HBVC003-2.png","Bàn thiết kế chắc chắn, tối ưu không gian sử dụng.","Ban lam viec 140x60 vconcept chan sat lap rap (3) là lựa chọn lý tưởng cho không gian làm việc và sinh hoạt hiện đại, kết hợp giữa tính thẩm mỹ và công năng sử dụng thực tế.

THÔNG SỐ KỸ THUẬT
• Chất liệu: Chất liệu cao cấp, chọn lọc kỹ càng đảm bảo độ bền và tính thẩm mỹ
• Mã sản phẩm: HBVC003
• Bảo hành: 12 tháng

CÔNG NĂNG NỔI BẬT
• Mặt bàn rộng rãi, đủ không gian đặt máy tính, tài liệu và vật dụng cá nhân
• Khung/chân bàn chắc chắn, chịu lực tốt, hạn chế rung lắc khi sử dụng
• Thiết kế tối giản, dễ phối hợp với nhiều phong cách nội thất khác nhau
• Dễ dàng lắp ráp và vệ sinh, bảo trì trong quá trình sử dụng lâu dài

PHÙ HỢP KHÔNG GIAN
• Phù hợp bố trí trong không gian phòng làm việc, mang lại sự tiện nghi và thẩm mỹ cho tổng thể không gian.",instock,1
HBXC001,Ban lam viec 600x1000 xconcept (3),Phòng Làm Việc > Bàn Làm Việc,3680000,,"/images/products/HBXC001-1.png, /images/products/HBXC001-2.png","Bàn thiết kế chắc chắn, tối ưu không gian sử dụng.","Ban lam viec 600x1000 xconcept (3) là lựa chọn lý tưởng cho không gian làm việc và sinh hoạt hiện đại, kết hợp giữa tính thẩm mỹ và công năng sử dụng thực tế.

THÔNG SỐ KỸ THUẬT
• Chất liệu: Chất liệu cao cấp, chọn lọc kỹ càng đảm bảo độ bền và tính thẩm mỹ
• Mã sản phẩm: HBXC001
• Bảo hành: 12 tháng

CÔNG NĂNG NỔI BẬT
• Mặt bàn rộng rãi, đủ không gian đặt máy tính, tài liệu và vật dụng cá nhân
• Khung/chân bàn chắc chắn, chịu lực tốt, hạn chế rung lắc khi sử dụng
• Thiết kế tối giản, dễ phối hợp với nhiều phong cách nội thất khác nhau
• Dễ dàng lắp ráp và vệ sinh, bảo trì trong quá trình sử dụng lâu dài

PHÙ HỢP KHÔNG GIAN
• Phù hợp bố trí trong không gian phòng làm việc, mang lại sự tiện nghi và thẩm mỹ cho tổng thể không gian.",instock,1
HBTH005,Ban lam viec 140x70 trapeze ii concept lap rap (2),Phòng Làm Việc > Bàn Làm Việc,3060000,,/images/products/HBTH005-1.png,"Bàn thiết kế chắc chắn, tối ưu không gian sử dụng.","Ban lam viec 140x70 trapeze ii concept lap rap (2) là lựa chọn lý tưởng cho không gian làm việc và sinh hoạt hiện đại, kết hợp giữa tính thẩm mỹ và công năng sử dụng thực tế.

THÔNG SỐ KỸ THUẬT
• Chất liệu: Chất liệu cao cấp, chọn lọc kỹ càng đảm bảo độ bền và tính thẩm mỹ
• Mã sản phẩm: HBTH005
• Bảo hành: 12 tháng

CÔNG NĂNG NỔI BẬT
• Mặt bàn rộng rãi, đủ không gian đặt máy tính, tài liệu và vật dụng cá nhân
• Khung/chân bàn chắc chắn, chịu lực tốt, hạn chế rung lắc khi sử dụng
• Thiết kế tối giản, dễ phối hợp với nhiều phong cách nội thất khác nhau
• Dễ dàng lắp ráp và vệ sinh, bảo trì trong quá trình sử dụng lâu dài

PHÙ HỢP KHÔNG GIAN
• Phù hợp bố trí trong không gian phòng làm việc, mang lại sự tiện nghi và thẩm mỹ cho tổng thể không gian.",instock,1
HBMN030,Ban lam viec 07,Phòng Làm Việc > Bàn Làm Việc,13390000,,/images/products/HBMN030-1.jpg,"Bàn thiết kế chắc chắn, tối ưu không gian sử dụng.","Ban lam viec 07 là lựa chọn lý tưởng cho không gian làm việc và sinh hoạt hiện đại, kết hợp giữa tính thẩm mỹ và công năng sử dụng thực tế.

THÔNG SỐ KỸ THUẬT
• Chất liệu: Chất liệu cao cấp, chọn lọc kỹ càng đảm bảo độ bền và tính thẩm mỹ
• Mã sản phẩm: HBMN030
• Bảo hành: 12 tháng

CÔNG NĂNG NỔI BẬT
• Mặt bàn rộng rãi, đủ không gian đặt máy tính, tài liệu và vật dụng cá nhân
• Khung/chân bàn chắc chắn, chịu lực tốt, hạn chế rung lắc khi sử dụng
• Thiết kế tối giản, dễ phối hợp với nhiều phong cách nội thất khác nhau
• Dễ dàng lắp ráp và vệ sinh, bảo trì trong quá trình sử dụng lâu dài

PHÙ HỢP KHÔNG GIAN
• Phù hợp bố trí trong không gian phòng làm việc, mang lại sự tiện nghi và thẩm mỹ cho tổng thể không gian.",instock,1
HBMN034,Ban lam viec 120x60cm go cao su chan chu z he minimal (2),Nội thất văn phòng > Hệ Bàn > Hệ Minimal,4300000,,/images/products/HBMN034-1.png,"Bàn thiết kế chắc chắn, tối ưu không gian sử dụng.","Ban lam viec 120x60cm go cao su chan chu z he minimal (2) là lựa chọn lý tưởng cho không gian làm việc và sinh hoạt hiện đại, kết hợp giữa tính thẩm mỹ và công năng sử dụng thực tế.

THÔNG SỐ KỸ THUẬT
• Chất liệu: Chất liệu cao cấp, chọn lọc kỹ càng đảm bảo độ bền và tính thẩm mỹ
• Kích thước: 120x60cm
• Mã sản phẩm: HBMN034
• Bảo hành: 12 tháng

CÔNG NĂNG NỔI BẬT
• Mặt bàn rộng rãi, đủ không gian đặt máy tính, tài liệu và vật dụng cá nhân
• Khung/chân bàn chắc chắn, chịu lực tốt, hạn chế rung lắc khi sử dụng
• Thiết kế tối giản, dễ phối hợp với nhiều phong cách nội thất khác nhau
• Dễ dàng lắp ráp và vệ sinh, bảo trì trong quá trình sử dụng lâu dài

PHÙ HỢP KHÔNG GIAN
• Phù hợp bố trí trong không gian nội thất văn phòng, mang lại sự tiện nghi và thẩm mỹ cho tổng thể không gian.",instock,1
BCVP002,Ban cum 4 04,Nội thất văn phòng > Bàn Văn Phòng > Cụm bàn 2 người,10950000,,/images/products/BCVP002-1.jpg,"Bàn thiết kế chắc chắn, tối ưu không gian sử dụng.","Ban cum 4 04 là lựa chọn lý tưởng cho không gian làm việc và sinh hoạt hiện đại, kết hợp giữa tính thẩm mỹ và công năng sử dụng thực tế.

THÔNG SỐ KỸ THUẬT
• Chất liệu: Chất liệu cao cấp, chọn lọc kỹ càng đảm bảo độ bền và tính thẩm mỹ
• Mã sản phẩm: BCVP002
• Bảo hành: 12 tháng

CÔNG NĂNG NỔI BẬT
• Mặt bàn rộng rãi, đủ không gian đặt máy tính, tài liệu và vật dụng cá nhân
• Khung/chân bàn chắc chắn, chịu lực tốt, hạn chế rung lắc khi sử dụng
• Thiết kế tối giản, dễ phối hợp với nhiều phong cách nội thất khác nhau
• Dễ dàng lắp ráp và vệ sinh, bảo trì trong quá trình sử dụng lâu dài

PHÙ HỢP KHÔNG GIAN
• Phù hợp bố trí trong không gian nội thất văn phòng, mang lại sự tiện nghi và thẩm mỹ cho tổng thể không gian.",instock,1
HBUC039,Ban lam viec 120x60cm plywood be tong 01,Nội thất văn phòng > Hệ Bàn > Hệ UConcept,2400000,,"/images/products/HBUC039-1.jpg, /images/products/HBUC039-2.jpg, /images/products/HBUC039-3.png, /images/products/HBUC039-4.jpg, /images/products/HBUC039-5.jpg","Bàn thiết kế chắc chắn, tối ưu không gian sử dụng.","Ban lam viec 120x60cm plywood be tong 01 là lựa chọn lý tưởng cho không gian làm việc và sinh hoạt hiện đại, kết hợp giữa tính thẩm mỹ và công năng sử dụng thực tế.

THÔNG SỐ KỸ THUẬT
• Chất liệu: Chất liệu cao cấp, chọn lọc kỹ càng đảm bảo độ bền và tính thẩm mỹ
• Kích thước: 120x60cm
• Mã sản phẩm: HBUC039
• Bảo hành: 12 tháng

CÔNG NĂNG NỔI BẬT
• Mặt bàn rộng rãi, đủ không gian đặt máy tính, tài liệu và vật dụng cá nhân
• Khung/chân bàn chắc chắn, chịu lực tốt, hạn chế rung lắc khi sử dụng
• Thiết kế tối giản, dễ phối hợp với nhiều phong cách nội thất khác nhau
• Dễ dàng lắp ráp và vệ sinh, bảo trì trong quá trình sử dụng lâu dài

PHÙ HỢP KHÔNG GIAN
• Phù hợp bố trí trong không gian nội thất văn phòng, mang lại sự tiện nghi và thẩm mỹ cho tổng thể không gian.",instock,1
HCTG004,Ban 160x60cm chan tam giac quy 01 mlob 5o,Nội thất văn phòng > Hệ Bàn > Hệ Tứ Giác Côn,7990000,,"/images/products/HCTG004-1.jpg, /images/products/HCTG004-2.jpg, /images/products/HCTG004-3.jpg, /images/products/HCTG004-4.jpg","Bàn thiết kế chắc chắn, tối ưu không gian sử dụng.","Ban 160x60cm chan tam giac quy 01 mlob 5o là lựa chọn lý tưởng cho không gian làm việc và sinh hoạt hiện đại, kết hợp giữa tính thẩm mỹ và công năng sử dụng thực tế.

THÔNG SỐ KỸ THUẬT
• Chất liệu: Chất liệu cao cấp, chọn lọc kỹ càng đảm bảo độ bền và tính thẩm mỹ
• Kích thước: 160x60cm
• Mã sản phẩm: HCTG004
• Bảo hành: 12 tháng

CÔNG NĂNG NỔI BẬT
• Mặt bàn rộng rãi, đủ không gian đặt máy tính, tài liệu và vật dụng cá nhân
• Khung/chân bàn chắc chắn, chịu lực tốt, hạn chế rung lắc khi sử dụng
• Thiết kế tối giản, dễ phối hợp với nhiều phong cách nội thất khác nhau
• Dễ dàng lắp ráp và vệ sinh, bảo trì trong quá trình sử dụng lâu dài

PHÙ HỢP KHÔNG GIAN
• Phù hợp bố trí trong không gian nội thất văn phòng, mang lại sự tiện nghi và thẩm mỹ cho tổng thể không gian.",instock,1
HBMN013,Ban cum 6 go cao su chan sat lap rap he minimal (2),Nội thất văn phòng > Hệ Bàn > Hệ Minimal,11570000,,/images/products/HBMN013-1.png,"Bàn thiết kế chắc chắn, tối ưu không gian sử dụng.","Ban cum 6 go cao su chan sat lap rap he minimal (2) là lựa chọn lý tưởng cho không gian làm việc và sinh hoạt hiện đại, kết hợp giữa tính thẩm mỹ và công năng sử dụng thực tế.

THÔNG SỐ KỸ THUẬT
• Chất liệu: Chất liệu cao cấp, chọn lọc kỹ càng đảm bảo độ bền và tính thẩm mỹ
• Mã sản phẩm: HBMN013
• Bảo hành: 12 tháng

CÔNG NĂNG NỔI BẬT
• Mặt bàn rộng rãi, đủ không gian đặt máy tính, tài liệu và vật dụng cá nhân
• Khung/chân bàn chắc chắn, chịu lực tốt, hạn chế rung lắc khi sử dụng
• Thiết kế tối giản, dễ phối hợp với nhiều phong cách nội thất khác nhau
• Dễ dàng lắp ráp và vệ sinh, bảo trì trong quá trình sử dụng lâu dài

PHÙ HỢP KHÔNG GIAN
• Phù hợp bố trí trong không gian nội thất văn phòng, mang lại sự tiện nghi và thẩm mỹ cho tổng thể không gian.",instock,1
HBXC026,Ban lam vic 140x70cm xconcept jaj2 li,Nội thất văn phòng > Hệ Bàn > Hệ XConcept,11070000,,"/images/products/HBXC026-1.png, /images/products/HBXC026-2.png, /images/products/HBXC026-3.jpg","Bàn thiết kế chắc chắn, tối ưu không gian sử dụng.","Ban lam vic 140x70cm xconcept jaj2 li là lựa chọn lý tưởng cho không gian làm việc và sinh hoạt hiện đại, kết hợp giữa tính thẩm mỹ và công năng sử dụng thực tế.

THÔNG SỐ KỸ THUẬT
• Chất liệu: Chất liệu cao cấp, chọn lọc kỹ càng đảm bảo độ bền và tính thẩm mỹ
• Kích thước: 140x70cm
• Mã sản phẩm: HBXC026
• Bảo hành: 12 tháng

CÔNG NĂNG NỔI BẬT
• Mặt bàn rộng rãi, đủ không gian đặt máy tính, tài liệu và vật dụng cá nhân
• Khung/chân bàn chắc chắn, chịu lực tốt, hạn chế rung lắc khi sử dụng
• Thiết kế tối giản, dễ phối hợp với nhiều phong cách nội thất khác nhau
• Dễ dàng lắp ráp và vệ sinh, bảo trì trong quá trình sử dụng lâu dài

PHÙ HỢP KHÔNG GIAN
• Phù hợp bố trí trong không gian nội thất văn phòng, mang lại sự tiện nghi và thẩm mỹ cho tổng thể không gian.",instock,1
THS68012,Tu ho so cao go cao su cua kinh 1,Nội thất văn phòng > Kệ - Tủ Văn Phòng > Tủ Hồ Sơ Đứng,4280000,,"/images/products/THS68012-1.jpg, /images/products/THS68012-2.jpg","Tủ lưu trữ tiện lợi, thiết kế gọn gàng.","Tu ho so cao go cao su cua kinh 1 giúp tối ưu không gian lưu trữ, sắp xếp đồ đạc gọn gàng, khoa học mà vẫn đảm bảo tính thẩm mỹ cho căn phòng.

THÔNG SỐ KỸ THUẬT
• Chất liệu: Chất liệu cao cấp, chọn lọc kỹ càng đảm bảo độ bền và tính thẩm mỹ
• Mã sản phẩm: THS68012
• Bảo hành: 12 tháng

CÔNG NĂNG NỔI BẬT
• Nhiều ngăn/kệ chia hợp lý, tối ưu diện tích lưu trữ
• Hệ thống bản lề, tay nắm chắc chắn, đóng mở êm ái
• Bề mặt hoàn thiện chống trầy xước, dễ lau chùi
• Thiết kế kín đáo, giúp không gian luôn gọn gàng ngăn nắp

PHÙ HỢP KHÔNG GIAN
• Phù hợp bố trí trong không gian nội thất văn phòng, mang lại sự tiện nghi và thẩm mỹ cho tổng thể không gian.",instock,1
THS68050,Tu ho so 04,Nội thất văn phòng > Kệ - Tủ Văn Phòng > Tủ Hồ Sơ Đứng,9010000,,/images/products/THS68050-1.jpg,"Tủ lưu trữ tiện lợi, thiết kế gọn gàng.","Tu ho so 04 giúp tối ưu không gian lưu trữ, sắp xếp đồ đạc gọn gàng, khoa học mà vẫn đảm bảo tính thẩm mỹ cho căn phòng.

THÔNG SỐ KỸ THUẬT
• Chất liệu: Chất liệu cao cấp, chọn lọc kỹ càng đảm bảo độ bền và tính thẩm mỹ
• Mã sản phẩm: THS68050
• Bảo hành: 12 tháng

CÔNG NĂNG NỔI BẬT
• Nhiều ngăn/kệ chia hợp lý, tối ưu diện tích lưu trữ
• Hệ thống bản lề, tay nắm chắc chắn, đóng mở êm ái
• Bề mặt hoàn thiện chống trầy xước, dễ lau chùi
• Thiết kế kín đáo, giúp không gian luôn gọn gàng ngăn nắp

PHÙ HỢP KHÔNG GIAN
• Phù hợp bố trí trong không gian nội thất văn phòng, mang lại sự tiện nghi và thẩm mỹ cho tổng thể không gian.",instock,1
HBTH017,Ban chu l 140x150 trapeze 2 concept chan sat lap rap (2),Nội thất văn phòng > Hệ Bàn > Hệ Trapeze,3940000,,/images/products/HBTH017-1.png,"Bàn thiết kế chắc chắn, tối ưu không gian sử dụng.","Ban chu l 140x150 trapeze 2 concept chan sat lap rap (2) là lựa chọn lý tưởng cho không gian làm việc và sinh hoạt hiện đại, kết hợp giữa tính thẩm mỹ và công năng sử dụng thực tế.

THÔNG SỐ KỸ THUẬT
• Chất liệu: Chất liệu cao cấp, chọn lọc kỹ càng đảm bảo độ bền và tính thẩm mỹ
• Mã sản phẩm: HBTH017
• Bảo hành: 12 tháng

CÔNG NĂNG NỔI BẬT
• Mặt bàn rộng rãi, đủ không gian đặt máy tính, tài liệu và vật dụng cá nhân
• Khung/chân bàn chắc chắn, chịu lực tốt, hạn chế rung lắc khi sử dụng
• Thiết kế tối giản, dễ phối hợp với nhiều phong cách nội thất khác nhau
• Dễ dàng lắp ráp và vệ sinh, bảo trì trong quá trình sử dụng lâu dài

PHÙ HỢP KHÔNG GIAN
• Phù hợp bố trí trong không gian nội thất văn phòng, mang lại sự tiện nghi và thẩm mỹ cho tổng thể không gian.",instock,1
HBKC017,Ban chu l kconcept 1,Nội thất văn phòng > Hệ Bàn > Hệ KConcept,2500000,,"/images/products/HBKC017-1.jpg, /images/products/HBKC017-2.jpg, /images/products/HBKC017-3.jpg","Bàn thiết kế chắc chắn, tối ưu không gian sử dụng.","Ban chu l kconcept 1 là lựa chọn lý tưởng cho không gian làm việc và sinh hoạt hiện đại, kết hợp giữa tính thẩm mỹ và công năng sử dụng thực tế.

THÔNG SỐ KỸ THUẬT
• Chất liệu: Chất liệu cao cấp, chọn lọc kỹ càng đảm bảo độ bền và tính thẩm mỹ
• Mã sản phẩm: HBKC017
• Bảo hành: 12 tháng

CÔNG NĂNG NỔI BẬT
• Mặt bàn rộng rãi, đủ không gian đặt máy tính, tài liệu và vật dụng cá nhân
• Khung/chân bàn chắc chắn, chịu lực tốt, hạn chế rung lắc khi sử dụng
• Thiết kế tối giản, dễ phối hợp với nhiều phong cách nội thất khác nhau
• Dễ dàng lắp ráp và vệ sinh, bảo trì trong quá trình sử dụng lâu dài

PHÙ HỢP KHÔNG GIAN
• Phù hợp bố trí trong không gian nội thất văn phòng, mang lại sự tiện nghi và thẩm mỹ cho tổng thể không gian.",instock,1
TCN68034,Tu di dong 04a,Nội thất văn phòng > Kệ - Tủ Văn Phòng > Tủ Hồ Sơ Di Động,6970000,,"/images/products/TCN68034-1.jpg, /images/products/TCN68034-2.jpg","Tủ lưu trữ tiện lợi, thiết kế gọn gàng.","Tu di dong 04a giúp tối ưu không gian lưu trữ, sắp xếp đồ đạc gọn gàng, khoa học mà vẫn đảm bảo tính thẩm mỹ cho căn phòng.

THÔNG SỐ KỸ THUẬT
• Chất liệu: Chất liệu cao cấp, chọn lọc kỹ càng đảm bảo độ bền và tính thẩm mỹ
• Mã sản phẩm: TCN68034
• Bảo hành: 12 tháng

CÔNG NĂNG NỔI BẬT
• Nhiều ngăn/kệ chia hợp lý, tối ưu diện tích lưu trữ
• Hệ thống bản lề, tay nắm chắc chắn, đóng mở êm ái
• Bề mặt hoàn thiện chống trầy xước, dễ lau chùi
• Thiết kế kín đáo, giúp không gian luôn gọn gàng ngăn nắp

PHÙ HỢP KHÔNG GIAN
• Phù hợp bố trí trong không gian nội thất văn phòng, mang lại sự tiện nghi và thẩm mỹ cho tổng thể không gian.",instock,1
HBAT016,Ban lam viec chu l 140x140 aton concept chan sat lap rap (2),Phòng Làm Việc > Bàn Làm Việc,7920000,,/images/products/HBAT016-1.png,"Bàn thiết kế chắc chắn, tối ưu không gian sử dụng.","Ban lam viec chu l 140x140 aton concept chan sat lap rap (2) là lựa chọn lý tưởng cho không gian làm việc và sinh hoạt hiện đại, kết hợp giữa tính thẩm mỹ và công năng sử dụng thực tế.

THÔNG SỐ KỸ THUẬT
• Chất liệu: Chất liệu cao cấp, chọn lọc kỹ càng đảm bảo độ bền và tính thẩm mỹ
• Mã sản phẩm: HBAT016
• Bảo hành: 12 tháng

CÔNG NĂNG NỔI BẬT
• Mặt bàn rộng rãi, đủ không gian đặt máy tính, tài liệu và vật dụng cá nhân
• Khung/chân bàn chắc chắn, chịu lực tốt, hạn chế rung lắc khi sử dụng
• Thiết kế tối giản, dễ phối hợp với nhiều phong cách nội thất khác nhau
• Dễ dàng lắp ráp và vệ sinh, bảo trì trong quá trình sử dụng lâu dài

PHÙ HỢP KHÔNG GIAN
• Phù hợp bố trí trong không gian phòng làm việc, mang lại sự tiện nghi và thẩm mỹ cho tổng thể không gian.",instock,1
KG68028,Ke giay 4 tang go cao su 01,Phòng Khách > Tủ Kệ Giày,2470000,,/images/products/KG68028-1.jpg,"Tủ lưu trữ tiện lợi, thiết kế gọn gàng.","Ke giay 4 tang go cao su 01 giúp tối ưu không gian lưu trữ, sắp xếp đồ đạc gọn gàng, khoa học mà vẫn đảm bảo tính thẩm mỹ cho căn phòng.

THÔNG SỐ KỸ THUẬT
• Chất liệu: Chất liệu cao cấp, chọn lọc kỹ càng đảm bảo độ bền và tính thẩm mỹ
• Mã sản phẩm: KG68028
• Bảo hành: 12 tháng

CÔNG NĂNG NỔI BẬT
• Nhiều ngăn/kệ chia hợp lý, tối ưu diện tích lưu trữ
• Hệ thống bản lề, tay nắm chắc chắn, đóng mở êm ái
• Bề mặt hoàn thiện chống trầy xước, dễ lau chùi
• Thiết kế kín đáo, giúp không gian luôn gọn gàng ngăn nắp

PHÙ HỢP KHÔNG GIAN
• Phù hợp bố trí trong không gian phòng khách, mang lại sự tiện nghi và thẩm mỹ cho tổng thể không gian.",instock,1
HBON003,Ban lam viec 140x60 he pipe concept lap rap (3),Nội thất văn phòng > Hệ Bàn > Hệ Pipe,7800000,,"/images/products/HBON003-1.png, /images/products/HBON003-2.png","Bàn thiết kế chắc chắn, tối ưu không gian sử dụng.","Ban lam viec 140x60 he pipe concept lap rap (3) là lựa chọn lý tưởng cho không gian làm việc và sinh hoạt hiện đại, kết hợp giữa tính thẩm mỹ và công năng sử dụng thực tế.

THÔNG SỐ KỸ THUẬT
• Chất liệu: Chất liệu cao cấp, chọn lọc kỹ càng đảm bảo độ bền và tính thẩm mỹ
• Mã sản phẩm: HBON003
• Bảo hành: 12 tháng

CÔNG NĂNG NỔI BẬT
• Mặt bàn rộng rãi, đủ không gian đặt máy tính, tài liệu và vật dụng cá nhân
• Khung/chân bàn chắc chắn, chịu lực tốt, hạn chế rung lắc khi sử dụng
• Thiết kế tối giản, dễ phối hợp với nhiều phong cách nội thất khác nhau
• Dễ dàng lắp ráp và vệ sinh, bảo trì trong quá trình sử dụng lâu dài

PHÙ HỢP KHÔNG GIAN
• Phù hợp bố trí trong không gian nội thất văn phòng, mang lại sự tiện nghi và thẩm mỹ cho tổng thể không gian.",instock,1
HBAC004,Ban lam viec 120x70 aconcept chan sat lap rap (3),Phòng Làm Việc > Bàn Làm Việc,5320000,,"/images/products/HBAC004-1.png, /images/products/HBAC004-2.png","Bàn thiết kế chắc chắn, tối ưu không gian sử dụng.","Ban lam viec 120x70 aconcept chan sat lap rap (3) là lựa chọn lý tưởng cho không gian làm việc và sinh hoạt hiện đại, kết hợp giữa tính thẩm mỹ và công năng sử dụng thực tế.

THÔNG SỐ KỸ THUẬT
• Chất liệu: Chất liệu cao cấp, chọn lọc kỹ càng đảm bảo độ bền và tính thẩm mỹ
• Mã sản phẩm: HBAC004
• Bảo hành: 12 tháng

CÔNG NĂNG NỔI BẬT
• Mặt bàn rộng rãi, đủ không gian đặt máy tính, tài liệu và vật dụng cá nhân
• Khung/chân bàn chắc chắn, chịu lực tốt, hạn chế rung lắc khi sử dụng
• Thiết kế tối giản, dễ phối hợp với nhiều phong cách nội thất khác nhau
• Dễ dàng lắp ráp và vệ sinh, bảo trì trong quá trình sử dụng lâu dài

PHÙ HỢP KHÔNG GIAN
• Phù hợp bố trí trong không gian phòng làm việc, mang lại sự tiện nghi và thẩm mỹ cho tổng thể không gian.",instock,1
HBUC026,Ban cm 2 song song uconcept 60x240cm c1wk fv,Nội thất văn phòng > Hệ Bàn > Hệ UConcept,13240000,,"/images/products/HBUC026-1.png, /images/products/HBUC026-2.png","Bàn thiết kế chắc chắn, tối ưu không gian sử dụng.","Ban cm 2 song song uconcept 60x240cm c1wk fv là lựa chọn lý tưởng cho không gian làm việc và sinh hoạt hiện đại, kết hợp giữa tính thẩm mỹ và công năng sử dụng thực tế.

THÔNG SỐ KỸ THUẬT
• Chất liệu: Chất liệu cao cấp, chọn lọc kỹ càng đảm bảo độ bền và tính thẩm mỹ
• Kích thước: 60x240cm
• Mã sản phẩm: HBUC026
• Bảo hành: 12 tháng

CÔNG NĂNG NỔI BẬT
• Mặt bàn rộng rãi, đủ không gian đặt máy tính, tài liệu và vật dụng cá nhân
• Khung/chân bàn chắc chắn, chịu lực tốt, hạn chế rung lắc khi sử dụng
• Thiết kế tối giản, dễ phối hợp với nhiều phong cách nội thất khác nhau
• Dễ dàng lắp ráp và vệ sinh, bảo trì trong quá trình sử dụng lâu dài

PHÙ HỢP KHÔNG GIAN
• Phù hợp bố trí trong không gian nội thất văn phòng, mang lại sự tiện nghi và thẩm mỹ cho tổng thể không gian.",instock,1
HBTG024,Ban hop 240x120cm chan sat tam giac quy 02,Nội thất văn phòng > Bàn Văn Phòng > Bàn Họp,5990000,,"/images/products/HBTG024-1.jpg, /images/products/HBTG024-2.jpg, /images/products/HBTG024-3.jpg","Bàn thiết kế chắc chắn, tối ưu không gian sử dụng.","Ban hop 240x120cm chan sat tam giac quy 02 là lựa chọn lý tưởng cho không gian làm việc và sinh hoạt hiện đại, kết hợp giữa tính thẩm mỹ và công năng sử dụng thực tế.

THÔNG SỐ KỸ THUẬT
• Chất liệu: Chất liệu cao cấp, chọn lọc kỹ càng đảm bảo độ bền và tính thẩm mỹ
• Kích thước: 240x120cm
• Mã sản phẩm: HBTG024
• Bảo hành: 12 tháng

CÔNG NĂNG NỔI BẬT
• Mặt bàn rộng rãi, đủ không gian đặt máy tính, tài liệu và vật dụng cá nhân
• Khung/chân bàn chắc chắn, chịu lực tốt, hạn chế rung lắc khi sử dụng
• Thiết kế tối giản, dễ phối hợp với nhiều phong cách nội thất khác nhau
• Dễ dàng lắp ráp và vệ sinh, bảo trì trong quá trình sử dụng lâu dài

PHÙ HỢP KHÔNG GIAN
• Phù hợp bố trí trong không gian nội thất văn phòng, mang lại sự tiện nghi và thẩm mỹ cho tổng thể không gian.",instock,1
HBTG004,Ban lam viec go cao su chan sat tam gia he trian ii (2),Nội thất văn phòng > Hệ Chân Bàn > Chân sắt hệ Trian II,1650000,,"/images/products/HBTG004-1.jpg, /images/products/HBTG004-2.jpg, /images/products/HBTG004-3.jpg, /images/products/HBTG004-4.png, /images/products/HBTG004-5.jpg, /images/products/HBTG004-6.jpg","Phụ kiện tiện dụng, hỗ trợ không gian làm việc gọn gàng.","Ban lam viec go cao su chan sat tam gia he trian ii (2) là phụ kiện hỗ trợ đắc lực, giúp không gian làm việc/sinh hoạt gọn gàng và tiện dụng hơn.

THÔNG SỐ KỸ THUẬT
• Chất liệu: Chất liệu cao cấp, chọn lọc kỹ càng đảm bảo độ bền và tính thẩm mỹ
• Mã sản phẩm: HBTG004
• Bảo hành: 12 tháng

CÔNG NĂNG NỔI BẬT
• Thiết kế nhỏ gọn, dễ dàng lắp đặt vào hệ bàn/ghế hiện có
• Chất liệu bền bỉ, chịu lực và chịu nhiệt tốt trong quá trình sử dụng
• Giúp không gian làm việc gọn gàng, khoa học hơn
• Tương thích với nhiều mẫu bàn/ghế khác nhau

PHÙ HỢP KHÔNG GIAN
• Phù hợp bố trí trong không gian nội thất văn phòng, mang lại sự tiện nghi và thẩm mỹ cho tổng thể không gian.",instock,1
HBOV034,Ban 140x60cm go plywood chan sat oval 03,Nội thất văn phòng > Hệ Bàn > Hệ Oval,3520000,,"/images/products/HBOV034-1.jpg, /images/products/HBOV034-2.jpg, /images/products/HBOV034-3.jpg, /images/products/HBOV034-4.jpg, /images/products/HBOV034-5.jpg","Bàn thiết kế chắc chắn, tối ưu không gian sử dụng.","Ban 140x60cm go plywood chan sat oval 03 là lựa chọn lý tưởng cho không gian làm việc và sinh hoạt hiện đại, kết hợp giữa tính thẩm mỹ và công năng sử dụng thực tế.

THÔNG SỐ KỸ THUẬT
• Chất liệu: Chất liệu cao cấp, chọn lọc kỹ càng đảm bảo độ bền và tính thẩm mỹ
• Kích thước: 140x60cm
• Mã sản phẩm: HBOV034
• Bảo hành: 12 tháng

CÔNG NĂNG NỔI BẬT
• Mặt bàn rộng rãi, đủ không gian đặt máy tính, tài liệu và vật dụng cá nhân
• Khung/chân bàn chắc chắn, chịu lực tốt, hạn chế rung lắc khi sử dụng
• Thiết kế tối giản, dễ phối hợp với nhiều phong cách nội thất khác nhau
• Dễ dàng lắp ráp và vệ sinh, bảo trì trong quá trình sử dụng lâu dài

PHÙ HỢP KHÔNG GIAN
• Phù hợp bố trí trong không gian nội thất văn phòng, mang lại sự tiện nghi và thẩm mỹ cho tổng thể không gian.",instock,1
GD68052,Ban game 120x70cm kconcept 01,Nội thất văn phòng > Hệ Bàn > Hệ KConcept,7730000,,/images/products/GD68052-1.jpg,"Bàn thiết kế chắc chắn, tối ưu không gian sử dụng.","Ban game 120x70cm kconcept 01 là lựa chọn lý tưởng cho không gian làm việc và sinh hoạt hiện đại, kết hợp giữa tính thẩm mỹ và công năng sử dụng thực tế.

THÔNG SỐ KỸ THUẬT
• Chất liệu: Chất liệu cao cấp, chọn lọc kỹ càng đảm bảo độ bền và tính thẩm mỹ
• Kích thước: 120x70cm
• Mã sản phẩm: GD68052
• Bảo hành: 12 tháng

CÔNG NĂNG NỔI BẬT
• Mặt bàn rộng rãi, đủ không gian đặt máy tính, tài liệu và vật dụng cá nhân
• Khung/chân bàn chắc chắn, chịu lực tốt, hạn chế rung lắc khi sử dụng
• Thiết kế tối giản, dễ phối hợp với nhiều phong cách nội thất khác nhau
• Dễ dàng lắp ráp và vệ sinh, bảo trì trong quá trình sử dụng lâu dài

PHÙ HỢP KHÔNG GIAN
• Phù hợp bố trí trong không gian nội thất văn phòng, mang lại sự tiện nghi và thẩm mỹ cho tổng thể không gian.",instock,1
PSD007,Ban hoc doi yaris co tam chan 02 w60d by,Trường Học > Bàn Ghế Trường Học > Bàn ghế Mầm Non,4310000,,/images/products/PSD007-1.jpg,"Ghế công thái học, êm ái và bền bỉ.","Ban hoc doi yaris co tam chan 02 w60d by mang đến trải nghiệm ngồi thoải mái, hỗ trợ tư thế đúng chuẩn cho thời gian sử dụng dài mà không gây mỏi mệt.

THÔNG SỐ KỸ THUẬT
• Chất liệu: Chất liệu cao cấp, chọn lọc kỹ càng đảm bảo độ bền và tính thẩm mỹ
• Mã sản phẩm: PSD007
• Bảo hành: 12 tháng

CÔNG NĂNG NỔI BẬT
• Thiết kế công thái học, nâng đỡ tốt cho vùng lưng và cổ
• Khung ghế chắc chắn, chịu tải trọng tốt, đảm bảo an toàn khi sử dụng
• Đệm ngồi êm ái, thoáng khí, phù hợp ngồi làm việc/sinh hoạt trong thời gian dài
• Kiểu dáng hiện đại, dễ dàng kết hợp với nhiều không gian nội thất

PHÙ HỢP KHÔNG GIAN
• Phù hợp bố trí trong không gian trường học, mang lại sự tiện nghi và thẩm mỹ cho tổng thể không gian.",instock,1
HBTC038,Ban lam viec chu l go plywood chan sat trapeze (2),Phòng Làm Việc > Bàn Làm Việc,12210000,,"/images/products/HBTC038-1.jpg, /images/products/HBTC038-2.jpg, /images/products/HBTC038-3.png, /images/products/HBTC038-4.jpg, /images/products/HBTC038-5.jpg","Bàn thiết kế chắc chắn, tối ưu không gian sử dụng.","Ban lam viec chu l go plywood chan sat trapeze (2) là lựa chọn lý tưởng cho không gian làm việc và sinh hoạt hiện đại, kết hợp giữa tính thẩm mỹ và công năng sử dụng thực tế.

THÔNG SỐ KỸ THUẬT
• Chất liệu: Chất liệu cao cấp, chọn lọc kỹ càng đảm bảo độ bền và tính thẩm mỹ
• Mã sản phẩm: HBTC038
• Bảo hành: 12 tháng

CÔNG NĂNG NỔI BẬT
• Mặt bàn rộng rãi, đủ không gian đặt máy tính, tài liệu và vật dụng cá nhân
• Khung/chân bàn chắc chắn, chịu lực tốt, hạn chế rung lắc khi sử dụng
• Thiết kế tối giản, dễ phối hợp với nhiều phong cách nội thất khác nhau
• Dễ dàng lắp ráp và vệ sinh, bảo trì trong quá trình sử dụng lâu dài

PHÙ HỢP KHÔNG GIAN
• Phù hợp bố trí trong không gian phòng làm việc, mang lại sự tiện nghi và thẩm mỹ cho tổng thể không gian.",instock,1
SPD68181,Ban gap 120x50cm go plywood 05,Nội thất văn phòng > Hệ Chân Bàn > Chân sắt gấp gọn,570000,,/images/products/SPD68181-1.jpg,"Phụ kiện tiện dụng, hỗ trợ không gian làm việc gọn gàng.","Ban gap 120x50cm go plywood 05 là phụ kiện hỗ trợ đắc lực, giúp không gian làm việc/sinh hoạt gọn gàng và tiện dụng hơn.

THÔNG SỐ KỸ THUẬT
• Chất liệu: Chất liệu cao cấp, chọn lọc kỹ càng đảm bảo độ bền và tính thẩm mỹ
• Kích thước: 120x50cm
• Mã sản phẩm: SPD68181
• Bảo hành: 12 tháng

CÔNG NĂNG NỔI BẬT
• Thiết kế nhỏ gọn, dễ dàng lắp đặt vào hệ bàn/ghế hiện có
• Chất liệu bền bỉ, chịu lực và chịu nhiệt tốt trong quá trình sử dụng
• Giúp không gian làm việc gọn gàng, khoa học hơn
• Tương thích với nhiều mẫu bàn/ghế khác nhau

PHÙ HỢP KHÔNG GIAN
• Phù hợp bố trí trong không gian nội thất văn phòng, mang lại sự tiện nghi và thẩm mỹ cho tổng thể không gian.",instock,1
BMT067,Ban go me tay chan hairpin 06,Nội thất văn phòng > Phụ Kiện Bàn > Tay Đỡ Màn Hình,750000,,/images/products/BMT067-1.jpg,"Phụ kiện tiện dụng, hỗ trợ không gian làm việc gọn gàng.","Ban go me tay chan hairpin 06 là phụ kiện hỗ trợ đắc lực, giúp không gian làm việc/sinh hoạt gọn gàng và tiện dụng hơn.

THÔNG SỐ KỸ THUẬT
• Chất liệu: Chất liệu cao cấp, chọn lọc kỹ càng đảm bảo độ bền và tính thẩm mỹ
• Mã sản phẩm: BMT067
• Bảo hành: 12 tháng

CÔNG NĂNG NỔI BẬT
• Thiết kế nhỏ gọn, dễ dàng lắp đặt vào hệ bàn/ghế hiện có
• Chất liệu bền bỉ, chịu lực và chịu nhiệt tốt trong quá trình sử dụng
• Giúp không gian làm việc gọn gàng, khoa học hơn
• Tương thích với nhiều mẫu bàn/ghế khác nhau

PHÙ HỢP KHÔNG GIAN
• Phù hợp bố trí trong không gian nội thất văn phòng, mang lại sự tiện nghi và thẩm mỹ cho tổng thể không gian.",instock,1
HBKC018,He ban goc l kconcept 01,Nội thất văn phòng > Hệ Bàn > Hệ KConcept,4530000,,"/images/products/HBKC018-1.jpg, /images/products/HBKC018-2.jpg","Bàn thiết kế chắc chắn, tối ưu không gian sử dụng.","He ban goc l kconcept 01 là lựa chọn lý tưởng cho không gian làm việc và sinh hoạt hiện đại, kết hợp giữa tính thẩm mỹ và công năng sử dụng thực tế.

THÔNG SỐ KỸ THUẬT
• Chất liệu: Chất liệu cao cấp, chọn lọc kỹ càng đảm bảo độ bền và tính thẩm mỹ
• Mã sản phẩm: HBKC018
• Bảo hành: 12 tháng

CÔNG NĂNG NỔI BẬT
• Mặt bàn rộng rãi, đủ không gian đặt máy tính, tài liệu và vật dụng cá nhân
• Khung/chân bàn chắc chắn, chịu lực tốt, hạn chế rung lắc khi sử dụng
• Thiết kế tối giản, dễ phối hợp với nhiều phong cách nội thất khác nhau
• Dễ dàng lắp ráp và vệ sinh, bảo trì trong quá trình sử dụng lâu dài

PHÙ HỢP KHÔNG GIAN
• Phù hợp bố trí trong không gian nội thất văn phòng, mang lại sự tiện nghi và thẩm mỹ cho tổng thể không gian.",instock,1
ET223,Ban nang ha thong minh goc L dl mat ban 01,Nội thất văn phòng > Hệ Chân Bàn > Chân bàn nâng hạ Flexi,620000,,/images/products/ET223-1.jpg,"Phụ kiện tiện dụng, hỗ trợ không gian làm việc gọn gàng.","Ban nang ha thong minh goc L dl mat ban 01 là phụ kiện hỗ trợ đắc lực, giúp không gian làm việc/sinh hoạt gọn gàng và tiện dụng hơn.

THÔNG SỐ KỸ THUẬT
• Chất liệu: Chất liệu cao cấp, chọn lọc kỹ càng đảm bảo độ bền và tính thẩm mỹ
• Mã sản phẩm: ET223
• Bảo hành: 12 tháng

CÔNG NĂNG NỔI BẬT
• Thiết kế nhỏ gọn, dễ dàng lắp đặt vào hệ bàn/ghế hiện có
• Chất liệu bền bỉ, chịu lực và chịu nhiệt tốt trong quá trình sử dụng
• Giúp không gian làm việc gọn gàng, khoa học hơn
• Tương thích với nhiều mẫu bàn/ghế khác nhau

PHÙ HỢP KHÔNG GIAN
• Phù hợp bố trí trong không gian nội thất văn phòng, mang lại sự tiện nghi và thẩm mỹ cho tổng thể không gian.",instock,1
HBKC007,Ban lam viec 160x80 kconcept chan sat lap rap (3),Phòng Làm Việc > Bàn Làm Việc,8720000,,"/images/products/HBKC007-1.png, /images/products/HBKC007-2.png","Bàn thiết kế chắc chắn, tối ưu không gian sử dụng.","Ban lam viec 160x80 kconcept chan sat lap rap (3) là lựa chọn lý tưởng cho không gian làm việc và sinh hoạt hiện đại, kết hợp giữa tính thẩm mỹ và công năng sử dụng thực tế.

THÔNG SỐ KỸ THUẬT
• Chất liệu: Chất liệu cao cấp, chọn lọc kỹ càng đảm bảo độ bền và tính thẩm mỹ
• Mã sản phẩm: HBKC007
• Bảo hành: 12 tháng

CÔNG NĂNG NỔI BẬT
• Mặt bàn rộng rãi, đủ không gian đặt máy tính, tài liệu và vật dụng cá nhân
• Khung/chân bàn chắc chắn, chịu lực tốt, hạn chế rung lắc khi sử dụng
• Thiết kế tối giản, dễ phối hợp với nhiều phong cách nội thất khác nhau
• Dễ dàng lắp ráp và vệ sinh, bảo trì trong quá trình sử dụng lâu dài

PHÙ HỢP KHÔNG GIAN
• Phù hợp bố trí trong không gian phòng làm việc, mang lại sự tiện nghi và thẩm mỹ cho tổng thể không gian.",instock,1
HBOM007,Ban cum2 06a,Nội thất văn phòng > Bàn Văn Phòng > Bàn Giám Đốc,2220000,,"/images/products/HBOM007-1.jpg, /images/products/HBOM007-2.jpg, /images/products/HBOM007-3.jpg, /images/products/HBOM007-4.jpg, /images/products/HBOM007-5.jpg, /images/products/HBOM007-6.jpg","Bàn thiết kế chắc chắn, tối ưu không gian sử dụng.","Ban cum2 06a là lựa chọn lý tưởng cho không gian làm việc và sinh hoạt hiện đại, kết hợp giữa tính thẩm mỹ và công năng sử dụng thực tế.

THÔNG SỐ KỸ THUẬT
• Chất liệu: Chất liệu cao cấp, chọn lọc kỹ càng đảm bảo độ bền và tính thẩm mỹ
• Mã sản phẩm: HBOM007
• Bảo hành: 12 tháng

CÔNG NĂNG NỔI BẬT
• Mặt bàn rộng rãi, đủ không gian đặt máy tính, tài liệu và vật dụng cá nhân
• Khung/chân bàn chắc chắn, chịu lực tốt, hạn chế rung lắc khi sử dụng
• Thiết kế tối giản, dễ phối hợp với nhiều phong cách nội thất khác nhau
• Dễ dàng lắp ráp và vệ sinh, bảo trì trong quá trình sử dụng lâu dài

PHÙ HỢP KHÔNG GIAN
• Phù hợp bố trí trong không gian nội thất văn phòng, mang lại sự tiện nghi và thẩm mỹ cho tổng thể không gian.",instock,1
HCMS006,Chan ban gap 05a,Nội thất văn phòng > Hệ Chân Bàn > Chân sắt gấp gọn,630000,,"/images/products/HCMS006-1.jpg, /images/products/HCMS006-2.jpg","Phụ kiện tiện dụng, hỗ trợ không gian làm việc gọn gàng.","Chan ban gap 05a là phụ kiện hỗ trợ đắc lực, giúp không gian làm việc/sinh hoạt gọn gàng và tiện dụng hơn.

THÔNG SỐ KỸ THUẬT
• Chất liệu: Chất liệu cao cấp, chọn lọc kỹ càng đảm bảo độ bền và tính thẩm mỹ
• Mã sản phẩm: HCMS006
• Bảo hành: 12 tháng

CÔNG NĂNG NỔI BẬT
• Thiết kế nhỏ gọn, dễ dàng lắp đặt vào hệ bàn/ghế hiện có
• Chất liệu bền bỉ, chịu lực và chịu nhiệt tốt trong quá trình sử dụng
• Giúp không gian làm việc gọn gàng, khoa học hơn
• Tương thích với nhiều mẫu bàn/ghế khác nhau

PHÙ HỢP KHÔNG GIAN
• Phù hợp bố trí trong không gian nội thất văn phòng, mang lại sự tiện nghi và thẩm mỹ cho tổng thể không gian.",instock,1
THS68016,Tu ke ho so 3 tang 1 cua mo 120x40x120cm 2,Nội thất văn phòng > Kệ - Tủ Văn Phòng > Tủ Hồ Sơ Đứng,7370000,,/images/products/THS68016-1.jpg,"Tủ lưu trữ tiện lợi, thiết kế gọn gàng.","Tu ke ho so 3 tang 1 cua mo 120x40x120cm 2 giúp tối ưu không gian lưu trữ, sắp xếp đồ đạc gọn gàng, khoa học mà vẫn đảm bảo tính thẩm mỹ cho căn phòng.

THÔNG SỐ KỸ THUẬT
• Chất liệu: Chất liệu cao cấp, chọn lọc kỹ càng đảm bảo độ bền và tính thẩm mỹ
• Kích thước: 120x40x120cm
• Mã sản phẩm: THS68016
• Bảo hành: 12 tháng

CÔNG NĂNG NỔI BẬT
• Nhiều ngăn/kệ chia hợp lý, tối ưu diện tích lưu trữ
• Hệ thống bản lề, tay nắm chắc chắn, đóng mở êm ái
• Bề mặt hoàn thiện chống trầy xước, dễ lau chùi
• Thiết kế kín đáo, giúp không gian luôn gọn gàng ngăn nắp

PHÙ HỢP KHÔNG GIAN
• Phù hợp bố trí trong không gian nội thất văn phòng, mang lại sự tiện nghi và thẩm mỹ cho tổng thể không gian.",instock,1
CBSF68021,Combo ban ghe sofa 02,Phòng Khách > Bộ Bàn Ghế Sofa,4350000,,/images/products/CBSF68021-1.jpg,"Ghế công thái học, êm ái và bền bỉ.","Combo ban ghe sofa 02 mang đến trải nghiệm ngồi thoải mái, hỗ trợ tư thế đúng chuẩn cho thời gian sử dụng dài mà không gây mỏi mệt.

THÔNG SỐ KỸ THUẬT
• Chất liệu: Chất liệu cao cấp, chọn lọc kỹ càng đảm bảo độ bền và tính thẩm mỹ
• Mã sản phẩm: CBSF68021
• Bảo hành: 12 tháng

CÔNG NĂNG NỔI BẬT
• Thiết kế công thái học, nâng đỡ tốt cho vùng lưng và cổ
• Khung ghế chắc chắn, chịu tải trọng tốt, đảm bảo an toàn khi sử dụng
• Đệm ngồi êm ái, thoáng khí, phù hợp ngồi làm việc/sinh hoạt trong thời gian dài
• Kiểu dáng hiện đại, dễ dàng kết hợp với nhiều không gian nội thất

PHÙ HỢP KHÔNG GIAN
• Phù hợp bố trí trong không gian phòng khách, mang lại sự tiện nghi và thẩm mỹ cho tổng thể không gian.",instock,1
BA68007,Ban an 5,Bếp & Phòng Ăn > Bàn Ăn,13040000,,/images/products/BA68007-1.jpg,"Bàn thiết kế chắc chắn, tối ưu không gian sử dụng.","Ban an 5 là lựa chọn lý tưởng cho không gian làm việc và sinh hoạt hiện đại, kết hợp giữa tính thẩm mỹ và công năng sử dụng thực tế.

THÔNG SỐ KỸ THUẬT
• Chất liệu: Chất liệu cao cấp, chọn lọc kỹ càng đảm bảo độ bền và tính thẩm mỹ
• Mã sản phẩm: BA68007
• Bảo hành: 12 tháng

CÔNG NĂNG NỔI BẬT
• Mặt bàn rộng rãi, đủ không gian đặt máy tính, tài liệu và vật dụng cá nhân
• Khung/chân bàn chắc chắn, chịu lực tốt, hạn chế rung lắc khi sử dụng
• Thiết kế tối giản, dễ phối hợp với nhiều phong cách nội thất khác nhau
• Dễ dàng lắp ráp và vệ sinh, bảo trì trong quá trình sử dụng lâu dài

PHÙ HỢP KHÔNG GIAN
• Phù hợp bố trí trong không gian bếp & phòng ăn, mang lại sự tiện nghi và thẩm mỹ cho tổng thể không gian.",instock,1
KGS019,Ke sach ke de do 6 ngan 07,Nội thất văn phòng > Phụ Kiện Bàn > Kệ Để CPU,1790000,,/images/products/KGS019-1.jpg,"Phụ kiện tiện dụng, hỗ trợ không gian làm việc gọn gàng.","Ke sach ke de do 6 ngan 07 là phụ kiện hỗ trợ đắc lực, giúp không gian làm việc/sinh hoạt gọn gàng và tiện dụng hơn.

THÔNG SỐ KỸ THUẬT
• Chất liệu: Chất liệu cao cấp, chọn lọc kỹ càng đảm bảo độ bền và tính thẩm mỹ
• Mã sản phẩm: KGS019
• Bảo hành: 12 tháng

CÔNG NĂNG NỔI BẬT
• Thiết kế nhỏ gọn, dễ dàng lắp đặt vào hệ bàn/ghế hiện có
• Chất liệu bền bỉ, chịu lực và chịu nhiệt tốt trong quá trình sử dụng
• Giúp không gian làm việc gọn gàng, khoa học hơn
• Tương thích với nhiều mẫu bàn/ghế khác nhau

PHÙ HỢP KHÔNG GIAN
• Phù hợp bố trí trong không gian nội thất văn phòng, mang lại sự tiện nghi và thẩm mỹ cho tổng thể không gian.",instock,1
HBWD034,Ban lam viec go tram 02,Phòng Làm Việc > Bàn Làm Việc,5960000,,"/images/products/HBWD034-1.jpg, /images/products/HBWD034-2.jpg, /images/products/HBWD034-3.jpg, /images/products/HBWD034-4.jpg","Bàn thiết kế chắc chắn, tối ưu không gian sử dụng.","Ban lam viec go tram 02 là lựa chọn lý tưởng cho không gian làm việc và sinh hoạt hiện đại, kết hợp giữa tính thẩm mỹ và công năng sử dụng thực tế.

THÔNG SỐ KỸ THUẬT
• Chất liệu: Chất liệu cao cấp, chọn lọc kỹ càng đảm bảo độ bền và tính thẩm mỹ
• Mã sản phẩm: HBWD034
• Bảo hành: 12 tháng

CÔNG NĂNG NỔI BẬT
• Mặt bàn rộng rãi, đủ không gian đặt máy tính, tài liệu và vật dụng cá nhân
• Khung/chân bàn chắc chắn, chịu lực tốt, hạn chế rung lắc khi sử dụng
• Thiết kế tối giản, dễ phối hợp với nhiều phong cách nội thất khác nhau
• Dễ dàng lắp ráp và vệ sinh, bảo trì trong quá trình sử dụng lâu dài

PHÙ HỢP KHÔNG GIAN
• Phù hợp bố trí trong không gian phòng làm việc, mang lại sự tiện nghi và thẩm mỹ cho tổng thể không gian.",instock,1
HBTA020,Ban giam doc 160x140cm he trian chan sat tam giac (2),Nội thất văn phòng > Bàn Văn Phòng > Bàn Giám Đốc,6280000,,/images/products/HBTA020-1.png,"Bàn thiết kế chắc chắn, tối ưu không gian sử dụng.","Ban giam doc 160x140cm he trian chan sat tam giac (2) là lựa chọn lý tưởng cho không gian làm việc và sinh hoạt hiện đại, kết hợp giữa tính thẩm mỹ và công năng sử dụng thực tế.

THÔNG SỐ KỸ THUẬT
• Chất liệu: Chất liệu cao cấp, chọn lọc kỹ càng đảm bảo độ bền và tính thẩm mỹ
• Kích thước: 160x140cm
• Mã sản phẩm: HBTA020
• Bảo hành: 12 tháng

CÔNG NĂNG NỔI BẬT
• Mặt bàn rộng rãi, đủ không gian đặt máy tính, tài liệu và vật dụng cá nhân
• Khung/chân bàn chắc chắn, chịu lực tốt, hạn chế rung lắc khi sử dụng
• Thiết kế tối giản, dễ phối hợp với nhiều phong cách nội thất khác nhau
• Dễ dàng lắp ráp và vệ sinh, bảo trì trong quá trình sử dụng lâu dài

PHÙ HỢP KHÔNG GIAN
• Phù hợp bố trí trong không gian nội thất văn phòng, mang lại sự tiện nghi và thẩm mỹ cho tổng thể không gian.",instock,1
HBTC006,Ban lam viec 140x80 trapeze concept (2),Phòng Làm Việc > Bàn Làm Việc,4470000,,"/images/products/HBTC006-1.png, /images/products/HBTC006-2.png","Bàn thiết kế chắc chắn, tối ưu không gian sử dụng.","Ban lam viec 140x80 trapeze concept (2) là lựa chọn lý tưởng cho không gian làm việc và sinh hoạt hiện đại, kết hợp giữa tính thẩm mỹ và công năng sử dụng thực tế.

THÔNG SỐ KỸ THUẬT
• Chất liệu: Chất liệu cao cấp, chọn lọc kỹ càng đảm bảo độ bền và tính thẩm mỹ
• Mã sản phẩm: HBTC006
• Bảo hành: 12 tháng

CÔNG NĂNG NỔI BẬT
• Mặt bàn rộng rãi, đủ không gian đặt máy tính, tài liệu và vật dụng cá nhân
• Khung/chân bàn chắc chắn, chịu lực tốt, hạn chế rung lắc khi sử dụng
• Thiết kế tối giản, dễ phối hợp với nhiều phong cách nội thất khác nhau
• Dễ dàng lắp ráp và vệ sinh, bảo trì trong quá trình sử dụng lâu dài

PHÙ HỢP KHÔNG GIAN
• Phù hợp bố trí trong không gian phòng làm việc, mang lại sự tiện nghi và thẩm mỹ cho tổng thể không gian.",instock,1
HBUC036,Ban lam viec kich thuoc lon go cao su chan sat (2),Phòng Làm Việc > Bàn Làm Việc,13570000,,/images/products/HBUC036-1.png,"Bàn thiết kế chắc chắn, tối ưu không gian sử dụng.","Ban lam viec kich thuoc lon go cao su chan sat (2) là lựa chọn lý tưởng cho không gian làm việc và sinh hoạt hiện đại, kết hợp giữa tính thẩm mỹ và công năng sử dụng thực tế.

THÔNG SỐ KỸ THUẬT
• Chất liệu: Chất liệu cao cấp, chọn lọc kỹ càng đảm bảo độ bền và tính thẩm mỹ
• Mã sản phẩm: HBUC036
• Bảo hành: 12 tháng

CÔNG NĂNG NỔI BẬT
• Mặt bàn rộng rãi, đủ không gian đặt máy tính, tài liệu và vật dụng cá nhân
• Khung/chân bàn chắc chắn, chịu lực tốt, hạn chế rung lắc khi sử dụng
• Thiết kế tối giản, dễ phối hợp với nhiều phong cách nội thất khác nhau
• Dễ dàng lắp ráp và vệ sinh, bảo trì trong quá trình sử dụng lâu dài

PHÙ HỢP KHÔNG GIAN
• Phù hợp bố trí trong không gian phòng làm việc, mang lại sự tiện nghi và thẩm mỹ cho tổng thể không gian.",instock,1
OEUP033,O dien am ban 3 1000x1000,Nội thất văn phòng > Phụ Kiện Bàn > Hộp Điện,480000,,"/images/products/OEUP033-1.jpg, /images/products/OEUP033-2.jpg","Phụ kiện tiện dụng, hỗ trợ không gian làm việc gọn gàng.","O dien am ban 3 1000x1000 là phụ kiện hỗ trợ đắc lực, giúp không gian làm việc/sinh hoạt gọn gàng và tiện dụng hơn.

THÔNG SỐ KỸ THUẬT
• Chất liệu: Chất liệu cao cấp, chọn lọc kỹ càng đảm bảo độ bền và tính thẩm mỹ
• Mã sản phẩm: OEUP033
• Bảo hành: 12 tháng

CÔNG NĂNG NỔI BẬT
• Thiết kế nhỏ gọn, dễ dàng lắp đặt vào hệ bàn/ghế hiện có
• Chất liệu bền bỉ, chịu lực và chịu nhiệt tốt trong quá trình sử dụng
• Giúp không gian làm việc gọn gàng, khoa học hơn
• Tương thích với nhiều mẫu bàn/ghế khác nhau

PHÙ HỢP KHÔNG GIAN
• Phù hợp bố trí trong không gian nội thất văn phòng, mang lại sự tiện nghi và thẩm mỹ cho tổng thể không gian.",instock,1
HBWD018,Ban lam viec 120x60 cm go tram chan sat lap rap (22),Phòng Làm Việc > Bàn Làm Việc,8220000,,"/images/products/HBWD018-1.png, /images/products/HBWD018-2.png","Bàn thiết kế chắc chắn, tối ưu không gian sử dụng.","Ban lam viec 120x60 cm go tram chan sat lap rap (22) là lựa chọn lý tưởng cho không gian làm việc và sinh hoạt hiện đại, kết hợp giữa tính thẩm mỹ và công năng sử dụng thực tế.

THÔNG SỐ KỸ THUẬT
• Chất liệu: Chất liệu cao cấp, chọn lọc kỹ càng đảm bảo độ bền và tính thẩm mỹ
• Kích thước: 120x60 cm
• Mã sản phẩm: HBWD018
• Bảo hành: 12 tháng

CÔNG NĂNG NỔI BẬT
• Mặt bàn rộng rãi, đủ không gian đặt máy tính, tài liệu và vật dụng cá nhân
• Khung/chân bàn chắc chắn, chịu lực tốt, hạn chế rung lắc khi sử dụng
• Thiết kế tối giản, dễ phối hợp với nhiều phong cách nội thất khác nhau
• Dễ dàng lắp ráp và vệ sinh, bảo trì trong quá trình sử dụng lâu dài

PHÙ HỢP KHÔNG GIAN
• Phù hợp bố trí trong không gian phòng làm việc, mang lại sự tiện nghi và thẩm mỹ cho tổng thể không gian.",instock,1
HBPL007,Ban lam viec go plywood chan sat lap rap he ply (2),Nội thất văn phòng > Hệ Bàn > Hệ PLY,2450000,,/images/products/HBPL007-1.png,"Bàn thiết kế chắc chắn, tối ưu không gian sử dụng.","Ban lam viec go plywood chan sat lap rap he ply (2) là lựa chọn lý tưởng cho không gian làm việc và sinh hoạt hiện đại, kết hợp giữa tính thẩm mỹ và công năng sử dụng thực tế.

THÔNG SỐ KỸ THUẬT
• Chất liệu: Chất liệu cao cấp, chọn lọc kỹ càng đảm bảo độ bền và tính thẩm mỹ
• Mã sản phẩm: HBPL007
• Bảo hành: 12 tháng

CÔNG NĂNG NỔI BẬT
• Mặt bàn rộng rãi, đủ không gian đặt máy tính, tài liệu và vật dụng cá nhân
• Khung/chân bàn chắc chắn, chịu lực tốt, hạn chế rung lắc khi sử dụng
• Thiết kế tối giản, dễ phối hợp với nhiều phong cách nội thất khác nhau
• Dễ dàng lắp ráp và vệ sinh, bảo trì trong quá trình sử dụng lâu dài

PHÙ HỢP KHÔNG GIAN
• Phù hợp bố trí trong không gian nội thất văn phòng, mang lại sự tiện nghi và thẩm mỹ cho tổng thể không gian.",instock,1
HBTC005,Ban lam viec 140x70 trapeze concept (2),Phòng Làm Việc > Bàn Làm Việc,9700000,,/images/products/HBTC005-1.png,"Bàn thiết kế chắc chắn, tối ưu không gian sử dụng.","Ban lam viec 140x70 trapeze concept (2) là lựa chọn lý tưởng cho không gian làm việc và sinh hoạt hiện đại, kết hợp giữa tính thẩm mỹ và công năng sử dụng thực tế.

THÔNG SỐ KỸ THUẬT
• Chất liệu: Chất liệu cao cấp, chọn lọc kỹ càng đảm bảo độ bền và tính thẩm mỹ
• Mã sản phẩm: HBTC005
• Bảo hành: 12 tháng

CÔNG NĂNG NỔI BẬT
• Mặt bàn rộng rãi, đủ không gian đặt máy tính, tài liệu và vật dụng cá nhân
• Khung/chân bàn chắc chắn, chịu lực tốt, hạn chế rung lắc khi sử dụng
• Thiết kế tối giản, dễ phối hợp với nhiều phong cách nội thất khác nhau
• Dễ dàng lắp ráp và vệ sinh, bảo trì trong quá trình sử dụng lâu dài

PHÙ HỢP KHÔNG GIAN
• Phù hợp bố trí trong không gian phòng làm việc, mang lại sự tiện nghi và thẩm mỹ cho tổng thể không gian.",instock,1
TDG68044,Tu dau giuong r01,Phòng Ngủ > Tủ Đầu Giường,5530000,,/images/products/TDG68044-1.jpg,"Tủ lưu trữ tiện lợi, thiết kế gọn gàng.","Tu dau giuong r01 giúp tối ưu không gian lưu trữ, sắp xếp đồ đạc gọn gàng, khoa học mà vẫn đảm bảo tính thẩm mỹ cho căn phòng.

THÔNG SỐ KỸ THUẬT
• Chất liệu: Bọc da cao cấp, êm ái và dễ vệ sinh
• Mã sản phẩm: TDG68044
• Bảo hành: 12 tháng

CÔNG NĂNG NỔI BẬT
• Nhiều ngăn/kệ chia hợp lý, tối ưu diện tích lưu trữ
• Hệ thống bản lề, tay nắm chắc chắn, đóng mở êm ái
• Bề mặt hoàn thiện chống trầy xước, dễ lau chùi
• Thiết kế kín đáo, giúp không gian luôn gọn gàng ngăn nắp

PHÙ HỢP KHÔNG GIAN
• Phù hợp bố trí trong không gian phòng ngủ, mang lại sự tiện nghi và thẩm mỹ cho tổng thể không gian.",instock,1
MB016,Mat ban plywood be tong 04,Phụ Kiện > Mặt Bàn,670000,,"/images/products/MB016-1.jpg, /images/products/MB016-2.jpg","Phụ kiện tiện dụng, hỗ trợ không gian làm việc gọn gàng.","Mat ban plywood be tong 04 là phụ kiện hỗ trợ đắc lực, giúp không gian làm việc/sinh hoạt gọn gàng và tiện dụng hơn.

THÔNG SỐ KỸ THUẬT
• Chất liệu: Chất liệu cao cấp, chọn lọc kỹ càng đảm bảo độ bền và tính thẩm mỹ
• Mã sản phẩm: MB016
• Bảo hành: 12 tháng

CÔNG NĂNG NỔI BẬT
• Thiết kế nhỏ gọn, dễ dàng lắp đặt vào hệ bàn/ghế hiện có
• Chất liệu bền bỉ, chịu lực và chịu nhiệt tốt trong quá trình sử dụng
• Giúp không gian làm việc gọn gàng, khoa học hơn
• Tương thích với nhiều mẫu bàn/ghế khác nhau

PHÙ HỢP KHÔNG GIAN
• Phù hợp sử dụng kèm nhiều mẫu bàn/ghế văn phòng, gia đình khác nhau, mang lại sự tiện nghi và thẩm mỹ cho tổng thể không gian.",instock,1
HBCN025,Ban lam viec 100x60cm go cao su chan sat lap he cone ii (2),Nội thất văn phòng > Hệ Bàn > Hệ CONE II,9520000,,/images/products/HBCN025-1.png,"Bàn thiết kế chắc chắn, tối ưu không gian sử dụng.","Ban lam viec 100x60cm go cao su chan sat lap he cone ii (2) là lựa chọn lý tưởng cho không gian làm việc và sinh hoạt hiện đại, kết hợp giữa tính thẩm mỹ và công năng sử dụng thực tế.

THÔNG SỐ KỸ THUẬT
• Chất liệu: Chất liệu cao cấp, chọn lọc kỹ càng đảm bảo độ bền và tính thẩm mỹ
• Kích thước: 100x60cm
• Mã sản phẩm: HBCN025
• Bảo hành: 12 tháng

CÔNG NĂNG NỔI BẬT
• Mặt bàn rộng rãi, đủ không gian đặt máy tính, tài liệu và vật dụng cá nhân
• Khung/chân bàn chắc chắn, chịu lực tốt, hạn chế rung lắc khi sử dụng
• Thiết kế tối giản, dễ phối hợp với nhiều phong cách nội thất khác nhau
• Dễ dàng lắp ráp và vệ sinh, bảo trì trong quá trình sử dụng lâu dài

PHÙ HỢP KHÔNG GIAN
• Phù hợp bố trí trong không gian nội thất văn phòng, mang lại sự tiện nghi và thẩm mỹ cho tổng thể không gian.",instock,1
HCAC005,Chan sat aconcept 140x70cm 01,Nội thất văn phòng > Hệ Bàn > Hệ AConcept,7670000,,/images/products/HCAC005-1.jpg,"Bàn thiết kế chắc chắn, tối ưu không gian sử dụng.","Chan sat aconcept 140x70cm 01 là lựa chọn lý tưởng cho không gian làm việc và sinh hoạt hiện đại, kết hợp giữa tính thẩm mỹ và công năng sử dụng thực tế.

THÔNG SỐ KỸ THUẬT
• Chất liệu: Chất liệu cao cấp, chọn lọc kỹ càng đảm bảo độ bền và tính thẩm mỹ
• Kích thước: 140x70cm
• Mã sản phẩm: HCAC005
• Bảo hành: 12 tháng

CÔNG NĂNG NỔI BẬT
• Mặt bàn rộng rãi, đủ không gian đặt máy tính, tài liệu và vật dụng cá nhân
• Khung/chân bàn chắc chắn, chịu lực tốt, hạn chế rung lắc khi sử dụng
• Thiết kế tối giản, dễ phối hợp với nhiều phong cách nội thất khác nhau
• Dễ dàng lắp ráp và vệ sinh, bảo trì trong quá trình sử dụng lâu dài

PHÙ HỢP KHÔNG GIAN
• Phù hợp bố trí trong không gian nội thất văn phòng, mang lại sự tiện nghi và thẩm mỹ cho tổng thể không gian.",instock,1
BGD68059,Ban giam doc chan tu 03,Nội thất văn phòng > Bàn Văn Phòng > Bàn Giám Đốc,6920000,,/images/products/BGD68059-1.jpg,"Bàn thiết kế chắc chắn, tối ưu không gian sử dụng.","Ban giam doc chan tu 03 là lựa chọn lý tưởng cho không gian làm việc và sinh hoạt hiện đại, kết hợp giữa tính thẩm mỹ và công năng sử dụng thực tế.

THÔNG SỐ KỸ THUẬT
• Chất liệu: Chất liệu cao cấp, chọn lọc kỹ càng đảm bảo độ bền và tính thẩm mỹ
• Mã sản phẩm: BGD68059
• Bảo hành: 12 tháng

CÔNG NĂNG NỔI BẬT
• Mặt bàn rộng rãi, đủ không gian đặt máy tính, tài liệu và vật dụng cá nhân
• Khung/chân bàn chắc chắn, chịu lực tốt, hạn chế rung lắc khi sử dụng
• Thiết kế tối giản, dễ phối hợp với nhiều phong cách nội thất khác nhau
• Dễ dàng lắp ráp và vệ sinh, bảo trì trong quá trình sử dụng lâu dài

PHÙ HỢP KHÔNG GIAN
• Phù hợp bố trí trong không gian nội thất văn phòng, mang lại sự tiện nghi và thẩm mỹ cho tổng thể không gian.",instock,1
HBMC034,Ban lam viec 120x60cm go plywood he m concept (2),Phòng Làm Việc > Bàn Làm Việc,5620000,,"/images/products/HBMC034-1.png, /images/products/HBMC034-2.png","Bàn thiết kế chắc chắn, tối ưu không gian sử dụng.","Ban lam viec 120x60cm go plywood he m concept (2) là lựa chọn lý tưởng cho không gian làm việc và sinh hoạt hiện đại, kết hợp giữa tính thẩm mỹ và công năng sử dụng thực tế.

THÔNG SỐ KỸ THUẬT
• Chất liệu: Chất liệu cao cấp, chọn lọc kỹ càng đảm bảo độ bền và tính thẩm mỹ
• Kích thước: 120x60cm
• Mã sản phẩm: HBMC034
• Bảo hành: 12 tháng

CÔNG NĂNG NỔI BẬT
• Mặt bàn rộng rãi, đủ không gian đặt máy tính, tài liệu và vật dụng cá nhân
• Khung/chân bàn chắc chắn, chịu lực tốt, hạn chế rung lắc khi sử dụng
• Thiết kế tối giản, dễ phối hợp với nhiều phong cách nội thất khác nhau
• Dễ dàng lắp ráp và vệ sinh, bảo trì trong quá trình sử dụng lâu dài

PHÙ HỢP KHÔNG GIAN
• Phù hợp bố trí trong không gian phòng làm việc, mang lại sự tiện nghi và thẩm mỹ cho tổng thể không gian.",instock,1
HBVC008,Ban hop nho 160x80 vconcept chan sat lap rap (2),Nội thất văn phòng > Bàn Văn Phòng > Bàn Họp,5540000,,/images/products/HBVC008-1.png,"Bàn thiết kế chắc chắn, tối ưu không gian sử dụng.","Ban hop nho 160x80 vconcept chan sat lap rap (2) là lựa chọn lý tưởng cho không gian làm việc và sinh hoạt hiện đại, kết hợp giữa tính thẩm mỹ và công năng sử dụng thực tế.

THÔNG SỐ KỸ THUẬT
• Chất liệu: Chất liệu cao cấp, chọn lọc kỹ càng đảm bảo độ bền và tính thẩm mỹ
• Mã sản phẩm: HBVC008
• Bảo hành: 12 tháng

CÔNG NĂNG NỔI BẬT
• Mặt bàn rộng rãi, đủ không gian đặt máy tính, tài liệu và vật dụng cá nhân
• Khung/chân bàn chắc chắn, chịu lực tốt, hạn chế rung lắc khi sử dụng
• Thiết kế tối giản, dễ phối hợp với nhiều phong cách nội thất khác nhau
• Dễ dàng lắp ráp và vệ sinh, bảo trì trong quá trình sử dụng lâu dài

PHÙ HỢP KHÔNG GIAN
• Phù hợp bố trí trong không gian nội thất văn phòng, mang lại sự tiện nghi và thẩm mỹ cho tổng thể không gian.",instock,1
HCPP010,Chan ong nuoc x 1,Ống Nước > Kệ Ống Nước,2200000,,"/images/products/HCPP010-1.jpg, /images/products/HCPP010-2.jpg","Phụ kiện tiện dụng, hỗ trợ không gian làm việc gọn gàng.","Chan ong nuoc x 1 là phụ kiện hỗ trợ đắc lực, giúp không gian làm việc/sinh hoạt gọn gàng và tiện dụng hơn.

THÔNG SỐ KỸ THUẬT
• Chất liệu: Chất liệu cao cấp, chọn lọc kỹ càng đảm bảo độ bền và tính thẩm mỹ
• Mã sản phẩm: HCPP010
• Bảo hành: 12 tháng

CÔNG NĂNG NỔI BẬT
• Thiết kế nhỏ gọn, dễ dàng lắp đặt vào hệ bàn/ghế hiện có
• Chất liệu bền bỉ, chịu lực và chịu nhiệt tốt trong quá trình sử dụng
• Giúp không gian làm việc gọn gàng, khoa học hơn
• Tương thích với nhiều mẫu bàn/ghế khác nhau

PHÙ HỢP KHÔNG GIAN
• Phù hợp sử dụng kèm nhiều mẫu bàn/ghế văn phòng, gia đình khác nhau, mang lại sự tiện nghi và thẩm mỹ cho tổng thể không gian.",instock,1
HBTG016,Ban chu l 180x160cm chan tam giac quy 01,Nội thất văn phòng > Hệ Bàn > Hệ Tứ Giác Côn,12870000,,/images/products/HBTG016-1.jpg,"Bàn thiết kế chắc chắn, tối ưu không gian sử dụng.","Ban chu l 180x160cm chan tam giac quy 01 là lựa chọn lý tưởng cho không gian làm việc và sinh hoạt hiện đại, kết hợp giữa tính thẩm mỹ và công năng sử dụng thực tế.

THÔNG SỐ KỸ THUẬT
• Chất liệu: Chất liệu cao cấp, chọn lọc kỹ càng đảm bảo độ bền và tính thẩm mỹ
• Kích thước: 180x160cm
• Mã sản phẩm: HBTG016
• Bảo hành: 12 tháng

CÔNG NĂNG NỔI BẬT
• Mặt bàn rộng rãi, đủ không gian đặt máy tính, tài liệu và vật dụng cá nhân
• Khung/chân bàn chắc chắn, chịu lực tốt, hạn chế rung lắc khi sử dụng
• Thiết kế tối giản, dễ phối hợp với nhiều phong cách nội thất khác nhau
• Dễ dàng lắp ráp và vệ sinh, bảo trì trong quá trình sử dụng lâu dài

PHÙ HỢP KHÔNG GIAN
• Phù hợp bố trí trong không gian nội thất văn phòng, mang lại sự tiện nghi và thẩm mỹ cho tổng thể không gian.",instock,1
MF716,C ghe van phong chan quy 1,Nội thất văn phòng > Ghế Văn Phòng > Ghế Giám Đốc,2520000,,/images/products/MF716-1.jpg,"Ghế công thái học, êm ái và bền bỉ.","C ghe van phong chan quy 1 mang đến trải nghiệm ngồi thoải mái, hỗ trợ tư thế đúng chuẩn cho thời gian sử dụng dài mà không gây mỏi mệt.

THÔNG SỐ KỸ THUẬT
• Chất liệu: Chất liệu cao cấp, chọn lọc kỹ càng đảm bảo độ bền và tính thẩm mỹ
• Mã sản phẩm: MF716
• Bảo hành: 12 tháng

CÔNG NĂNG NỔI BẬT
• Thiết kế công thái học, nâng đỡ tốt cho vùng lưng và cổ
• Khung ghế chắc chắn, chịu tải trọng tốt, đảm bảo an toàn khi sử dụng
• Đệm ngồi êm ái, thoáng khí, phù hợp ngồi làm việc/sinh hoạt trong thời gian dài
• Kiểu dáng hiện đại, dễ dàng kết hợp với nhiều không gian nội thất

PHÙ HỢP KHÔNG GIAN
• Phù hợp bố trí trong không gian nội thất văn phòng, mang lại sự tiện nghi và thẩm mỹ cho tổng thể không gian.",instock,1
HBAT007,Ban lam viec 160x80 aton concept chan sat lap rap (2),Phòng Làm Việc > Bàn Làm Việc,8490000,,/images/products/HBAT007-1.png,"Bàn thiết kế chắc chắn, tối ưu không gian sử dụng.","Ban lam viec 160x80 aton concept chan sat lap rap (2) là lựa chọn lý tưởng cho không gian làm việc và sinh hoạt hiện đại, kết hợp giữa tính thẩm mỹ và công năng sử dụng thực tế.

THÔNG SỐ KỸ THUẬT
• Chất liệu: Chất liệu cao cấp, chọn lọc kỹ càng đảm bảo độ bền và tính thẩm mỹ
• Mã sản phẩm: HBAT007
• Bảo hành: 12 tháng

CÔNG NĂNG NỔI BẬT
• Mặt bàn rộng rãi, đủ không gian đặt máy tính, tài liệu và vật dụng cá nhân
• Khung/chân bàn chắc chắn, chịu lực tốt, hạn chế rung lắc khi sử dụng
• Thiết kế tối giản, dễ phối hợp với nhiều phong cách nội thất khác nhau
• Dễ dàng lắp ráp và vệ sinh, bảo trì trong quá trình sử dụng lâu dài

PHÙ HỢP KHÔNG GIAN
• Phù hợp bố trí trong không gian phòng làm việc, mang lại sự tiện nghi và thẩm mỹ cho tổng thể không gian.",instock,1
HBTH014,Ban cum 4 trapezii laprap 2,Nội thất văn phòng > Bàn Văn Phòng > Cụm bàn 2 người,7310000,,/images/products/HBTH014-1.jpg,"Bàn thiết kế chắc chắn, tối ưu không gian sử dụng.","Ban cum 4 trapezii laprap 2 là lựa chọn lý tưởng cho không gian làm việc và sinh hoạt hiện đại, kết hợp giữa tính thẩm mỹ và công năng sử dụng thực tế.

THÔNG SỐ KỸ THUẬT
• Chất liệu: Chất liệu cao cấp, chọn lọc kỹ càng đảm bảo độ bền và tính thẩm mỹ
• Mã sản phẩm: HBTH014
• Bảo hành: 12 tháng

CÔNG NĂNG NỔI BẬT
• Mặt bàn rộng rãi, đủ không gian đặt máy tính, tài liệu và vật dụng cá nhân
• Khung/chân bàn chắc chắn, chịu lực tốt, hạn chế rung lắc khi sử dụng
• Thiết kế tối giản, dễ phối hợp với nhiều phong cách nội thất khác nhau
• Dễ dàng lắp ráp và vệ sinh, bảo trì trong quá trình sử dụng lâu dài

PHÙ HỢP KHÔNG GIAN
• Phù hợp bố trí trong không gian nội thất văn phòng, mang lại sự tiện nghi và thẩm mỹ cho tổng thể không gian.",instock,1
HBAT003,Ban lam viec 140x60 aton concept chan sat lap rap (2),Phòng Làm Việc > Bàn Làm Việc,6470000,,"/images/products/HBAT003-1.png, /images/products/HBAT003-2.png","Bàn thiết kế chắc chắn, tối ưu không gian sử dụng.","Ban lam viec 140x60 aton concept chan sat lap rap (2) là lựa chọn lý tưởng cho không gian làm việc và sinh hoạt hiện đại, kết hợp giữa tính thẩm mỹ và công năng sử dụng thực tế.

THÔNG SỐ KỸ THUẬT
• Chất liệu: Chất liệu cao cấp, chọn lọc kỹ càng đảm bảo độ bền và tính thẩm mỹ
• Mã sản phẩm: HBAT003
• Bảo hành: 12 tháng

CÔNG NĂNG NỔI BẬT
• Mặt bàn rộng rãi, đủ không gian đặt máy tính, tài liệu và vật dụng cá nhân
• Khung/chân bàn chắc chắn, chịu lực tốt, hạn chế rung lắc khi sử dụng
• Thiết kế tối giản, dễ phối hợp với nhiều phong cách nội thất khác nhau
• Dễ dàng lắp ráp và vệ sinh, bảo trì trong quá trình sử dụng lâu dài

PHÙ HỢP KHÔNG GIAN
• Phù hợp bố trí trong không gian phòng làm việc, mang lại sự tiện nghi và thẩm mỹ cho tổng thể không gian.",instock,1
HBMC011,Ban hop 180x90 mconcept chan sat lap rap (2),Nội thất văn phòng > Bàn Văn Phòng > Bàn Họp,2960000,,/images/products/HBMC011-1.png,"Bàn thiết kế chắc chắn, tối ưu không gian sử dụng.","Ban hop 180x90 mconcept chan sat lap rap (2) là lựa chọn lý tưởng cho không gian làm việc và sinh hoạt hiện đại, kết hợp giữa tính thẩm mỹ và công năng sử dụng thực tế.

THÔNG SỐ KỸ THUẬT
• Chất liệu: Chất liệu cao cấp, chọn lọc kỹ càng đảm bảo độ bền và tính thẩm mỹ
• Mã sản phẩm: HBMC011
• Bảo hành: 12 tháng

CÔNG NĂNG NỔI BẬT
• Mặt bàn rộng rãi, đủ không gian đặt máy tính, tài liệu và vật dụng cá nhân
• Khung/chân bàn chắc chắn, chịu lực tốt, hạn chế rung lắc khi sử dụng
• Thiết kế tối giản, dễ phối hợp với nhiều phong cách nội thất khác nhau
• Dễ dàng lắp ráp và vệ sinh, bảo trì trong quá trình sử dụng lâu dài

PHÙ HỢP KHÔNG GIAN
• Phù hợp bố trí trong không gian nội thất văn phòng, mang lại sự tiện nghi và thẩm mỹ cho tổng thể không gian.",instock,1
HBAT010,Ban hop 180x90 aton concept chan sat lap rap (2),Nội thất văn phòng > Bàn Văn Phòng > Bàn Họp,6480000,,/images/products/HBAT010-1.png,"Bàn thiết kế chắc chắn, tối ưu không gian sử dụng.","Ban hop 180x90 aton concept chan sat lap rap (2) là lựa chọn lý tưởng cho không gian làm việc và sinh hoạt hiện đại, kết hợp giữa tính thẩm mỹ và công năng sử dụng thực tế.

THÔNG SỐ KỸ THUẬT
• Chất liệu: Chất liệu cao cấp, chọn lọc kỹ càng đảm bảo độ bền và tính thẩm mỹ
• Mã sản phẩm: HBAT010
• Bảo hành: 12 tháng

CÔNG NĂNG NỔI BẬT
• Mặt bàn rộng rãi, đủ không gian đặt máy tính, tài liệu và vật dụng cá nhân
• Khung/chân bàn chắc chắn, chịu lực tốt, hạn chế rung lắc khi sử dụng
• Thiết kế tối giản, dễ phối hợp với nhiều phong cách nội thất khác nhau
• Dễ dàng lắp ráp và vệ sinh, bảo trì trong quá trình sử dụng lâu dài

PHÙ HỢP KHÔNG GIAN
• Phù hợp bố trí trong không gian nội thất văn phòng, mang lại sự tiện nghi và thẩm mỹ cho tổng thể không gian.",instock,1
HBTC003,Ban lam viec 140x60 trapeze concept (2),Phòng Làm Việc > Bàn Làm Việc,7690000,,/images/products/HBTC003-1.png,"Bàn thiết kế chắc chắn, tối ưu không gian sử dụng.","Ban lam viec 140x60 trapeze concept (2) là lựa chọn lý tưởng cho không gian làm việc và sinh hoạt hiện đại, kết hợp giữa tính thẩm mỹ và công năng sử dụng thực tế.

THÔNG SỐ KỸ THUẬT
• Chất liệu: Chất liệu cao cấp, chọn lọc kỹ càng đảm bảo độ bền và tính thẩm mỹ
• Mã sản phẩm: HBTC003
• Bảo hành: 12 tháng

CÔNG NĂNG NỔI BẬT
• Mặt bàn rộng rãi, đủ không gian đặt máy tính, tài liệu và vật dụng cá nhân
• Khung/chân bàn chắc chắn, chịu lực tốt, hạn chế rung lắc khi sử dụng
• Thiết kế tối giản, dễ phối hợp với nhiều phong cách nội thất khác nhau
• Dễ dàng lắp ráp và vệ sinh, bảo trì trong quá trình sử dụng lâu dài

PHÙ HỢP KHÔNG GIAN
• Phù hợp bố trí trong không gian phòng làm việc, mang lại sự tiện nghi và thẩm mỹ cho tổng thể không gian.",instock,1
HBKC003,Ban lam viec 140x60 kconcept chan sat lap rap (3),Phòng Làm Việc > Bàn Làm Việc,12560000,,"/images/products/HBKC003-1.png, /images/products/HBKC003-2.png","Bàn thiết kế chắc chắn, tối ưu không gian sử dụng.","Ban lam viec 140x60 kconcept chan sat lap rap (3) là lựa chọn lý tưởng cho không gian làm việc và sinh hoạt hiện đại, kết hợp giữa tính thẩm mỹ và công năng sử dụng thực tế.

THÔNG SỐ KỸ THUẬT
• Chất liệu: Chất liệu cao cấp, chọn lọc kỹ càng đảm bảo độ bền và tính thẩm mỹ
• Mã sản phẩm: HBKC003
• Bảo hành: 12 tháng

CÔNG NĂNG NỔI BẬT
• Mặt bàn rộng rãi, đủ không gian đặt máy tính, tài liệu và vật dụng cá nhân
• Khung/chân bàn chắc chắn, chịu lực tốt, hạn chế rung lắc khi sử dụng
• Thiết kế tối giản, dễ phối hợp với nhiều phong cách nội thất khác nhau
• Dễ dàng lắp ráp và vệ sinh, bảo trì trong quá trình sử dụng lâu dài

PHÙ HỢP KHÔNG GIAN
• Phù hợp bố trí trong không gian phòng làm việc, mang lại sự tiện nghi và thẩm mỹ cho tổng thể không gian.",instock,1
MF101,Ghe giam doc nem simili chan go D a,Nội thất văn phòng > Ghế Văn Phòng > Ghế Giám Đốc,5170000,,/images/products/MF101-1.jpg,"Ghế công thái học, êm ái và bền bỉ.","Ghe giam doc nem simili chan go D a mang đến trải nghiệm ngồi thoải mái, hỗ trợ tư thế đúng chuẩn cho thời gian sử dụng dài mà không gây mỏi mệt.

THÔNG SỐ KỸ THUẬT
• Chất liệu: Bọc simili bền màu, dễ lau chùi
• Mã sản phẩm: MF101
• Bảo hành: 12 tháng

CÔNG NĂNG NỔI BẬT
• Thiết kế công thái học, nâng đỡ tốt cho vùng lưng và cổ
• Khung ghế chắc chắn, chịu tải trọng tốt, đảm bảo an toàn khi sử dụng
• Đệm ngồi êm ái, thoáng khí, phù hợp ngồi làm việc/sinh hoạt trong thời gian dài
• Kiểu dáng hiện đại, dễ dàng kết hợp với nhiều không gian nội thất

PHÙ HỢP KHÔNG GIAN
• Phù hợp bố trí trong không gian nội thất văn phòng, mang lại sự tiện nghi và thẩm mỹ cho tổng thể không gian.",instock,1
HBWD036,Ban lam viec kich thuoc lon go tram (2),Phòng Làm Việc > Bàn Làm Việc,8510000,,/images/products/HBWD036-1.png,"Bàn thiết kế chắc chắn, tối ưu không gian sử dụng.","Ban lam viec kich thuoc lon go tram (2) là lựa chọn lý tưởng cho không gian làm việc và sinh hoạt hiện đại, kết hợp giữa tính thẩm mỹ và công năng sử dụng thực tế.

THÔNG SỐ KỸ THUẬT
• Chất liệu: Chất liệu cao cấp, chọn lọc kỹ càng đảm bảo độ bền và tính thẩm mỹ
• Mã sản phẩm: HBWD036
• Bảo hành: 12 tháng

CÔNG NĂNG NỔI BẬT
• Mặt bàn rộng rãi, đủ không gian đặt máy tính, tài liệu và vật dụng cá nhân
• Khung/chân bàn chắc chắn, chịu lực tốt, hạn chế rung lắc khi sử dụng
• Thiết kế tối giản, dễ phối hợp với nhiều phong cách nội thất khác nhau
• Dễ dàng lắp ráp và vệ sinh, bảo trì trong quá trình sử dụng lâu dài

PHÙ HỢP KHÔNG GIAN
• Phù hợp bố trí trong không gian phòng làm việc, mang lại sự tiện nghi và thẩm mỹ cho tổng thể không gian.",instock,1
CHBCF026,Chan ban co lo 01,Nội thất văn phòng > Bàn Văn Phòng > Bàn Giám Đốc,13200000,,/images/products/CHBCF026-1.jpg,"Bàn thiết kế chắc chắn, tối ưu không gian sử dụng.","Chan ban co lo 01 là lựa chọn lý tưởng cho không gian làm việc và sinh hoạt hiện đại, kết hợp giữa tính thẩm mỹ và công năng sử dụng thực tế.

THÔNG SỐ KỸ THUẬT
• Chất liệu: Chất liệu cao cấp, chọn lọc kỹ càng đảm bảo độ bền và tính thẩm mỹ
• Mã sản phẩm: CHBCF026
• Bảo hành: 12 tháng

CÔNG NĂNG NỔI BẬT
• Mặt bàn rộng rãi, đủ không gian đặt máy tính, tài liệu và vật dụng cá nhân
• Khung/chân bàn chắc chắn, chịu lực tốt, hạn chế rung lắc khi sử dụng
• Thiết kế tối giản, dễ phối hợp với nhiều phong cách nội thất khác nhau
• Dễ dàng lắp ráp và vệ sinh, bảo trì trong quá trình sử dụng lâu dài

PHÙ HỢP KHÔNG GIAN
• Phù hợp bố trí trong không gian nội thất văn phòng, mang lại sự tiện nghi và thẩm mỹ cho tổng thể không gian.",instock,1
KMG68013,Ke may giat 02,Phòng Tắm > Kệ Máy Giặt,10800000,,/images/products/KMG68013-1.jpg,"Kệ đa năng, tối ưu không gian trưng bày và lưu trữ.","Ke may giat 02 là giải pháp lưu trữ và trang trí linh hoạt, giúp không gian sống trở nên ngăn nắp và cuốn hút hơn.

THÔNG SỐ KỸ THUẬT
• Chất liệu: Chất liệu cao cấp, chọn lọc kỹ càng đảm bảo độ bền và tính thẩm mỹ
• Mã sản phẩm: KMG68013
• Bảo hành: 12 tháng

CÔNG NĂNG NỔI BẬT
• Kết cấu vững chắc, chịu tải trọng tốt cho nhiều loại đồ vật
• Thiết kế nhiều tầng linh hoạt, tối ưu không gian lưu trữ và trưng bày
• Kiểu dáng hiện đại, vừa lưu trữ vừa trang trí cho không gian
• Dễ dàng lắp đặt, di chuyển và vệ sinh

PHÙ HỢP KHÔNG GIAN
• Phù hợp bố trí trong không gian phòng tắm, mang lại sự tiện nghi và thẩm mỹ cho tổng thể không gian.",instock,1
BGD68053,Ban giam doc chan tu kichthuoc 01,Nội thất văn phòng > Bàn Văn Phòng > Bàn Giám Đốc,7360000,,"/images/products/BGD68053-1.jpg, /images/products/BGD68053-2.jpg, /images/products/BGD68053-3.jpg","Bàn thiết kế chắc chắn, tối ưu không gian sử dụng.","Ban giam doc chan tu kichthuoc 01 là lựa chọn lý tưởng cho không gian làm việc và sinh hoạt hiện đại, kết hợp giữa tính thẩm mỹ và công năng sử dụng thực tế.

THÔNG SỐ KỸ THUẬT
• Chất liệu: Chất liệu cao cấp, chọn lọc kỹ càng đảm bảo độ bền và tính thẩm mỹ
• Mã sản phẩm: BGD68053
• Bảo hành: 12 tháng

CÔNG NĂNG NỔI BẬT
• Mặt bàn rộng rãi, đủ không gian đặt máy tính, tài liệu và vật dụng cá nhân
• Khung/chân bàn chắc chắn, chịu lực tốt, hạn chế rung lắc khi sử dụng
• Thiết kế tối giản, dễ phối hợp với nhiều phong cách nội thất khác nhau
• Dễ dàng lắp ráp và vệ sinh, bảo trì trong quá trình sử dụng lâu dài

PHÙ HỢP KHÔNG GIAN
• Phù hợp bố trí trong không gian nội thất văn phòng, mang lại sự tiện nghi và thẩm mỹ cho tổng thể không gian.",instock,1
HBCN026,Ban lam viec 140x60cm go cao su chan sat lap he cone ii (2),Nội thất văn phòng > Hệ Bàn > Hệ CONE II,2260000,,"/images/products/HBCN026-1.png, /images/products/HBCN026-2.png","Bàn thiết kế chắc chắn, tối ưu không gian sử dụng.","Ban lam viec 140x60cm go cao su chan sat lap he cone ii (2) là lựa chọn lý tưởng cho không gian làm việc và sinh hoạt hiện đại, kết hợp giữa tính thẩm mỹ và công năng sử dụng thực tế.

THÔNG SỐ KỸ THUẬT
• Chất liệu: Chất liệu cao cấp, chọn lọc kỹ càng đảm bảo độ bền và tính thẩm mỹ
• Kích thước: 140x60cm
• Mã sản phẩm: HBCN026
• Bảo hành: 12 tháng

CÔNG NĂNG NỔI BẬT
• Mặt bàn rộng rãi, đủ không gian đặt máy tính, tài liệu và vật dụng cá nhân
• Khung/chân bàn chắc chắn, chịu lực tốt, hạn chế rung lắc khi sử dụng
• Thiết kế tối giản, dễ phối hợp với nhiều phong cách nội thất khác nhau
• Dễ dàng lắp ráp và vệ sinh, bảo trì trong quá trình sử dụng lâu dài

PHÙ HỢP KHÔNG GIAN
• Phù hợp bố trí trong không gian nội thất văn phòng, mang lại sự tiện nghi và thẩm mỹ cho tổng thể không gian.",instock,1
THS68063,Tu ho so 04a,Nội thất văn phòng > Kệ - Tủ Văn Phòng > Tủ Hồ Sơ Đứng,3740000,,/images/products/THS68063-1.jpg,"Tủ lưu trữ tiện lợi, thiết kế gọn gàng.","Tu ho so 04a giúp tối ưu không gian lưu trữ, sắp xếp đồ đạc gọn gàng, khoa học mà vẫn đảm bảo tính thẩm mỹ cho căn phòng.

THÔNG SỐ KỸ THUẬT
• Chất liệu: Chất liệu cao cấp, chọn lọc kỹ càng đảm bảo độ bền và tính thẩm mỹ
• Mã sản phẩm: THS68063
• Bảo hành: 12 tháng

CÔNG NĂNG NỔI BẬT
• Nhiều ngăn/kệ chia hợp lý, tối ưu diện tích lưu trữ
• Hệ thống bản lề, tay nắm chắc chắn, đóng mở êm ái
• Bề mặt hoàn thiện chống trầy xước, dễ lau chùi
• Thiết kế kín đáo, giúp không gian luôn gọn gàng ngăn nắp

PHÙ HỢP KHÔNG GIAN
• Phù hợp bố trí trong không gian nội thất văn phòng, mang lại sự tiện nghi và thẩm mỹ cho tổng thể không gian.",instock,1
HBTC029,Ban lam viec go plywood chan sat trapeze (2),Phòng Làm Việc > Bàn Làm Việc,6180000,,/images/products/HBTC029-1.png,"Bàn thiết kế chắc chắn, tối ưu không gian sử dụng.","Ban lam viec go plywood chan sat trapeze (2) là lựa chọn lý tưởng cho không gian làm việc và sinh hoạt hiện đại, kết hợp giữa tính thẩm mỹ và công năng sử dụng thực tế.

THÔNG SỐ KỸ THUẬT
• Chất liệu: Chất liệu cao cấp, chọn lọc kỹ càng đảm bảo độ bền và tính thẩm mỹ
• Mã sản phẩm: HBTC029
• Bảo hành: 12 tháng

CÔNG NĂNG NỔI BẬT
• Mặt bàn rộng rãi, đủ không gian đặt máy tính, tài liệu và vật dụng cá nhân
• Khung/chân bàn chắc chắn, chịu lực tốt, hạn chế rung lắc khi sử dụng
• Thiết kế tối giản, dễ phối hợp với nhiều phong cách nội thất khác nhau
• Dễ dàng lắp ráp và vệ sinh, bảo trì trong quá trình sử dụng lâu dài

PHÙ HỢP KHÔNG GIAN
• Phù hợp bố trí trong không gian phòng làm việc, mang lại sự tiện nghi và thẩm mỹ cho tổng thể không gian.",instock,1
CD68017,Ban chu l go tram 08,Nội thất văn phòng > Bàn Văn Phòng > Bàn Giám Đốc,4800000,,/images/products/CD68017-1.jpg,"Bàn thiết kế chắc chắn, tối ưu không gian sử dụng.","Ban chu l go tram 08 là lựa chọn lý tưởng cho không gian làm việc và sinh hoạt hiện đại, kết hợp giữa tính thẩm mỹ và công năng sử dụng thực tế.

THÔNG SỐ KỸ THUẬT
• Chất liệu: Chất liệu cao cấp, chọn lọc kỹ càng đảm bảo độ bền và tính thẩm mỹ
• Mã sản phẩm: CD68017
• Bảo hành: 12 tháng

CÔNG NĂNG NỔI BẬT
• Mặt bàn rộng rãi, đủ không gian đặt máy tính, tài liệu và vật dụng cá nhân
• Khung/chân bàn chắc chắn, chịu lực tốt, hạn chế rung lắc khi sử dụng
• Thiết kế tối giản, dễ phối hợp với nhiều phong cách nội thất khác nhau
• Dễ dàng lắp ráp và vệ sinh, bảo trì trong quá trình sử dụng lâu dài

PHÙ HỢP KHÔNG GIAN
• Phù hợp bố trí trong không gian nội thất văn phòng, mang lại sự tiện nghi và thẩm mỹ cho tổng thể không gian.",instock,1
KMG68015,Ke may giat 2,Phòng Tắm > Kệ Máy Giặt,11540000,,/images/products/KMG68015-1.jpg,"Kệ đa năng, tối ưu không gian trưng bày và lưu trữ.","Ke may giat 2 là giải pháp lưu trữ và trang trí linh hoạt, giúp không gian sống trở nên ngăn nắp và cuốn hút hơn.

THÔNG SỐ KỸ THUẬT
• Chất liệu: Chất liệu cao cấp, chọn lọc kỹ càng đảm bảo độ bền và tính thẩm mỹ
• Mã sản phẩm: KMG68015
• Bảo hành: 12 tháng

CÔNG NĂNG NỔI BẬT
• Kết cấu vững chắc, chịu tải trọng tốt cho nhiều loại đồ vật
• Thiết kế nhiều tầng linh hoạt, tối ưu không gian lưu trữ và trưng bày
• Kiểu dáng hiện đại, vừa lưu trữ vừa trang trí cho không gian
• Dễ dàng lắp đặt, di chuyển và vệ sinh

PHÙ HỢP KHÔNG GIAN
• Phù hợp bố trí trong không gian phòng tắm, mang lại sự tiện nghi và thẩm mỹ cho tổng thể không gian.",instock,1
HBTH001,Ban lam viec 100x60 trapeze ii concept lap rap (2),Phòng Làm Việc > Bàn Làm Việc,6250000,,/images/products/HBTH001-1.png,"Bàn thiết kế chắc chắn, tối ưu không gian sử dụng.","Ban lam viec 100x60 trapeze ii concept lap rap (2) là lựa chọn lý tưởng cho không gian làm việc và sinh hoạt hiện đại, kết hợp giữa tính thẩm mỹ và công năng sử dụng thực tế.

THÔNG SỐ KỸ THUẬT
• Chất liệu: Chất liệu cao cấp, chọn lọc kỹ càng đảm bảo độ bền và tính thẩm mỹ
• Mã sản phẩm: HBTH001
• Bảo hành: 12 tháng

CÔNG NĂNG NỔI BẬT
• Mặt bàn rộng rãi, đủ không gian đặt máy tính, tài liệu và vật dụng cá nhân
• Khung/chân bàn chắc chắn, chịu lực tốt, hạn chế rung lắc khi sử dụng
• Thiết kế tối giản, dễ phối hợp với nhiều phong cách nội thất khác nhau
• Dễ dàng lắp ráp và vệ sinh, bảo trì trong quá trình sử dụng lâu dài

PHÙ HỢP KHÔNG GIAN
• Phù hợp bố trí trong không gian phòng làm việc, mang lại sự tiện nghi và thẩm mỹ cho tổng thể không gian.",instock,1
KTB68069,Ke trang tri 03,Trường Học > Tủ Kệ Trường Học > Kệ Trang Trí,2440000,,/images/products/KTB68069-1.jpg,"Kệ đa năng, tối ưu không gian trưng bày và lưu trữ.","Ke trang tri 03 là giải pháp lưu trữ và trang trí linh hoạt, giúp không gian sống trở nên ngăn nắp và cuốn hút hơn.

THÔNG SỐ KỸ THUẬT
• Chất liệu: Chất liệu cao cấp, chọn lọc kỹ càng đảm bảo độ bền và tính thẩm mỹ
• Mã sản phẩm: KTB68069
• Bảo hành: 12 tháng

CÔNG NĂNG NỔI BẬT
• Kết cấu vững chắc, chịu tải trọng tốt cho nhiều loại đồ vật
• Thiết kế nhiều tầng linh hoạt, tối ưu không gian lưu trữ và trưng bày
• Kiểu dáng hiện đại, vừa lưu trữ vừa trang trí cho không gian
• Dễ dàng lắp đặt, di chuyển và vệ sinh

PHÙ HỢP KHÔNG GIAN
• Phù hợp bố trí trong không gian trường học, mang lại sự tiện nghi và thẩm mỹ cho tổng thể không gian.",instock,1
KG68058,Ke giay cua luoi 04,Phòng Khách > Tủ Kệ Giày,3620000,,/images/products/KG68058-1.jpg,"Tủ lưu trữ tiện lợi, thiết kế gọn gàng.","Ke giay cua luoi 04 giúp tối ưu không gian lưu trữ, sắp xếp đồ đạc gọn gàng, khoa học mà vẫn đảm bảo tính thẩm mỹ cho căn phòng.

THÔNG SỐ KỸ THUẬT
• Chất liệu: Chất liệu cao cấp, chọn lọc kỹ càng đảm bảo độ bền và tính thẩm mỹ
• Mã sản phẩm: KG68058
• Bảo hành: 12 tháng

CÔNG NĂNG NỔI BẬT
• Nhiều ngăn/kệ chia hợp lý, tối ưu diện tích lưu trữ
• Hệ thống bản lề, tay nắm chắc chắn, đóng mở êm ái
• Bề mặt hoàn thiện chống trầy xước, dễ lau chùi
• Thiết kế kín đáo, giúp không gian luôn gọn gàng ngăn nắp

PHÙ HỢP KHÔNG GIAN
• Phù hợp bố trí trong không gian phòng khách, mang lại sự tiện nghi và thẩm mỹ cho tổng thể không gian.",instock,1
HCAC008,Chan sat 160x80cm aconcept 01,Nội thất văn phòng > Hệ Bàn > Hệ AConcept,11810000,,/images/products/HCAC008-1.jpg,"Bàn thiết kế chắc chắn, tối ưu không gian sử dụng.","Chan sat 160x80cm aconcept 01 là lựa chọn lý tưởng cho không gian làm việc và sinh hoạt hiện đại, kết hợp giữa tính thẩm mỹ và công năng sử dụng thực tế.

THÔNG SỐ KỸ THUẬT
• Chất liệu: Chất liệu cao cấp, chọn lọc kỹ càng đảm bảo độ bền và tính thẩm mỹ
• Kích thước: 160x80cm
• Mã sản phẩm: HCAC008
• Bảo hành: 12 tháng

CÔNG NĂNG NỔI BẬT
• Mặt bàn rộng rãi, đủ không gian đặt máy tính, tài liệu và vật dụng cá nhân
• Khung/chân bàn chắc chắn, chịu lực tốt, hạn chế rung lắc khi sử dụng
• Thiết kế tối giản, dễ phối hợp với nhiều phong cách nội thất khác nhau
• Dễ dàng lắp ráp và vệ sinh, bảo trì trong quá trình sử dụng lâu dài

PHÙ HỢP KHÔNG GIAN
• Phù hợp bố trí trong không gian nội thất văn phòng, mang lại sự tiện nghi và thẩm mỹ cho tổng thể không gian.",instock,1
HBPL003,Ban nhan vien go plywood chan sat lap rap he ply (2),Nội thất văn phòng > Bàn Văn Phòng > Bàn Nhân Viên,9090000,,/images/products/HBPL003-1.png,"Bàn thiết kế chắc chắn, tối ưu không gian sử dụng.","Ban nhan vien go plywood chan sat lap rap he ply (2) là lựa chọn lý tưởng cho không gian làm việc và sinh hoạt hiện đại, kết hợp giữa tính thẩm mỹ và công năng sử dụng thực tế.

THÔNG SỐ KỸ THUẬT
• Chất liệu: Chất liệu cao cấp, chọn lọc kỹ càng đảm bảo độ bền và tính thẩm mỹ
• Mã sản phẩm: HBPL003
• Bảo hành: 12 tháng

CÔNG NĂNG NỔI BẬT
• Mặt bàn rộng rãi, đủ không gian đặt máy tính, tài liệu và vật dụng cá nhân
• Khung/chân bàn chắc chắn, chịu lực tốt, hạn chế rung lắc khi sử dụng
• Thiết kế tối giản, dễ phối hợp với nhiều phong cách nội thất khác nhau
• Dễ dàng lắp ráp và vệ sinh, bảo trì trong quá trình sử dụng lâu dài

PHÙ HỢP KHÔNG GIAN
• Phù hợp bố trí trong không gian nội thất văn phòng, mang lại sự tiện nghi và thẩm mỹ cho tổng thể không gian.",instock,1
SPD68202,Ban lam viec 120x60cm go tram chan sat he oma ii lap rap ngam (2),Nội thất văn phòng > Hệ Bàn > Hệ OMA II,7600000,,/images/products/SPD68202-1.png,"Bàn thiết kế chắc chắn, tối ưu không gian sử dụng.","Ban lam viec 120x60cm go tram chan sat he oma ii lap rap ngam (2) là lựa chọn lý tưởng cho không gian làm việc và sinh hoạt hiện đại, kết hợp giữa tính thẩm mỹ và công năng sử dụng thực tế.

THÔNG SỐ KỸ THUẬT
• Chất liệu: Chất liệu cao cấp, chọn lọc kỹ càng đảm bảo độ bền và tính thẩm mỹ
• Kích thước: 120x60cm
• Mã sản phẩm: SPD68202
• Bảo hành: 12 tháng

CÔNG NĂNG NỔI BẬT
• Mặt bàn rộng rãi, đủ không gian đặt máy tính, tài liệu và vật dụng cá nhân
• Khung/chân bàn chắc chắn, chịu lực tốt, hạn chế rung lắc khi sử dụng
• Thiết kế tối giản, dễ phối hợp với nhiều phong cách nội thất khác nhau
• Dễ dàng lắp ráp và vệ sinh, bảo trì trong quá trình sử dụng lâu dài

PHÙ HỢP KHÔNG GIAN
• Phù hợp bố trí trong không gian nội thất văn phòng, mang lại sự tiện nghi và thẩm mỹ cho tổng thể không gian.",instock,1
BA68044,Ban an tron chan sat 06,Bếp & Phòng Ăn > Bàn Ăn,7060000,,/images/products/BA68044-1.jpg,"Bàn thiết kế chắc chắn, tối ưu không gian sử dụng.","Ban an tron chan sat 06 là lựa chọn lý tưởng cho không gian làm việc và sinh hoạt hiện đại, kết hợp giữa tính thẩm mỹ và công năng sử dụng thực tế.

THÔNG SỐ KỸ THUẬT
• Chất liệu: Chất liệu cao cấp, chọn lọc kỹ càng đảm bảo độ bền và tính thẩm mỹ
• Mã sản phẩm: BA68044
• Bảo hành: 12 tháng

CÔNG NĂNG NỔI BẬT
• Mặt bàn rộng rãi, đủ không gian đặt máy tính, tài liệu và vật dụng cá nhân
• Khung/chân bàn chắc chắn, chịu lực tốt, hạn chế rung lắc khi sử dụng
• Thiết kế tối giản, dễ phối hợp với nhiều phong cách nội thất khác nhau
• Dễ dàng lắp ráp và vệ sinh, bảo trì trong quá trình sử dụng lâu dài

PHÙ HỢP KHÔNG GIAN
• Phù hợp bố trí trong không gian bếp & phòng ăn, mang lại sự tiện nghi và thẩm mỹ cho tổng thể không gian.",instock,1
HCTG015,Chan ban chu l 160x160cm chan tam giac quy 01,Nội thất văn phòng > Hệ Bàn > Hệ Tứ Giác Côn,9120000,,"/images/products/HCTG015-1.jpg, /images/products/HCTG015-2.jpg, /images/products/HCTG015-3.jpg, /images/products/HCTG015-4.jpg","Bàn thiết kế chắc chắn, tối ưu không gian sử dụng.","Chan ban chu l 160x160cm chan tam giac quy 01 là lựa chọn lý tưởng cho không gian làm việc và sinh hoạt hiện đại, kết hợp giữa tính thẩm mỹ và công năng sử dụng thực tế.

THÔNG SỐ KỸ THUẬT
• Chất liệu: Chất liệu cao cấp, chọn lọc kỹ càng đảm bảo độ bền và tính thẩm mỹ
• Kích thước: 160x160cm
• Mã sản phẩm: HCTG015
• Bảo hành: 12 tháng

CÔNG NĂNG NỔI BẬT
• Mặt bàn rộng rãi, đủ không gian đặt máy tính, tài liệu và vật dụng cá nhân
• Khung/chân bàn chắc chắn, chịu lực tốt, hạn chế rung lắc khi sử dụng
• Thiết kế tối giản, dễ phối hợp với nhiều phong cách nội thất khác nhau
• Dễ dàng lắp ráp và vệ sinh, bảo trì trong quá trình sử dụng lâu dài

PHÙ HỢP KHÔNG GIAN
• Phù hợp bố trí trong không gian nội thất văn phòng, mang lại sự tiện nghi và thẩm mỹ cho tổng thể không gian.",instock,1
HBPL004,Ban lam viec 120x60 cm go cao su chan lap rap he ply (2),Nội thất văn phòng > Hệ Bàn > Hệ PLY,11970000,,/images/products/HBPL004-1.png,"Bàn thiết kế chắc chắn, tối ưu không gian sử dụng.","Ban lam viec 120x60 cm go cao su chan lap rap he ply (2) là lựa chọn lý tưởng cho không gian làm việc và sinh hoạt hiện đại, kết hợp giữa tính thẩm mỹ và công năng sử dụng thực tế.

THÔNG SỐ KỸ THUẬT
• Chất liệu: Chất liệu cao cấp, chọn lọc kỹ càng đảm bảo độ bền và tính thẩm mỹ
• Kích thước: 120x60 cm
• Mã sản phẩm: HBPL004
• Bảo hành: 12 tháng

CÔNG NĂNG NỔI BẬT
• Mặt bàn rộng rãi, đủ không gian đặt máy tính, tài liệu và vật dụng cá nhân
• Khung/chân bàn chắc chắn, chịu lực tốt, hạn chế rung lắc khi sử dụng
• Thiết kế tối giản, dễ phối hợp với nhiều phong cách nội thất khác nhau
• Dễ dàng lắp ráp và vệ sinh, bảo trì trong quá trình sử dụng lâu dài

PHÙ HỢP KHÔNG GIAN
• Phù hợp bố trí trong không gian nội thất văn phòng, mang lại sự tiện nghi và thẩm mỹ cho tổng thể không gian.",instock,1
FD68020,Ban ket hop ke dimension,Nội thất văn phòng > Bàn Văn Phòng > Bàn Họp,10380000,,/images/products/FD68020-1.jpg,"Bàn thiết kế chắc chắn, tối ưu không gian sử dụng.","Ban ket hop ke dimension là lựa chọn lý tưởng cho không gian làm việc và sinh hoạt hiện đại, kết hợp giữa tính thẩm mỹ và công năng sử dụng thực tế.

THÔNG SỐ KỸ THUẬT
• Chất liệu: Chất liệu cao cấp, chọn lọc kỹ càng đảm bảo độ bền và tính thẩm mỹ
• Mã sản phẩm: FD68020
• Bảo hành: 12 tháng

CÔNG NĂNG NỔI BẬT
• Mặt bàn rộng rãi, đủ không gian đặt máy tính, tài liệu và vật dụng cá nhân
• Khung/chân bàn chắc chắn, chịu lực tốt, hạn chế rung lắc khi sử dụng
• Thiết kế tối giản, dễ phối hợp với nhiều phong cách nội thất khác nhau
• Dễ dàng lắp ráp và vệ sinh, bảo trì trong quá trình sử dụng lâu dài

PHÙ HỢP KHÔNG GIAN
• Phù hợp bố trí trong không gian nội thất văn phòng, mang lại sự tiện nghi và thẩm mỹ cho tổng thể không gian.",instock,1
CB68158,Combo ban ghe lam viec ergonomic 01,Phòng Làm Việc > Bộ Bàn Ghế Làm Việc,1870000,,/images/products/CB68158-1.jpg,"Ghế công thái học, êm ái và bền bỉ.","Combo ban ghe lam viec ergonomic 01 mang đến trải nghiệm ngồi thoải mái, hỗ trợ tư thế đúng chuẩn cho thời gian sử dụng dài mà không gây mỏi mệt.

THÔNG SỐ KỸ THUẬT
• Chất liệu: Chất liệu cao cấp, chọn lọc kỹ càng đảm bảo độ bền và tính thẩm mỹ
• Mã sản phẩm: CB68158
• Bảo hành: 12 tháng

CÔNG NĂNG NỔI BẬT
• Thiết kế công thái học, nâng đỡ tốt cho vùng lưng và cổ
• Khung ghế chắc chắn, chịu tải trọng tốt, đảm bảo an toàn khi sử dụng
• Đệm ngồi êm ái, thoáng khí, phù hợp ngồi làm việc/sinh hoạt trong thời gian dài
• Kiểu dáng hiện đại, dễ dàng kết hợp với nhiều không gian nội thất

PHÙ HỢP KHÔNG GIAN
• Phù hợp bố trí trong không gian phòng làm việc, mang lại sự tiện nghi và thẩm mỹ cho tổng thể không gian.",instock,1
SPD68154,Ban ngoi bet mat khuyen 120x70cm kichthuoc,Phụ Kiện > Mặt Bàn,1060000,,"/images/products/SPD68154-1.jpg, /images/products/SPD68154-2.jpg","Phụ kiện tiện dụng, hỗ trợ không gian làm việc gọn gàng.","Ban ngoi bet mat khuyen 120x70cm kichthuoc là phụ kiện hỗ trợ đắc lực, giúp không gian làm việc/sinh hoạt gọn gàng và tiện dụng hơn.

THÔNG SỐ KỸ THUẬT
• Chất liệu: Chất liệu cao cấp, chọn lọc kỹ càng đảm bảo độ bền và tính thẩm mỹ
• Kích thước: 120x70cm
• Mã sản phẩm: SPD68154
• Bảo hành: 12 tháng

CÔNG NĂNG NỔI BẬT
• Thiết kế nhỏ gọn, dễ dàng lắp đặt vào hệ bàn/ghế hiện có
• Chất liệu bền bỉ, chịu lực và chịu nhiệt tốt trong quá trình sử dụng
• Giúp không gian làm việc gọn gàng, khoa học hơn
• Tương thích với nhiều mẫu bàn/ghế khác nhau

PHÙ HỢP KHÔNG GIAN
• Phù hợp sử dụng kèm nhiều mẫu bàn/ghế văn phòng, gia đình khác nhau, mang lại sự tiện nghi và thẩm mỹ cho tổng thể không gian.",instock,1
CHBCF020,Chan ban cafe loa ken 01,Bàn ghế Cafe - Ngoài trời > Bàn Cafe,2490000,,/images/products/CHBCF020-1.png,"Bàn thiết kế chắc chắn, tối ưu không gian sử dụng.","Chan ban cafe loa ken 01 là lựa chọn lý tưởng cho không gian làm việc và sinh hoạt hiện đại, kết hợp giữa tính thẩm mỹ và công năng sử dụng thực tế.

THÔNG SỐ KỸ THUẬT
• Chất liệu: Chất liệu cao cấp, chọn lọc kỹ càng đảm bảo độ bền và tính thẩm mỹ
• Mã sản phẩm: CHBCF020
• Bảo hành: 12 tháng

CÔNG NĂNG NỔI BẬT
• Mặt bàn rộng rãi, đủ không gian đặt máy tính, tài liệu và vật dụng cá nhân
• Khung/chân bàn chắc chắn, chịu lực tốt, hạn chế rung lắc khi sử dụng
• Thiết kế tối giản, dễ phối hợp với nhiều phong cách nội thất khác nhau
• Dễ dàng lắp ráp và vệ sinh, bảo trì trong quá trình sử dụng lâu dài

PHÙ HỢP KHÔNG GIAN
• Phù hợp bố trí trong không gian bàn ghế cafe - ngoài trời, mang lại sự tiện nghi và thẩm mỹ cho tổng thể không gian.",instock,1
HBPL010,Ban hop go plywood chan sat lap rap he ply (2),Nội thất văn phòng > Hệ Bàn > Hệ PLY,6070000,,/images/products/HBPL010-1.png,"Bàn thiết kế chắc chắn, tối ưu không gian sử dụng.","Ban hop go plywood chan sat lap rap he ply (2) là lựa chọn lý tưởng cho không gian làm việc và sinh hoạt hiện đại, kết hợp giữa tính thẩm mỹ và công năng sử dụng thực tế.

THÔNG SỐ KỸ THUẬT
• Chất liệu: Chất liệu cao cấp, chọn lọc kỹ càng đảm bảo độ bền và tính thẩm mỹ
• Mã sản phẩm: HBPL010
• Bảo hành: 12 tháng

CÔNG NĂNG NỔI BẬT
• Mặt bàn rộng rãi, đủ không gian đặt máy tính, tài liệu và vật dụng cá nhân
• Khung/chân bàn chắc chắn, chịu lực tốt, hạn chế rung lắc khi sử dụng
• Thiết kế tối giản, dễ phối hợp với nhiều phong cách nội thất khác nhau
• Dễ dàng lắp ráp và vệ sinh, bảo trì trong quá trình sử dụng lâu dài

PHÙ HỢP KHÔNG GIAN
• Phù hợp bố trí trong không gian nội thất văn phòng, mang lại sự tiện nghi và thẩm mỹ cho tổng thể không gian.",instock,1
HBTC035,Ban cum 2 go plywood melamin chan sat trapeze (2),Nội thất văn phòng > Bàn Văn Phòng > Cụm bàn 2 người,2540000,,"/images/products/HBTC035-1.jpg, /images/products/HBTC035-2.jpg, /images/products/HBTC035-3.jpg, /images/products/HBTC035-4.png","Bàn thiết kế chắc chắn, tối ưu không gian sử dụng.","Ban cum 2 go plywood melamin chan sat trapeze (2) là lựa chọn lý tưởng cho không gian làm việc và sinh hoạt hiện đại, kết hợp giữa tính thẩm mỹ và công năng sử dụng thực tế.

THÔNG SỐ KỸ THUẬT
• Chất liệu: Chất liệu cao cấp, chọn lọc kỹ càng đảm bảo độ bền và tính thẩm mỹ
• Mã sản phẩm: HBTC035
• Bảo hành: 12 tháng

CÔNG NĂNG NỔI BẬT
• Mặt bàn rộng rãi, đủ không gian đặt máy tính, tài liệu và vật dụng cá nhân
• Khung/chân bàn chắc chắn, chịu lực tốt, hạn chế rung lắc khi sử dụng
• Thiết kế tối giản, dễ phối hợp với nhiều phong cách nội thất khác nhau
• Dễ dàng lắp ráp và vệ sinh, bảo trì trong quá trình sử dụng lâu dài

PHÙ HỢP KHÔNG GIAN
• Phù hợp bố trí trong không gian nội thất văn phòng, mang lại sự tiện nghi và thẩm mỹ cho tổng thể không gian.",instock,1
TCN68041,Tu di dong 05,Nội thất văn phòng > Kệ - Tủ Văn Phòng > Tủ Hồ Sơ Di Động,13690000,,"/images/products/TCN68041-1.jpg, /images/products/TCN68041-2.jpg","Tủ lưu trữ tiện lợi, thiết kế gọn gàng.","Tu di dong 05 giúp tối ưu không gian lưu trữ, sắp xếp đồ đạc gọn gàng, khoa học mà vẫn đảm bảo tính thẩm mỹ cho căn phòng.

THÔNG SỐ KỸ THUẬT
• Chất liệu: Chất liệu cao cấp, chọn lọc kỹ càng đảm bảo độ bền và tính thẩm mỹ
• Mã sản phẩm: TCN68041
• Bảo hành: 12 tháng

CÔNG NĂNG NỔI BẬT
• Nhiều ngăn/kệ chia hợp lý, tối ưu diện tích lưu trữ
• Hệ thống bản lề, tay nắm chắc chắn, đóng mở êm ái
• Bề mặt hoàn thiện chống trầy xước, dễ lau chùi
• Thiết kế kín đáo, giúp không gian luôn gọn gàng ngăn nắp

PHÙ HỢP KHÔNG GIAN
• Phù hợp bố trí trong không gian nội thất văn phòng, mang lại sự tiện nghi và thẩm mỹ cho tổng thể không gian.",instock,1
HBOM216,Ban hop he oma ii chan lap rap mat ban 1m6 bo goc (2),Nội thất văn phòng > Hệ Bàn > Hệ OMA II,9120000,,/images/products/HBOM216-1.png,"Bàn thiết kế chắc chắn, tối ưu không gian sử dụng.","Ban hop he oma ii chan lap rap mat ban 1m6 bo goc (2) là lựa chọn lý tưởng cho không gian làm việc và sinh hoạt hiện đại, kết hợp giữa tính thẩm mỹ và công năng sử dụng thực tế.

THÔNG SỐ KỸ THUẬT
• Chất liệu: Chất liệu cao cấp, chọn lọc kỹ càng đảm bảo độ bền và tính thẩm mỹ
• Mã sản phẩm: HBOM216
• Bảo hành: 12 tháng

CÔNG NĂNG NỔI BẬT
• Mặt bàn rộng rãi, đủ không gian đặt máy tính, tài liệu và vật dụng cá nhân
• Khung/chân bàn chắc chắn, chịu lực tốt, hạn chế rung lắc khi sử dụng
• Thiết kế tối giản, dễ phối hợp với nhiều phong cách nội thất khác nhau
• Dễ dàng lắp ráp và vệ sinh, bảo trì trong quá trình sử dụng lâu dài

PHÙ HỢP KHÔNG GIAN
• Phù hợp bố trí trong không gian nội thất văn phòng, mang lại sự tiện nghi và thẩm mỹ cho tổng thể không gian.",instock,1
PSD003,Ban hoc don yaris 01 trt7 uw,Trường Học > Bàn Ghế Trường Học > Bàn ghế Mầm Non,910000,,/images/products/PSD003-1.jpg,"Ghế công thái học, êm ái và bền bỉ.","Ban hoc don yaris 01 trt7 uw mang đến trải nghiệm ngồi thoải mái, hỗ trợ tư thế đúng chuẩn cho thời gian sử dụng dài mà không gây mỏi mệt.

THÔNG SỐ KỸ THUẬT
• Chất liệu: Chất liệu cao cấp, chọn lọc kỹ càng đảm bảo độ bền và tính thẩm mỹ
• Mã sản phẩm: PSD003
• Bảo hành: 12 tháng

CÔNG NĂNG NỔI BẬT
• Thiết kế công thái học, nâng đỡ tốt cho vùng lưng và cổ
• Khung ghế chắc chắn, chịu tải trọng tốt, đảm bảo an toàn khi sử dụng
• Đệm ngồi êm ái, thoáng khí, phù hợp ngồi làm việc/sinh hoạt trong thời gian dài
• Kiểu dáng hiện đại, dễ dàng kết hợp với nhiều không gian nội thất

PHÙ HỢP KHÔNG GIAN
• Phù hợp bố trí trong không gian trường học, mang lại sự tiện nghi và thẩm mỹ cho tổng thể không gian.",instock,1
TT68147,Ban sofa 2 tang 02,Phòng Khách > Bàn Sofa,10520000,,"/images/products/TT68147-1.jpg, /images/products/TT68147-2.jpg","Bàn thiết kế chắc chắn, tối ưu không gian sử dụng.","Ban sofa 2 tang 02 là lựa chọn lý tưởng cho không gian làm việc và sinh hoạt hiện đại, kết hợp giữa tính thẩm mỹ và công năng sử dụng thực tế.

THÔNG SỐ KỸ THUẬT
• Chất liệu: Chất liệu cao cấp, chọn lọc kỹ càng đảm bảo độ bền và tính thẩm mỹ
• Mã sản phẩm: TT68147
• Bảo hành: 12 tháng

CÔNG NĂNG NỔI BẬT
• Mặt bàn rộng rãi, đủ không gian đặt máy tính, tài liệu và vật dụng cá nhân
• Khung/chân bàn chắc chắn, chịu lực tốt, hạn chế rung lắc khi sử dụng
• Thiết kế tối giản, dễ phối hợp với nhiều phong cách nội thất khác nhau
• Dễ dàng lắp ráp và vệ sinh, bảo trì trong quá trình sử dụng lâu dài

PHÙ HỢP KHÔNG GIAN
• Phù hợp bố trí trong không gian phòng khách, mang lại sự tiện nghi và thẩm mỹ cho tổng thể không gian.",instock,1
BGV001,Ban giao vien 2 hoc keo 01%20(1),Trường Học > Bàn Ghế Trường Học > Bàn Giáo Viên,5420000,,"/images/products/BGV001-1.jpg, /images/products/BGV001-2.jpg","Bàn thiết kế chắc chắn, tối ưu không gian sử dụng.","Ban giao vien 2 hoc keo 01%20(1) là lựa chọn lý tưởng cho không gian làm việc và sinh hoạt hiện đại, kết hợp giữa tính thẩm mỹ và công năng sử dụng thực tế.

THÔNG SỐ KỸ THUẬT
• Chất liệu: Chất liệu cao cấp, chọn lọc kỹ càng đảm bảo độ bền và tính thẩm mỹ
• Mã sản phẩm: BGV001
• Bảo hành: 12 tháng

CÔNG NĂNG NỔI BẬT
• Mặt bàn rộng rãi, đủ không gian đặt máy tính, tài liệu và vật dụng cá nhân
• Khung/chân bàn chắc chắn, chịu lực tốt, hạn chế rung lắc khi sử dụng
• Thiết kế tối giản, dễ phối hợp với nhiều phong cách nội thất khác nhau
• Dễ dàng lắp ráp và vệ sinh, bảo trì trong quá trình sử dụng lâu dài

PHÙ HỢP KHÔNG GIAN
• Phù hợp bố trí trong không gian trường học, mang lại sự tiện nghi và thẩm mỹ cho tổng thể không gian.",instock,1
KG68060,Ke giay 06,Phòng Khách > Tủ Kệ Giày,13320000,,/images/products/KG68060-1.jpg,"Tủ lưu trữ tiện lợi, thiết kế gọn gàng.","Ke giay 06 giúp tối ưu không gian lưu trữ, sắp xếp đồ đạc gọn gàng, khoa học mà vẫn đảm bảo tính thẩm mỹ cho căn phòng.

THÔNG SỐ KỸ THUẬT
• Chất liệu: Chất liệu cao cấp, chọn lọc kỹ càng đảm bảo độ bền và tính thẩm mỹ
• Mã sản phẩm: KG68060
• Bảo hành: 12 tháng

CÔNG NĂNG NỔI BẬT
• Nhiều ngăn/kệ chia hợp lý, tối ưu diện tích lưu trữ
• Hệ thống bản lề, tay nắm chắc chắn, đóng mở êm ái
• Bề mặt hoàn thiện chống trầy xước, dễ lau chùi
• Thiết kế kín đáo, giúp không gian luôn gọn gàng ngăn nắp

PHÙ HỢP KHÔNG GIAN
• Phù hợp bố trí trong không gian phòng khách, mang lại sự tiện nghi và thẩm mỹ cho tổng thể không gian.",instock,1
COD68037,Ban vi tinh goc l 1,Nội thất văn phòng > Chân Bàn Văn Phòng > Chân bàn góc L,1760000,,/images/products/COD68037-1.jpg,"Phụ kiện tiện dụng, hỗ trợ không gian làm việc gọn gàng.","Ban vi tinh goc l 1 là phụ kiện hỗ trợ đắc lực, giúp không gian làm việc/sinh hoạt gọn gàng và tiện dụng hơn.

THÔNG SỐ KỸ THUẬT
• Chất liệu: Chất liệu cao cấp, chọn lọc kỹ càng đảm bảo độ bền và tính thẩm mỹ
• Mã sản phẩm: COD68037
• Bảo hành: 12 tháng

CÔNG NĂNG NỔI BẬT
• Thiết kế nhỏ gọn, dễ dàng lắp đặt vào hệ bàn/ghế hiện có
• Chất liệu bền bỉ, chịu lực và chịu nhiệt tốt trong quá trình sử dụng
• Giúp không gian làm việc gọn gàng, khoa học hơn
• Tương thích với nhiều mẫu bàn/ghế khác nhau

PHÙ HỢP KHÔNG GIAN
• Phù hợp bố trí trong không gian nội thất văn phòng, mang lại sự tiện nghi và thẩm mỹ cho tổng thể không gian.",instock,1
HBPL011,Ban cum 2 120x120 cm go plywood chan sat lap rap he ply (2),Nội thất văn phòng > Hệ Bàn > Hệ PLY,13050000,,/images/products/HBPL011-1.png,"Bàn thiết kế chắc chắn, tối ưu không gian sử dụng.","Ban cum 2 120x120 cm go plywood chan sat lap rap he ply (2) là lựa chọn lý tưởng cho không gian làm việc và sinh hoạt hiện đại, kết hợp giữa tính thẩm mỹ và công năng sử dụng thực tế.

THÔNG SỐ KỸ THUẬT
• Chất liệu: Chất liệu cao cấp, chọn lọc kỹ càng đảm bảo độ bền và tính thẩm mỹ
• Kích thước: 120x120 cm
• Mã sản phẩm: HBPL011
• Bảo hành: 12 tháng

CÔNG NĂNG NỔI BẬT
• Mặt bàn rộng rãi, đủ không gian đặt máy tính, tài liệu và vật dụng cá nhân
• Khung/chân bàn chắc chắn, chịu lực tốt, hạn chế rung lắc khi sử dụng
• Thiết kế tối giản, dễ phối hợp với nhiều phong cách nội thất khác nhau
• Dễ dàng lắp ráp và vệ sinh, bảo trì trong quá trình sử dụng lâu dài

PHÙ HỢP KHÔNG GIAN
• Phù hợp bố trí trong không gian nội thất văn phòng, mang lại sự tiện nghi và thẩm mỹ cho tổng thể không gian.",instock,1
HBAT006,Ban lam viec 140x80 aton concept chan sat lap rap (2),Phòng Làm Việc > Bàn Làm Việc,5110000,,/images/products/HBAT006-1.png,"Bàn thiết kế chắc chắn, tối ưu không gian sử dụng.","Ban lam viec 140x80 aton concept chan sat lap rap (2) là lựa chọn lý tưởng cho không gian làm việc và sinh hoạt hiện đại, kết hợp giữa tính thẩm mỹ và công năng sử dụng thực tế.

THÔNG SỐ KỸ THUẬT
• Chất liệu: Chất liệu cao cấp, chọn lọc kỹ càng đảm bảo độ bền và tính thẩm mỹ
• Mã sản phẩm: HBAT006
• Bảo hành: 12 tháng

CÔNG NĂNG NỔI BẬT
• Mặt bàn rộng rãi, đủ không gian đặt máy tính, tài liệu và vật dụng cá nhân
• Khung/chân bàn chắc chắn, chịu lực tốt, hạn chế rung lắc khi sử dụng
• Thiết kế tối giản, dễ phối hợp với nhiều phong cách nội thất khác nhau
• Dễ dàng lắp ráp và vệ sinh, bảo trì trong quá trình sử dụng lâu dài

PHÙ HỢP KHÔNG GIAN
• Phù hợp bố trí trong không gian phòng làm việc, mang lại sự tiện nghi và thẩm mỹ cho tổng thể không gian.",instock,1
MF6101,Ghe van phong B 01,Nội thất văn phòng > Ghế Văn Phòng > Ghế Giám Đốc,3960000,,/images/products/MF6101-1.jpg,"Ghế công thái học, êm ái và bền bỉ.","Ghe van phong B 01 mang đến trải nghiệm ngồi thoải mái, hỗ trợ tư thế đúng chuẩn cho thời gian sử dụng dài mà không gây mỏi mệt.

THÔNG SỐ KỸ THUẬT
• Chất liệu: Chất liệu cao cấp, chọn lọc kỹ càng đảm bảo độ bền và tính thẩm mỹ
• Mã sản phẩm: MF6101
• Bảo hành: 12 tháng

CÔNG NĂNG NỔI BẬT
• Thiết kế công thái học, nâng đỡ tốt cho vùng lưng và cổ
• Khung ghế chắc chắn, chịu tải trọng tốt, đảm bảo an toàn khi sử dụng
• Đệm ngồi êm ái, thoáng khí, phù hợp ngồi làm việc/sinh hoạt trong thời gian dài
• Kiểu dáng hiện đại, dễ dàng kết hợp với nhiều không gian nội thất

PHÙ HỢP KHÔNG GIAN
• Phù hợp bố trí trong không gian nội thất văn phòng, mang lại sự tiện nghi và thẩm mỹ cho tổng thể không gian.",instock,1
KG68032,Tu giaytang ket hop tu do 06,Nội thất văn phòng > Bàn Văn Phòng > Bàn Họp,9040000,,/images/products/KG68032-1.jpg,"Bàn thiết kế chắc chắn, tối ưu không gian sử dụng.","Tu giaytang ket hop tu do 06 là lựa chọn lý tưởng cho không gian làm việc và sinh hoạt hiện đại, kết hợp giữa tính thẩm mỹ và công năng sử dụng thực tế.

THÔNG SỐ KỸ THUẬT
• Chất liệu: Chất liệu cao cấp, chọn lọc kỹ càng đảm bảo độ bền và tính thẩm mỹ
• Mã sản phẩm: KG68032
• Bảo hành: 12 tháng

CÔNG NĂNG NỔI BẬT
• Mặt bàn rộng rãi, đủ không gian đặt máy tính, tài liệu và vật dụng cá nhân
• Khung/chân bàn chắc chắn, chịu lực tốt, hạn chế rung lắc khi sử dụng
• Thiết kế tối giản, dễ phối hợp với nhiều phong cách nội thất khác nhau
• Dễ dàng lắp ráp và vệ sinh, bảo trì trong quá trình sử dụng lâu dài

PHÙ HỢP KHÔNG GIAN
• Phù hợp bố trí trong không gian nội thất văn phòng, mang lại sự tiện nghi và thẩm mỹ cho tổng thể không gian.",instock,1
HBMC022,Ban giam doc 160x140 mconcept chan sat lap rap (2),Nội thất văn phòng > Bàn Văn Phòng > Bàn Giám Đốc,2970000,,"/images/products/HBMC022-1.png, /images/products/HBMC022-2.png","Bàn thiết kế chắc chắn, tối ưu không gian sử dụng.","Ban giam doc 160x140 mconcept chan sat lap rap (2) là lựa chọn lý tưởng cho không gian làm việc và sinh hoạt hiện đại, kết hợp giữa tính thẩm mỹ và công năng sử dụng thực tế.

THÔNG SỐ KỸ THUẬT
• Chất liệu: Chất liệu cao cấp, chọn lọc kỹ càng đảm bảo độ bền và tính thẩm mỹ
• Mã sản phẩm: HBMC022
• Bảo hành: 12 tháng

CÔNG NĂNG NỔI BẬT
• Mặt bàn rộng rãi, đủ không gian đặt máy tính, tài liệu và vật dụng cá nhân
• Khung/chân bàn chắc chắn, chịu lực tốt, hạn chế rung lắc khi sử dụng
• Thiết kế tối giản, dễ phối hợp với nhiều phong cách nội thất khác nhau
• Dễ dàng lắp ráp và vệ sinh, bảo trì trong quá trình sử dụng lâu dài

PHÙ HỢP KHÔNG GIAN
• Phù hợp bố trí trong không gian nội thất văn phòng, mang lại sự tiện nghi và thẩm mỹ cho tổng thể không gian.",instock,1
STD68035,Ban dung mat go plywood chan sat vuong dimen li60 1b,Phụ Kiện > Mặt Bàn,1640000,,/images/products/STD68035-1.jpg,"Phụ kiện tiện dụng, hỗ trợ không gian làm việc gọn gàng.","Ban dung mat go plywood chan sat vuong dimen li60 1b là phụ kiện hỗ trợ đắc lực, giúp không gian làm việc/sinh hoạt gọn gàng và tiện dụng hơn.

THÔNG SỐ KỸ THUẬT
• Chất liệu: Chất liệu cao cấp, chọn lọc kỹ càng đảm bảo độ bền và tính thẩm mỹ
• Mã sản phẩm: STD68035
• Bảo hành: 12 tháng

CÔNG NĂNG NỔI BẬT
• Thiết kế nhỏ gọn, dễ dàng lắp đặt vào hệ bàn/ghế hiện có
• Chất liệu bền bỉ, chịu lực và chịu nhiệt tốt trong quá trình sử dụng
• Giúp không gian làm việc gọn gàng, khoa học hơn
• Tương thích với nhiều mẫu bàn/ghế khác nhau

PHÙ HỢP KHÔNG GIAN
• Phù hợp sử dụng kèm nhiều mẫu bàn/ghế văn phòng, gia đình khác nhau, mang lại sự tiện nghi và thẩm mỹ cho tổng thể không gian.",instock,1
HBRT059,Ban hop 240x120cm plywood be tong 03,Nội thất văn phòng > Bàn Văn Phòng > Bàn Họp,7340000,,/images/products/HBRT059-1.jpg,"Bàn thiết kế chắc chắn, tối ưu không gian sử dụng.","Ban hop 240x120cm plywood be tong 03 là lựa chọn lý tưởng cho không gian làm việc và sinh hoạt hiện đại, kết hợp giữa tính thẩm mỹ và công năng sử dụng thực tế.

THÔNG SỐ KỸ THUẬT
• Chất liệu: Chất liệu cao cấp, chọn lọc kỹ càng đảm bảo độ bền và tính thẩm mỹ
• Kích thước: 240x120cm
• Mã sản phẩm: HBRT059
• Bảo hành: 12 tháng

CÔNG NĂNG NỔI BẬT
• Mặt bàn rộng rãi, đủ không gian đặt máy tính, tài liệu và vật dụng cá nhân
• Khung/chân bàn chắc chắn, chịu lực tốt, hạn chế rung lắc khi sử dụng
• Thiết kế tối giản, dễ phối hợp với nhiều phong cách nội thất khác nhau
• Dễ dàng lắp ráp và vệ sinh, bảo trì trong quá trình sử dụng lâu dài

PHÙ HỢP KHÔNG GIAN
• Phù hợp bố trí trong không gian nội thất văn phòng, mang lại sự tiện nghi và thẩm mỹ cho tổng thể không gian.",instock,1
HBRT067,Banlam viec tu di dong 10a,Nội thất văn phòng > Kệ - Tủ Văn Phòng > Tủ Hồ Sơ Di Động,12250000,,/images/products/HBRT067-1.jpg,"Tủ lưu trữ tiện lợi, thiết kế gọn gàng.","Banlam viec tu di dong 10a giúp tối ưu không gian lưu trữ, sắp xếp đồ đạc gọn gàng, khoa học mà vẫn đảm bảo tính thẩm mỹ cho căn phòng.

THÔNG SỐ KỸ THUẬT
• Chất liệu: Chất liệu cao cấp, chọn lọc kỹ càng đảm bảo độ bền và tính thẩm mỹ
• Mã sản phẩm: HBRT067
• Bảo hành: 12 tháng

CÔNG NĂNG NỔI BẬT
• Nhiều ngăn/kệ chia hợp lý, tối ưu diện tích lưu trữ
• Hệ thống bản lề, tay nắm chắc chắn, đóng mở êm ái
• Bề mặt hoàn thiện chống trầy xước, dễ lau chùi
• Thiết kế kín đáo, giúp không gian luôn gọn gàng ngăn nắp

PHÙ HỢP KHÔNG GIAN
• Phù hợp bố trí trong không gian nội thất văn phòng, mang lại sự tiện nghi và thẩm mỹ cho tổng thể không gian.",instock,1
GSD68036,Sofa don armchair07 01,Phòng Khách > Ghế Sofa,3530000,,/images/products/GSD68036-1.jpg,"Ghế công thái học, êm ái và bền bỉ.","Sofa don armchair07 01 mang đến trải nghiệm ngồi thoải mái, hỗ trợ tư thế đúng chuẩn cho thời gian sử dụng dài mà không gây mỏi mệt.

THÔNG SỐ KỸ THUẬT
• Chất liệu: Chất liệu cao cấp, chọn lọc kỹ càng đảm bảo độ bền và tính thẩm mỹ
• Mã sản phẩm: GSD68036
• Bảo hành: 12 tháng

CÔNG NĂNG NỔI BẬT
• Thiết kế công thái học, nâng đỡ tốt cho vùng lưng và cổ
• Khung ghế chắc chắn, chịu tải trọng tốt, đảm bảo an toàn khi sử dụng
• Đệm ngồi êm ái, thoáng khí, phù hợp ngồi làm việc/sinh hoạt trong thời gian dài
• Kiểu dáng hiện đại, dễ dàng kết hợp với nhiều không gian nội thất

PHÙ HỢP KHÔNG GIAN
• Phù hợp bố trí trong không gian phòng khách, mang lại sự tiện nghi và thẩm mỹ cho tổng thể không gian.",instock,1
SFL68021,Sofa goc nem boc vai chan inox 01,Nội thất văn phòng > Chân Bàn Văn Phòng > Chân bàn góc L,1640000,,/images/products/SFL68021-1.jpg,"Phụ kiện tiện dụng, hỗ trợ không gian làm việc gọn gàng.","Sofa goc nem boc vai chan inox 01 là phụ kiện hỗ trợ đắc lực, giúp không gian làm việc/sinh hoạt gọn gàng và tiện dụng hơn.

THÔNG SỐ KỸ THUẬT
• Chất liệu: Chất liệu cao cấp, chọn lọc kỹ càng đảm bảo độ bền và tính thẩm mỹ
• Mã sản phẩm: SFL68021
• Bảo hành: 12 tháng

CÔNG NĂNG NỔI BẬT
• Thiết kế nhỏ gọn, dễ dàng lắp đặt vào hệ bàn/ghế hiện có
• Chất liệu bền bỉ, chịu lực và chịu nhiệt tốt trong quá trình sử dụng
• Giúp không gian làm việc gọn gàng, khoa học hơn
• Tương thích với nhiều mẫu bàn/ghế khác nhau

PHÙ HỢP KHÔNG GIAN
• Phù hợp bố trí trong không gian nội thất văn phòng, mang lại sự tiện nghi và thẩm mỹ cho tổng thể không gian.",instock,1
HBCA052,Ban aconcept 2,Nội thất văn phòng > Hệ Bàn > Hệ AConcept,3890000,,"/images/products/HBCA052-1.jpg, /images/products/HBCA052-2.jpg","Bàn thiết kế chắc chắn, tối ưu không gian sử dụng.","Ban aconcept 2 là lựa chọn lý tưởng cho không gian làm việc và sinh hoạt hiện đại, kết hợp giữa tính thẩm mỹ và công năng sử dụng thực tế.

THÔNG SỐ KỸ THUẬT
• Chất liệu: Chất liệu cao cấp, chọn lọc kỹ càng đảm bảo độ bền và tính thẩm mỹ
• Mã sản phẩm: HBCA052
• Bảo hành: 12 tháng

CÔNG NĂNG NỔI BẬT
• Mặt bàn rộng rãi, đủ không gian đặt máy tính, tài liệu và vật dụng cá nhân
• Khung/chân bàn chắc chắn, chịu lực tốt, hạn chế rung lắc khi sử dụng
• Thiết kế tối giản, dễ phối hợp với nhiều phong cách nội thất khác nhau
• Dễ dàng lắp ráp và vệ sinh, bảo trì trong quá trình sử dụng lâu dài

PHÙ HỢP KHÔNG GIAN
• Phù hợp bố trí trong không gian nội thất văn phòng, mang lại sự tiện nghi và thẩm mỹ cho tổng thể không gian.",instock,1
HCYC001,Chan sat1m2x60cm he ychi 01,Nội thất văn phòng > Hệ Bàn > Hệ UConcept,13880000,,/images/products/HCYC001-1.jpg,"Bàn thiết kế chắc chắn, tối ưu không gian sử dụng.","Chan sat1m2x60cm he ychi 01 là lựa chọn lý tưởng cho không gian làm việc và sinh hoạt hiện đại, kết hợp giữa tính thẩm mỹ và công năng sử dụng thực tế.

THÔNG SỐ KỸ THUẬT
• Chất liệu: Chất liệu cao cấp, chọn lọc kỹ càng đảm bảo độ bền và tính thẩm mỹ
• Mã sản phẩm: HCYC001
• Bảo hành: 12 tháng

CÔNG NĂNG NỔI BẬT
• Mặt bàn rộng rãi, đủ không gian đặt máy tính, tài liệu và vật dụng cá nhân
• Khung/chân bàn chắc chắn, chịu lực tốt, hạn chế rung lắc khi sử dụng
• Thiết kế tối giản, dễ phối hợp với nhiều phong cách nội thất khác nhau
• Dễ dàng lắp ráp và vệ sinh, bảo trì trong quá trình sử dụng lâu dài

PHÙ HỢP KHÔNG GIAN
• Phù hợp bố trí trong không gian nội thất văn phòng, mang lại sự tiện nghi và thẩm mỹ cho tổng thể không gian.",instock,1
KGS016,Ke mam non 02,Trường Học > Tủ Kệ Trường Học > Tủ Kệ Mầm Non,6840000,,/images/products/KGS016-1.jpg,"Tủ lưu trữ tiện lợi, thiết kế gọn gàng.","Ke mam non 02 giúp tối ưu không gian lưu trữ, sắp xếp đồ đạc gọn gàng, khoa học mà vẫn đảm bảo tính thẩm mỹ cho căn phòng.

THÔNG SỐ KỸ THUẬT
• Chất liệu: Chất liệu cao cấp, chọn lọc kỹ càng đảm bảo độ bền và tính thẩm mỹ
• Mã sản phẩm: KGS016
• Bảo hành: 12 tháng

CÔNG NĂNG NỔI BẬT
• Nhiều ngăn/kệ chia hợp lý, tối ưu diện tích lưu trữ
• Hệ thống bản lề, tay nắm chắc chắn, đóng mở êm ái
• Bề mặt hoàn thiện chống trầy xước, dễ lau chùi
• Thiết kế kín đáo, giúp không gian luôn gọn gàng ngăn nắp

PHÙ HỢP KHÔNG GIAN
• Phù hợp bố trí trong không gian trường học, mang lại sự tiện nghi và thẩm mỹ cho tổng thể không gian.",instock,1
HBKC034,Ban lam viec 160x80cm go plywood van soi chan sat kconcept 01,Nội thất văn phòng > Hệ Bàn > Hệ KConcept,10310000,,/images/products/HBKC034-1.jpg,"Bàn thiết kế chắc chắn, tối ưu không gian sử dụng.","Ban lam viec 160x80cm go plywood van soi chan sat kconcept 01 là lựa chọn lý tưởng cho không gian làm việc và sinh hoạt hiện đại, kết hợp giữa tính thẩm mỹ và công năng sử dụng thực tế.

THÔNG SỐ KỸ THUẬT
• Chất liệu: Chất liệu cao cấp, chọn lọc kỹ càng đảm bảo độ bền và tính thẩm mỹ
• Kích thước: 160x80cm
• Mã sản phẩm: HBKC034
• Bảo hành: 12 tháng

CÔNG NĂNG NỔI BẬT
• Mặt bàn rộng rãi, đủ không gian đặt máy tính, tài liệu và vật dụng cá nhân
• Khung/chân bàn chắc chắn, chịu lực tốt, hạn chế rung lắc khi sử dụng
• Thiết kế tối giản, dễ phối hợp với nhiều phong cách nội thất khác nhau
• Dễ dàng lắp ráp và vệ sinh, bảo trì trong quá trình sử dụng lâu dài

PHÙ HỢP KHÔNG GIAN
• Phù hợp bố trí trong không gian nội thất văn phòng, mang lại sự tiện nghi và thẩm mỹ cho tổng thể không gian.",instock,1
HBRT031,Ban cum 6 ngi 120x360cm he rectang chan sat lap rap (2),Nội thất văn phòng > Hệ Bàn > Hệ Rectang,6990000,,/images/products/HBRT031-1.png,"Bàn thiết kế chắc chắn, tối ưu không gian sử dụng.","Ban cum 6 ngi 120x360cm he rectang chan sat lap rap (2) là lựa chọn lý tưởng cho không gian làm việc và sinh hoạt hiện đại, kết hợp giữa tính thẩm mỹ và công năng sử dụng thực tế.

THÔNG SỐ KỸ THUẬT
• Chất liệu: Chất liệu cao cấp, chọn lọc kỹ càng đảm bảo độ bền và tính thẩm mỹ
• Kích thước: 120x360cm
• Mã sản phẩm: HBRT031
• Bảo hành: 12 tháng

CÔNG NĂNG NỔI BẬT
• Mặt bàn rộng rãi, đủ không gian đặt máy tính, tài liệu và vật dụng cá nhân
• Khung/chân bàn chắc chắn, chịu lực tốt, hạn chế rung lắc khi sử dụng
• Thiết kế tối giản, dễ phối hợp với nhiều phong cách nội thất khác nhau
• Dễ dàng lắp ráp và vệ sinh, bảo trì trong quá trình sử dụng lâu dài

PHÙ HỢP KHÔNG GIAN
• Phù hợp bố trí trong không gian nội thất văn phòng, mang lại sự tiện nghi và thẩm mỹ cho tổng thể không gian.",instock,1
HBXC008,Ban lam viec 1200x2400 xconcept (2),Phòng Làm Việc > Bàn Làm Việc,12990000,,"/images/products/HBXC008-1.png, /images/products/HBXC008-2.png","Bàn thiết kế chắc chắn, tối ưu không gian sử dụng.","Ban lam viec 1200x2400 xconcept (2) là lựa chọn lý tưởng cho không gian làm việc và sinh hoạt hiện đại, kết hợp giữa tính thẩm mỹ và công năng sử dụng thực tế.

THÔNG SỐ KỸ THUẬT
• Chất liệu: Chất liệu cao cấp, chọn lọc kỹ càng đảm bảo độ bền và tính thẩm mỹ
• Mã sản phẩm: HBXC008
• Bảo hành: 12 tháng

CÔNG NĂNG NỔI BẬT
• Mặt bàn rộng rãi, đủ không gian đặt máy tính, tài liệu và vật dụng cá nhân
• Khung/chân bàn chắc chắn, chịu lực tốt, hạn chế rung lắc khi sử dụng
• Thiết kế tối giản, dễ phối hợp với nhiều phong cách nội thất khác nhau
• Dễ dàng lắp ráp và vệ sinh, bảo trì trong quá trình sử dụng lâu dài

PHÙ HỢP KHÔNG GIAN
• Phù hợp bố trí trong không gian phòng làm việc, mang lại sự tiện nghi và thẩm mỹ cho tổng thể không gian.",instock,1
HBMC012,Ban hop 200x100 mconcept chan sat lap rap (2),Nội thất văn phòng > Bàn Văn Phòng > Bàn Họp,8650000,,/images/products/HBMC012-1.png,"Bàn thiết kế chắc chắn, tối ưu không gian sử dụng.","Ban hop 200x100 mconcept chan sat lap rap (2) là lựa chọn lý tưởng cho không gian làm việc và sinh hoạt hiện đại, kết hợp giữa tính thẩm mỹ và công năng sử dụng thực tế.

THÔNG SỐ KỸ THUẬT
• Chất liệu: Chất liệu cao cấp, chọn lọc kỹ càng đảm bảo độ bền và tính thẩm mỹ
• Mã sản phẩm: HBMC012
• Bảo hành: 12 tháng

CÔNG NĂNG NỔI BẬT
• Mặt bàn rộng rãi, đủ không gian đặt máy tính, tài liệu và vật dụng cá nhân
• Khung/chân bàn chắc chắn, chịu lực tốt, hạn chế rung lắc khi sử dụng
• Thiết kế tối giản, dễ phối hợp với nhiều phong cách nội thất khác nhau
• Dễ dàng lắp ráp và vệ sinh, bảo trì trong quá trình sử dụng lâu dài

PHÙ HỢP KHÔNG GIAN
• Phù hợp bố trí trong không gian nội thất văn phòng, mang lại sự tiện nghi và thẩm mỹ cho tổng thể không gian.",instock,1
HBWD009,Ban hop go tram chan sat lap rap he wooden (2),Nội thất văn phòng > Hệ Bàn > Hệ Wooden,7270000,,/images/products/HBWD009-1.png,"Bàn thiết kế chắc chắn, tối ưu không gian sử dụng.","Ban hop go tram chan sat lap rap he wooden (2) là lựa chọn lý tưởng cho không gian làm việc và sinh hoạt hiện đại, kết hợp giữa tính thẩm mỹ và công năng sử dụng thực tế.

THÔNG SỐ KỸ THUẬT
• Chất liệu: Chất liệu cao cấp, chọn lọc kỹ càng đảm bảo độ bền và tính thẩm mỹ
• Mã sản phẩm: HBWD009
• Bảo hành: 12 tháng

CÔNG NĂNG NỔI BẬT
• Mặt bàn rộng rãi, đủ không gian đặt máy tính, tài liệu và vật dụng cá nhân
• Khung/chân bàn chắc chắn, chịu lực tốt, hạn chế rung lắc khi sử dụng
• Thiết kế tối giản, dễ phối hợp với nhiều phong cách nội thất khác nhau
• Dễ dàng lắp ráp và vệ sinh, bảo trì trong quá trình sử dụng lâu dài

PHÙ HỢP KHÔNG GIAN
• Phù hợp bố trí trong không gian nội thất văn phòng, mang lại sự tiện nghi và thẩm mỹ cho tổng thể không gian.",instock,1
SPD68007,Ban lam viec simpledesk 4 hz1z at,Phòng Làm Việc > Bàn Làm Việc,8550000,,/images/products/SPD68007-1.jpg,"Bàn thiết kế chắc chắn, tối ưu không gian sử dụng.","Ban lam viec simpledesk 4 hz1z at là lựa chọn lý tưởng cho không gian làm việc và sinh hoạt hiện đại, kết hợp giữa tính thẩm mỹ và công năng sử dụng thực tế.

THÔNG SỐ KỸ THUẬT
• Chất liệu: Chất liệu cao cấp, chọn lọc kỹ càng đảm bảo độ bền và tính thẩm mỹ
• Mã sản phẩm: SPD68007
• Bảo hành: 12 tháng

CÔNG NĂNG NỔI BẬT
• Mặt bàn rộng rãi, đủ không gian đặt máy tính, tài liệu và vật dụng cá nhân
• Khung/chân bàn chắc chắn, chịu lực tốt, hạn chế rung lắc khi sử dụng
• Thiết kế tối giản, dễ phối hợp với nhiều phong cách nội thất khác nhau
• Dễ dàng lắp ráp và vệ sinh, bảo trì trong quá trình sử dụng lâu dài

PHÙ HỢP KHÔNG GIAN
• Phù hợp bố trí trong không gian phòng làm việc, mang lại sự tiện nghi và thẩm mỹ cho tổng thể không gian.",instock,1
SPD68163,Ban lam viec go cao su veneer soi kconcept 04,Nội thất văn phòng > Hệ Bàn > Hệ KConcept,13500000,,"/images/products/SPD68163-1.jpg, /images/products/SPD68163-2.jpg","Bàn thiết kế chắc chắn, tối ưu không gian sử dụng.","Ban lam viec go cao su veneer soi kconcept 04 là lựa chọn lý tưởng cho không gian làm việc và sinh hoạt hiện đại, kết hợp giữa tính thẩm mỹ và công năng sử dụng thực tế.

THÔNG SỐ KỸ THUẬT
• Chất liệu: Chất liệu cao cấp, chọn lọc kỹ càng đảm bảo độ bền và tính thẩm mỹ
• Mã sản phẩm: SPD68163
• Bảo hành: 12 tháng

CÔNG NĂNG NỔI BẬT
• Mặt bàn rộng rãi, đủ không gian đặt máy tính, tài liệu và vật dụng cá nhân
• Khung/chân bàn chắc chắn, chịu lực tốt, hạn chế rung lắc khi sử dụng
• Thiết kế tối giản, dễ phối hợp với nhiều phong cách nội thất khác nhau
• Dễ dàng lắp ráp và vệ sinh, bảo trì trong quá trình sử dụng lâu dài

PHÙ HỢP KHÔNG GIAN
• Phù hợp bố trí trong không gian nội thất văn phòng, mang lại sự tiện nghi và thẩm mỹ cho tổng thể không gian.",instock,1
BGD68052,Ban giam doc chan tu 01,Nội thất văn phòng > Bàn Văn Phòng > Bàn Giám Đốc,6760000,,/images/products/BGD68052-1.jpg,"Bàn thiết kế chắc chắn, tối ưu không gian sử dụng.","Ban giam doc chan tu 01 là lựa chọn lý tưởng cho không gian làm việc và sinh hoạt hiện đại, kết hợp giữa tính thẩm mỹ và công năng sử dụng thực tế.

THÔNG SỐ KỸ THUẬT
• Chất liệu: Chất liệu cao cấp, chọn lọc kỹ càng đảm bảo độ bền và tính thẩm mỹ
• Mã sản phẩm: BGD68052
• Bảo hành: 12 tháng

CÔNG NĂNG NỔI BẬT
• Mặt bàn rộng rãi, đủ không gian đặt máy tính, tài liệu và vật dụng cá nhân
• Khung/chân bàn chắc chắn, chịu lực tốt, hạn chế rung lắc khi sử dụng
• Thiết kế tối giản, dễ phối hợp với nhiều phong cách nội thất khác nhau
• Dễ dàng lắp ráp và vệ sinh, bảo trì trong quá trình sử dụng lâu dài

PHÙ HỢP KHÔNG GIAN
• Phù hợp bố trí trong không gian nội thất văn phòng, mang lại sự tiện nghi và thẩm mỹ cho tổng thể không gian.",instock,1
HOM1011,Ghe nhan vien van phong luoi den co tua dau tay nhua 01,Nội thất văn phòng > Ghế Văn Phòng > Ghế Nhân Viên,1970000,,/images/products/HOM1011-1.jpg,"Ghế công thái học, êm ái và bền bỉ.","Ghe nhan vien van phong luoi den co tua dau tay nhua 01 mang đến trải nghiệm ngồi thoải mái, hỗ trợ tư thế đúng chuẩn cho thời gian sử dụng dài mà không gây mỏi mệt.

THÔNG SỐ KỸ THUẬT
• Chất liệu: Bọc da cao cấp, êm ái và dễ vệ sinh
• Mã sản phẩm: HOM1011
• Bảo hành: 12 tháng

CÔNG NĂNG NỔI BẬT
• Thiết kế công thái học, nâng đỡ tốt cho vùng lưng và cổ
• Khung ghế chắc chắn, chịu tải trọng tốt, đảm bảo an toàn khi sử dụng
• Đệm ngồi êm ái, thoáng khí, phù hợp ngồi làm việc/sinh hoạt trong thời gian dài
• Kiểu dáng hiện đại, dễ dàng kết hợp với nhiều không gian nội thất

PHÙ HỢP KHÔNG GIAN
• Phù hợp bố trí trong không gian nội thất văn phòng, mang lại sự tiện nghi và thẩm mỹ cho tổng thể không gian.",instock,1
KTB68071,Ke trang tri 01,Trường Học > Tủ Kệ Trường Học > Kệ Trang Trí,5020000,,/images/products/KTB68071-1.jpg,"Kệ đa năng, tối ưu không gian trưng bày và lưu trữ.","Ke trang tri 01 là giải pháp lưu trữ và trang trí linh hoạt, giúp không gian sống trở nên ngăn nắp và cuốn hút hơn.

THÔNG SỐ KỸ THUẬT
• Chất liệu: Chất liệu cao cấp, chọn lọc kỹ càng đảm bảo độ bền và tính thẩm mỹ
• Mã sản phẩm: KTB68071
• Bảo hành: 12 tháng

CÔNG NĂNG NỔI BẬT
• Kết cấu vững chắc, chịu tải trọng tốt cho nhiều loại đồ vật
• Thiết kế nhiều tầng linh hoạt, tối ưu không gian lưu trữ và trưng bày
• Kiểu dáng hiện đại, vừa lưu trữ vừa trang trí cho không gian
• Dễ dàng lắp đặt, di chuyển và vệ sinh

PHÙ HỢP KHÔNG GIAN
• Phù hợp bố trí trong không gian trường học, mang lại sự tiện nghi và thẩm mỹ cho tổng thể không gian.",instock,1
HBTA012,Ban cum 4 cho ngoi 120x240cm he trian chan sat tam giac (2),Nội thất văn phòng > Hệ Bàn > Hệ Trian,8850000,,/images/products/HBTA012-1.png,"Bàn thiết kế chắc chắn, tối ưu không gian sử dụng.","Ban cum 4 cho ngoi 120x240cm he trian chan sat tam giac (2) là lựa chọn lý tưởng cho không gian làm việc và sinh hoạt hiện đại, kết hợp giữa tính thẩm mỹ và công năng sử dụng thực tế.

THÔNG SỐ KỸ THUẬT
• Chất liệu: Chất liệu cao cấp, chọn lọc kỹ càng đảm bảo độ bền và tính thẩm mỹ
• Kích thước: 120x240cm
• Mã sản phẩm: HBTA012
• Bảo hành: 12 tháng

CÔNG NĂNG NỔI BẬT
• Mặt bàn rộng rãi, đủ không gian đặt máy tính, tài liệu và vật dụng cá nhân
• Khung/chân bàn chắc chắn, chịu lực tốt, hạn chế rung lắc khi sử dụng
• Thiết kế tối giản, dễ phối hợp với nhiều phong cách nội thất khác nhau
• Dễ dàng lắp ráp và vệ sinh, bảo trì trong quá trình sử dụng lâu dài

PHÙ HỢP KHÔNG GIAN
• Phù hợp bố trí trong không gian nội thất văn phòng, mang lại sự tiện nghi và thẩm mỹ cho tổng thể không gian.",instock,1
HBMC024,Ban giam doc 180x160 mconcept chan sat lap rap (2),Nội thất văn phòng > Bàn Văn Phòng > Bàn Giám Đốc,12960000,,/images/products/HBMC024-1.png,"Bàn thiết kế chắc chắn, tối ưu không gian sử dụng.","Ban giam doc 180x160 mconcept chan sat lap rap (2) là lựa chọn lý tưởng cho không gian làm việc và sinh hoạt hiện đại, kết hợp giữa tính thẩm mỹ và công năng sử dụng thực tế.

THÔNG SỐ KỸ THUẬT
• Chất liệu: Chất liệu cao cấp, chọn lọc kỹ càng đảm bảo độ bền và tính thẩm mỹ
• Mã sản phẩm: HBMC024
• Bảo hành: 12 tháng

CÔNG NĂNG NỔI BẬT
• Mặt bàn rộng rãi, đủ không gian đặt máy tính, tài liệu và vật dụng cá nhân
• Khung/chân bàn chắc chắn, chịu lực tốt, hạn chế rung lắc khi sử dụng
• Thiết kế tối giản, dễ phối hợp với nhiều phong cách nội thất khác nhau
• Dễ dàng lắp ráp và vệ sinh, bảo trì trong quá trình sử dụng lâu dài

PHÙ HỢP KHÔNG GIAN
• Phù hợp bố trí trong không gian nội thất văn phòng, mang lại sự tiện nghi và thẩm mỹ cho tổng thể không gian.",instock,1
KGS002,Tu mam non 4 ngan 01,Trường Học > Tủ Kệ Trường Học > Tủ Kệ Mầm Non,8160000,,/images/products/KGS002-1.jpg,"Tủ lưu trữ tiện lợi, thiết kế gọn gàng.","Tu mam non 4 ngan 01 giúp tối ưu không gian lưu trữ, sắp xếp đồ đạc gọn gàng, khoa học mà vẫn đảm bảo tính thẩm mỹ cho căn phòng.

THÔNG SỐ KỸ THUẬT
• Chất liệu: Chất liệu cao cấp, chọn lọc kỹ càng đảm bảo độ bền và tính thẩm mỹ
• Mã sản phẩm: KGS002
• Bảo hành: 12 tháng

CÔNG NĂNG NỔI BẬT
• Nhiều ngăn/kệ chia hợp lý, tối ưu diện tích lưu trữ
• Hệ thống bản lề, tay nắm chắc chắn, đóng mở êm ái
• Bề mặt hoàn thiện chống trầy xước, dễ lau chùi
• Thiết kế kín đáo, giúp không gian luôn gọn gàng ngăn nắp

PHÙ HỢP KHÔNG GIAN
• Phù hợp bố trí trong không gian trường học, mang lại sự tiện nghi và thẩm mỹ cho tổng thể không gian.",instock,1
TCN68038,Tu ca nhan 04,Phòng Làm Việc > Tủ Cá Nhân,13160000,,/images/products/TCN68038-1.jpg,"Tủ lưu trữ tiện lợi, thiết kế gọn gàng.","Tu ca nhan 04 giúp tối ưu không gian lưu trữ, sắp xếp đồ đạc gọn gàng, khoa học mà vẫn đảm bảo tính thẩm mỹ cho căn phòng.

THÔNG SỐ KỸ THUẬT
• Chất liệu: Chất liệu cao cấp, chọn lọc kỹ càng đảm bảo độ bền và tính thẩm mỹ
• Mã sản phẩm: TCN68038
• Bảo hành: 12 tháng

CÔNG NĂNG NỔI BẬT
• Nhiều ngăn/kệ chia hợp lý, tối ưu diện tích lưu trữ
• Hệ thống bản lề, tay nắm chắc chắn, đóng mở êm ái
• Bề mặt hoàn thiện chống trầy xước, dễ lau chùi
• Thiết kế kín đáo, giúp không gian luôn gọn gàng ngăn nắp

PHÙ HỢP KHÔNG GIAN
• Phù hợp bố trí trong không gian phòng làm việc, mang lại sự tiện nghi và thẩm mỹ cho tổng thể không gian.",instock,1
MS68016,Ke man hinh 1m go plywood 02,Nội thất văn phòng > Phụ Kiện Bàn > Kệ Màn Hình,610000,,"/images/products/MS68016-1.jpg, /images/products/MS68016-2.jpg","Phụ kiện tiện dụng, hỗ trợ không gian làm việc gọn gàng.","Ke man hinh 1m go plywood 02 là phụ kiện hỗ trợ đắc lực, giúp không gian làm việc/sinh hoạt gọn gàng và tiện dụng hơn.

THÔNG SỐ KỸ THUẬT
• Chất liệu: Chất liệu cao cấp, chọn lọc kỹ càng đảm bảo độ bền và tính thẩm mỹ
• Mã sản phẩm: MS68016
• Bảo hành: 12 tháng

CÔNG NĂNG NỔI BẬT
• Thiết kế nhỏ gọn, dễ dàng lắp đặt vào hệ bàn/ghế hiện có
• Chất liệu bền bỉ, chịu lực và chịu nhiệt tốt trong quá trình sử dụng
• Giúp không gian làm việc gọn gàng, khoa học hơn
• Tương thích với nhiều mẫu bàn/ghế khác nhau

PHÙ HỢP KHÔNG GIAN
• Phù hợp bố trí trong không gian nội thất văn phòng, mang lại sự tiện nghi và thẩm mỹ cho tổng thể không gian.",instock,1
MB017,Mat ban go tram mau canh gian 05,Phụ Kiện > Mặt Bàn,1540000,,/images/products/MB017-1.jpg,"Phụ kiện tiện dụng, hỗ trợ không gian làm việc gọn gàng.","Mat ban go tram mau canh gian 05 là phụ kiện hỗ trợ đắc lực, giúp không gian làm việc/sinh hoạt gọn gàng và tiện dụng hơn.

THÔNG SỐ KỸ THUẬT
• Chất liệu: Chất liệu cao cấp, chọn lọc kỹ càng đảm bảo độ bền và tính thẩm mỹ
• Mã sản phẩm: MB017
• Bảo hành: 12 tháng

CÔNG NĂNG NỔI BẬT
• Thiết kế nhỏ gọn, dễ dàng lắp đặt vào hệ bàn/ghế hiện có
• Chất liệu bền bỉ, chịu lực và chịu nhiệt tốt trong quá trình sử dụng
• Giúp không gian làm việc gọn gàng, khoa học hơn
• Tương thích với nhiều mẫu bàn/ghế khác nhau

PHÙ HỢP KHÔNG GIAN
• Phù hợp sử dụng kèm nhiều mẫu bàn/ghế văn phòng, gia đình khác nhau, mang lại sự tiện nghi và thẩm mỹ cho tổng thể không gian.",instock,1
KS68113,Tu ke sach go cao su de chan 05,Trường Học > Tủ Kệ Trường Học > Tủ Kệ Sách Trường Học,11350000,,/images/products/KS68113-1.jpg,"Tủ lưu trữ tiện lợi, thiết kế gọn gàng.","Tu ke sach go cao su de chan 05 giúp tối ưu không gian lưu trữ, sắp xếp đồ đạc gọn gàng, khoa học mà vẫn đảm bảo tính thẩm mỹ cho căn phòng.

THÔNG SỐ KỸ THUẬT
• Chất liệu: Chất liệu cao cấp, chọn lọc kỹ càng đảm bảo độ bền và tính thẩm mỹ
• Mã sản phẩm: KS68113
• Bảo hành: 12 tháng

CÔNG NĂNG NỔI BẬT
• Nhiều ngăn/kệ chia hợp lý, tối ưu diện tích lưu trữ
• Hệ thống bản lề, tay nắm chắc chắn, đóng mở êm ái
• Bề mặt hoàn thiện chống trầy xước, dễ lau chùi
• Thiết kế kín đáo, giúp không gian luôn gọn gàng ngăn nắp

PHÙ HỢP KHÔNG GIAN
• Phù hợp bố trí trong không gian trường học, mang lại sự tiện nghi và thẩm mỹ cho tổng thể không gian.",instock,1
HBVC006,Ban lam viec 140x80 vconcept chan sat lap rap (3),Phòng Làm Việc > Bàn Làm Việc,6850000,,/images/products/HBVC006-1.png,"Bàn thiết kế chắc chắn, tối ưu không gian sử dụng.","Ban lam viec 140x80 vconcept chan sat lap rap (3) là lựa chọn lý tưởng cho không gian làm việc và sinh hoạt hiện đại, kết hợp giữa tính thẩm mỹ và công năng sử dụng thực tế.

THÔNG SỐ KỸ THUẬT
• Chất liệu: Chất liệu cao cấp, chọn lọc kỹ càng đảm bảo độ bền và tính thẩm mỹ
• Mã sản phẩm: HBVC006
• Bảo hành: 12 tháng

CÔNG NĂNG NỔI BẬT
• Mặt bàn rộng rãi, đủ không gian đặt máy tính, tài liệu và vật dụng cá nhân
• Khung/chân bàn chắc chắn, chịu lực tốt, hạn chế rung lắc khi sử dụng
• Thiết kế tối giản, dễ phối hợp với nhiều phong cách nội thất khác nhau
• Dễ dàng lắp ráp và vệ sinh, bảo trì trong quá trình sử dụng lâu dài

PHÙ HỢP KHÔNG GIAN
• Phù hợp bố trí trong không gian phòng làm việc, mang lại sự tiện nghi và thẩm mỹ cho tổng thể không gian.",instock,1
MF735,Ghe chan xoay 010,Nội thất văn phòng > Ghế Văn Phòng > Ghế Giám Đốc,4310000,,/images/products/MF735-1.jpg,"Ghế công thái học, êm ái và bền bỉ.","Ghe chan xoay 010 mang đến trải nghiệm ngồi thoải mái, hỗ trợ tư thế đúng chuẩn cho thời gian sử dụng dài mà không gây mỏi mệt.

THÔNG SỐ KỸ THUẬT
• Chất liệu: Chất liệu cao cấp, chọn lọc kỹ càng đảm bảo độ bền và tính thẩm mỹ
• Mã sản phẩm: MF735
• Bảo hành: 12 tháng

CÔNG NĂNG NỔI BẬT
• Thiết kế công thái học, nâng đỡ tốt cho vùng lưng và cổ
• Khung ghế chắc chắn, chịu tải trọng tốt, đảm bảo an toàn khi sử dụng
• Đệm ngồi êm ái, thoáng khí, phù hợp ngồi làm việc/sinh hoạt trong thời gian dài
• Kiểu dáng hiện đại, dễ dàng kết hợp với nhiều không gian nội thất

PHÙ HỢP KHÔNG GIAN
• Phù hợp bố trí trong không gian nội thất văn phòng, mang lại sự tiện nghi và thẩm mỹ cho tổng thể không gian.",instock,1
HBTC012,Ban hop 240x120 trapeze concept (2),Nội thất văn phòng > Bàn Văn Phòng > Bàn Họp,10990000,,/images/products/HBTC012-1.png,"Bàn thiết kế chắc chắn, tối ưu không gian sử dụng.","Ban hop 240x120 trapeze concept (2) là lựa chọn lý tưởng cho không gian làm việc và sinh hoạt hiện đại, kết hợp giữa tính thẩm mỹ và công năng sử dụng thực tế.

THÔNG SỐ KỸ THUẬT
• Chất liệu: Chất liệu cao cấp, chọn lọc kỹ càng đảm bảo độ bền và tính thẩm mỹ
• Mã sản phẩm: HBTC012
• Bảo hành: 12 tháng

CÔNG NĂNG NỔI BẬT
• Mặt bàn rộng rãi, đủ không gian đặt máy tính, tài liệu và vật dụng cá nhân
• Khung/chân bàn chắc chắn, chịu lực tốt, hạn chế rung lắc khi sử dụng
• Thiết kế tối giản, dễ phối hợp với nhiều phong cách nội thất khác nhau
• Dễ dàng lắp ráp và vệ sinh, bảo trì trong quá trình sử dụng lâu dài

PHÙ HỢP KHÔNG GIAN
• Phù hợp bố trí trong không gian nội thất văn phòng, mang lại sự tiện nghi và thẩm mỹ cho tổng thể không gian.",instock,1
HBUC031,Ban cum 2 gac tu 01,Nội thất văn phòng > Bàn Văn Phòng > Cụm bàn 2 người,1810000,,/images/products/HBUC031-1.jpg,"Bàn thiết kế chắc chắn, tối ưu không gian sử dụng.","Ban cum 2 gac tu 01 là lựa chọn lý tưởng cho không gian làm việc và sinh hoạt hiện đại, kết hợp giữa tính thẩm mỹ và công năng sử dụng thực tế.

THÔNG SỐ KỸ THUẬT
• Chất liệu: Chất liệu cao cấp, chọn lọc kỹ càng đảm bảo độ bền và tính thẩm mỹ
• Mã sản phẩm: HBUC031
• Bảo hành: 12 tháng

CÔNG NĂNG NỔI BẬT
• Mặt bàn rộng rãi, đủ không gian đặt máy tính, tài liệu và vật dụng cá nhân
• Khung/chân bàn chắc chắn, chịu lực tốt, hạn chế rung lắc khi sử dụng
• Thiết kế tối giản, dễ phối hợp với nhiều phong cách nội thất khác nhau
• Dễ dàng lắp ráp và vệ sinh, bảo trì trong quá trình sử dụng lâu dài

PHÙ HỢP KHÔNG GIAN
• Phù hợp bố trí trong không gian nội thất văn phòng, mang lại sự tiện nghi và thẩm mỹ cho tổng thể không gian.",instock,1
THS68026,Tu ho so 2 tang kichthuoc,Nội thất văn phòng > Kệ - Tủ Văn Phòng > Tủ Hồ Sơ Đứng,6900000,,/images/products/THS68026-1.jpg,"Tủ lưu trữ tiện lợi, thiết kế gọn gàng.","Tu ho so 2 tang kichthuoc giúp tối ưu không gian lưu trữ, sắp xếp đồ đạc gọn gàng, khoa học mà vẫn đảm bảo tính thẩm mỹ cho căn phòng.

THÔNG SỐ KỸ THUẬT
• Chất liệu: Chất liệu cao cấp, chọn lọc kỹ càng đảm bảo độ bền và tính thẩm mỹ
• Mã sản phẩm: THS68026
• Bảo hành: 12 tháng

CÔNG NĂNG NỔI BẬT
• Nhiều ngăn/kệ chia hợp lý, tối ưu diện tích lưu trữ
• Hệ thống bản lề, tay nắm chắc chắn, đóng mở êm ái
• Bề mặt hoàn thiện chống trầy xước, dễ lau chùi
• Thiết kế kín đáo, giúp không gian luôn gọn gàng ngăn nắp

PHÙ HỢP KHÔNG GIAN
• Phù hợp bố trí trong không gian nội thất văn phòng, mang lại sự tiện nghi và thẩm mỹ cho tổng thể không gian.",instock,1
HOM1007,Kich thuoc ghe van phong lung luoi 04,Nội thất văn phòng > Ghế Văn Phòng > Ghế Giám Đốc,3310000,,/images/products/HOM1007-1.jpg,"Ghế công thái học, êm ái và bền bỉ.","Kich thuoc ghe van phong lung luoi 04 mang đến trải nghiệm ngồi thoải mái, hỗ trợ tư thế đúng chuẩn cho thời gian sử dụng dài mà không gây mỏi mệt.

THÔNG SỐ KỸ THUẬT
• Chất liệu: Chất liệu cao cấp, chọn lọc kỹ càng đảm bảo độ bền và tính thẩm mỹ
• Mã sản phẩm: HOM1007
• Bảo hành: 12 tháng

CÔNG NĂNG NỔI BẬT
• Thiết kế công thái học, nâng đỡ tốt cho vùng lưng và cổ
• Khung ghế chắc chắn, chịu tải trọng tốt, đảm bảo an toàn khi sử dụng
• Đệm ngồi êm ái, thoáng khí, phù hợp ngồi làm việc/sinh hoạt trong thời gian dài
• Kiểu dáng hiện đại, dễ dàng kết hợp với nhiều không gian nội thất

PHÙ HỢP KHÔNG GIAN
• Phù hợp bố trí trong không gian nội thất văn phòng, mang lại sự tiện nghi và thẩm mỹ cho tổng thể không gian.",instock,1
CHBCF018,Chan ban gang duc my nghe 01,Nội thất văn phòng > Bàn Văn Phòng > Bàn Giám Đốc,5330000,,/images/products/CHBCF018-1.png,"Bàn thiết kế chắc chắn, tối ưu không gian sử dụng.","Chan ban gang duc my nghe 01 là lựa chọn lý tưởng cho không gian làm việc và sinh hoạt hiện đại, kết hợp giữa tính thẩm mỹ và công năng sử dụng thực tế.

THÔNG SỐ KỸ THUẬT
• Chất liệu: Chất liệu cao cấp, chọn lọc kỹ càng đảm bảo độ bền và tính thẩm mỹ
• Mã sản phẩm: CHBCF018
• Bảo hành: 12 tháng

CÔNG NĂNG NỔI BẬT
• Mặt bàn rộng rãi, đủ không gian đặt máy tính, tài liệu và vật dụng cá nhân
• Khung/chân bàn chắc chắn, chịu lực tốt, hạn chế rung lắc khi sử dụng
• Thiết kế tối giản, dễ phối hợp với nhiều phong cách nội thất khác nhau
• Dễ dàng lắp ráp và vệ sinh, bảo trì trong quá trình sử dụng lâu dài

PHÙ HỢP KHÔNG GIAN
• Phù hợp bố trí trong không gian nội thất văn phòng, mang lại sự tiện nghi và thẩm mỹ cho tổng thể không gian.",instock,1
HBXC036,Ban cum2 120x120cm go plywood chan xconcept 03,Nội thất văn phòng > Hệ Bàn > Hệ XConcept,9010000,,/images/products/HBXC036-1.jpg,"Bàn thiết kế chắc chắn, tối ưu không gian sử dụng.","Ban cum2 120x120cm go plywood chan xconcept 03 là lựa chọn lý tưởng cho không gian làm việc và sinh hoạt hiện đại, kết hợp giữa tính thẩm mỹ và công năng sử dụng thực tế.

THÔNG SỐ KỸ THUẬT
• Chất liệu: Chất liệu cao cấp, chọn lọc kỹ càng đảm bảo độ bền và tính thẩm mỹ
• Kích thước: 120x120cm
• Mã sản phẩm: HBXC036
• Bảo hành: 12 tháng

CÔNG NĂNG NỔI BẬT
• Mặt bàn rộng rãi, đủ không gian đặt máy tính, tài liệu và vật dụng cá nhân
• Khung/chân bàn chắc chắn, chịu lực tốt, hạn chế rung lắc khi sử dụng
• Thiết kế tối giản, dễ phối hợp với nhiều phong cách nội thất khác nhau
• Dễ dàng lắp ráp và vệ sinh, bảo trì trong quá trình sử dụng lâu dài

PHÙ HỢP KHÔNG GIAN
• Phù hợp bố trí trong không gian nội thất văn phòng, mang lại sự tiện nghi và thẩm mỹ cho tổng thể không gian.",instock,1
BGD68048,Ban giam doc chan ket hop tu 03,Nội thất văn phòng > Bàn Văn Phòng > Bàn Giám Đốc,11530000,,/images/products/BGD68048-1.jpg,"Bàn thiết kế chắc chắn, tối ưu không gian sử dụng.","Ban giam doc chan ket hop tu 03 là lựa chọn lý tưởng cho không gian làm việc và sinh hoạt hiện đại, kết hợp giữa tính thẩm mỹ và công năng sử dụng thực tế.

THÔNG SỐ KỸ THUẬT
• Chất liệu: Chất liệu cao cấp, chọn lọc kỹ càng đảm bảo độ bền và tính thẩm mỹ
• Mã sản phẩm: BGD68048
• Bảo hành: 12 tháng

CÔNG NĂNG NỔI BẬT
• Mặt bàn rộng rãi, đủ không gian đặt máy tính, tài liệu và vật dụng cá nhân
• Khung/chân bàn chắc chắn, chịu lực tốt, hạn chế rung lắc khi sử dụng
• Thiết kế tối giản, dễ phối hợp với nhiều phong cách nội thất khác nhau
• Dễ dàng lắp ráp và vệ sinh, bảo trì trong quá trình sử dụng lâu dài

PHÙ HỢP KHÔNG GIAN
• Phù hợp bố trí trong không gian nội thất văn phòng, mang lại sự tiện nghi và thẩm mỹ cho tổng thể không gian.",instock,1
PB001,Bang pegboard 5,Nội thất văn phòng > Ghế Văn Phòng > Ghế Băng Công Cộng,3600000,,"/images/products/PB001-1.jpg, /images/products/PB001-2.jpg","Ghế công thái học, êm ái và bền bỉ.","Bang pegboard 5 mang đến trải nghiệm ngồi thoải mái, hỗ trợ tư thế đúng chuẩn cho thời gian sử dụng dài mà không gây mỏi mệt.

THÔNG SỐ KỸ THUẬT
• Chất liệu: Chất liệu cao cấp, chọn lọc kỹ càng đảm bảo độ bền và tính thẩm mỹ
• Mã sản phẩm: PB001
• Bảo hành: 12 tháng

CÔNG NĂNG NỔI BẬT
• Thiết kế công thái học, nâng đỡ tốt cho vùng lưng và cổ
• Khung ghế chắc chắn, chịu tải trọng tốt, đảm bảo an toàn khi sử dụng
• Đệm ngồi êm ái, thoáng khí, phù hợp ngồi làm việc/sinh hoạt trong thời gian dài
• Kiểu dáng hiện đại, dễ dàng kết hợp với nhiều không gian nội thất

PHÙ HỢP KHÔNG GIAN
• Phù hợp bố trí trong không gian nội thất văn phòng, mang lại sự tiện nghi và thẩm mỹ cho tổng thể không gian.",instock,1
HBTC004,Ban lam viec 120x70 trapeze concept (2),Phòng Làm Việc > Bàn Làm Việc,9600000,,/images/products/HBTC004-1.png,"Bàn thiết kế chắc chắn, tối ưu không gian sử dụng.","Ban lam viec 120x70 trapeze concept (2) là lựa chọn lý tưởng cho không gian làm việc và sinh hoạt hiện đại, kết hợp giữa tính thẩm mỹ và công năng sử dụng thực tế.

THÔNG SỐ KỸ THUẬT
• Chất liệu: Chất liệu cao cấp, chọn lọc kỹ càng đảm bảo độ bền và tính thẩm mỹ
• Mã sản phẩm: HBTC004
• Bảo hành: 12 tháng

CÔNG NĂNG NỔI BẬT
• Mặt bàn rộng rãi, đủ không gian đặt máy tính, tài liệu và vật dụng cá nhân
• Khung/chân bàn chắc chắn, chịu lực tốt, hạn chế rung lắc khi sử dụng
• Thiết kế tối giản, dễ phối hợp với nhiều phong cách nội thất khác nhau
• Dễ dàng lắp ráp và vệ sinh, bảo trì trong quá trình sử dụng lâu dài

PHÙ HỢP KHÔNG GIAN
• Phù hợp bố trí trong không gian phòng làm việc, mang lại sự tiện nghi và thẩm mỹ cho tổng thể không gian.",instock,1
PSD029,Ban luc giac go cao su 02 uthq fn,Nội thất văn phòng > Hệ Bàn > Hệ Tứ Giác Côn,9210000,,/images/products/PSD029-1.jpg,"Bàn thiết kế chắc chắn, tối ưu không gian sử dụng.","Ban luc giac go cao su 02 uthq fn là lựa chọn lý tưởng cho không gian làm việc và sinh hoạt hiện đại, kết hợp giữa tính thẩm mỹ và công năng sử dụng thực tế.

THÔNG SỐ KỸ THUẬT
• Chất liệu: Chất liệu cao cấp, chọn lọc kỹ càng đảm bảo độ bền và tính thẩm mỹ
• Mã sản phẩm: PSD029
• Bảo hành: 12 tháng

CÔNG NĂNG NỔI BẬT
• Mặt bàn rộng rãi, đủ không gian đặt máy tính, tài liệu và vật dụng cá nhân
• Khung/chân bàn chắc chắn, chịu lực tốt, hạn chế rung lắc khi sử dụng
• Thiết kế tối giản, dễ phối hợp với nhiều phong cách nội thất khác nhau
• Dễ dàng lắp ráp và vệ sinh, bảo trì trong quá trình sử dụng lâu dài

PHÙ HỢP KHÔNG GIAN
• Phù hợp bố trí trong không gian nội thất văn phòng, mang lại sự tiện nghi và thẩm mỹ cho tổng thể không gian.",instock,1
SD68007,Ban studio cha chu Z 07,Nội thất văn phòng > Bàn Văn Phòng > Bàn Giám Đốc,9220000,,/images/products/SD68007-1.jpg,"Bàn thiết kế chắc chắn, tối ưu không gian sử dụng.","Ban studio cha chu Z 07 là lựa chọn lý tưởng cho không gian làm việc và sinh hoạt hiện đại, kết hợp giữa tính thẩm mỹ và công năng sử dụng thực tế.

THÔNG SỐ KỸ THUẬT
• Chất liệu: Chất liệu cao cấp, chọn lọc kỹ càng đảm bảo độ bền và tính thẩm mỹ
• Mã sản phẩm: SD68007
• Bảo hành: 12 tháng

CÔNG NĂNG NỔI BẬT
• Mặt bàn rộng rãi, đủ không gian đặt máy tính, tài liệu và vật dụng cá nhân
• Khung/chân bàn chắc chắn, chịu lực tốt, hạn chế rung lắc khi sử dụng
• Thiết kế tối giản, dễ phối hợp với nhiều phong cách nội thất khác nhau
• Dễ dàng lắp ráp và vệ sinh, bảo trì trong quá trình sử dụng lâu dài

PHÙ HỢP KHÔNG GIAN
• Phù hợp bố trí trong không gian nội thất văn phòng, mang lại sự tiện nghi và thẩm mỹ cho tổng thể không gian.",instock,1
MF718,Ghe nhan vien 02,Nội thất văn phòng > Ghế Văn Phòng > Ghế Nhân Viên,2690000,,/images/products/MF718-1.jpg,"Ghế công thái học, êm ái và bền bỉ.","Ghe nhan vien 02 mang đến trải nghiệm ngồi thoải mái, hỗ trợ tư thế đúng chuẩn cho thời gian sử dụng dài mà không gây mỏi mệt.

THÔNG SỐ KỸ THUẬT
• Chất liệu: Chất liệu cao cấp, chọn lọc kỹ càng đảm bảo độ bền và tính thẩm mỹ
• Mã sản phẩm: MF718
• Bảo hành: 12 tháng

CÔNG NĂNG NỔI BẬT
• Thiết kế công thái học, nâng đỡ tốt cho vùng lưng và cổ
• Khung ghế chắc chắn, chịu tải trọng tốt, đảm bảo an toàn khi sử dụng
• Đệm ngồi êm ái, thoáng khí, phù hợp ngồi làm việc/sinh hoạt trong thời gian dài
• Kiểu dáng hiện đại, dễ dàng kết hợp với nhiều không gian nội thất

PHÙ HỢP KHÔNG GIAN
• Phù hợp bố trí trong không gian nội thất văn phòng, mang lại sự tiện nghi và thẩm mỹ cho tổng thể không gian.",instock,1
GSD68042,Ghe sofa don nem vai khung sat 02,Phòng Khách > Ghế Sofa,5190000,,/images/products/GSD68042-1.jpg,"Ghế công thái học, êm ái và bền bỉ.","Ghe sofa don nem vai khung sat 02 mang đến trải nghiệm ngồi thoải mái, hỗ trợ tư thế đúng chuẩn cho thời gian sử dụng dài mà không gây mỏi mệt.

THÔNG SỐ KỸ THUẬT
• Chất liệu: Chất liệu cao cấp, chọn lọc kỹ càng đảm bảo độ bền và tính thẩm mỹ
• Mã sản phẩm: GSD68042
• Bảo hành: 12 tháng

CÔNG NĂNG NỔI BẬT
• Thiết kế công thái học, nâng đỡ tốt cho vùng lưng và cổ
• Khung ghế chắc chắn, chịu tải trọng tốt, đảm bảo an toàn khi sử dụng
• Đệm ngồi êm ái, thoáng khí, phù hợp ngồi làm việc/sinh hoạt trong thời gian dài
• Kiểu dáng hiện đại, dễ dàng kết hợp với nhiều không gian nội thất

PHÙ HỢP KHÔNG GIAN
• Phù hợp bố trí trong không gian phòng khách, mang lại sự tiện nghi và thẩm mỹ cho tổng thể không gian.",instock,1
HBRT039,Ban giam doc ket hop tu kichthuoc 01,Nội thất văn phòng > Bàn Văn Phòng > Bàn Giám Đốc,9740000,,/images/products/HBRT039-1.jpg,"Bàn thiết kế chắc chắn, tối ưu không gian sử dụng.","Ban giam doc ket hop tu kichthuoc 01 là lựa chọn lý tưởng cho không gian làm việc và sinh hoạt hiện đại, kết hợp giữa tính thẩm mỹ và công năng sử dụng thực tế.

THÔNG SỐ KỸ THUẬT
• Chất liệu: Chất liệu cao cấp, chọn lọc kỹ càng đảm bảo độ bền và tính thẩm mỹ
• Mã sản phẩm: HBRT039
• Bảo hành: 12 tháng

CÔNG NĂNG NỔI BẬT
• Mặt bàn rộng rãi, đủ không gian đặt máy tính, tài liệu và vật dụng cá nhân
• Khung/chân bàn chắc chắn, chịu lực tốt, hạn chế rung lắc khi sử dụng
• Thiết kế tối giản, dễ phối hợp với nhiều phong cách nội thất khác nhau
• Dễ dàng lắp ráp và vệ sinh, bảo trì trong quá trình sử dụng lâu dài

PHÙ HỢP KHÔNG GIAN
• Phù hợp bố trí trong không gian nội thất văn phòng, mang lại sự tiện nghi và thẩm mỹ cho tổng thể không gian.",instock,1
HBAT026,Ban lam viec kich thuoc lon go cao su chan sat lap rap (2),Phòng Làm Việc > Bàn Làm Việc,4650000,,"/images/products/HBAT026-1.png, /images/products/HBAT026-2.png","Bàn thiết kế chắc chắn, tối ưu không gian sử dụng.","Ban lam viec kich thuoc lon go cao su chan sat lap rap (2) là lựa chọn lý tưởng cho không gian làm việc và sinh hoạt hiện đại, kết hợp giữa tính thẩm mỹ và công năng sử dụng thực tế.

THÔNG SỐ KỸ THUẬT
• Chất liệu: Chất liệu cao cấp, chọn lọc kỹ càng đảm bảo độ bền và tính thẩm mỹ
• Mã sản phẩm: HBAT026
• Bảo hành: 12 tháng

CÔNG NĂNG NỔI BẬT
• Mặt bàn rộng rãi, đủ không gian đặt máy tính, tài liệu và vật dụng cá nhân
• Khung/chân bàn chắc chắn, chịu lực tốt, hạn chế rung lắc khi sử dụng
• Thiết kế tối giản, dễ phối hợp với nhiều phong cách nội thất khác nhau
• Dễ dàng lắp ráp và vệ sinh, bảo trì trong quá trình sử dụng lâu dài

PHÙ HỢP KHÔNG GIAN
• Phù hợp bố trí trong không gian phòng làm việc, mang lại sự tiện nghi và thẩm mỹ cho tổng thể không gian.",instock,1
COD68041,Ban vi tinh ket hop ke 01,Nội thất văn phòng > Bàn Văn Phòng > Bàn Họp,12850000,,/images/products/COD68041-1.jpg,"Bàn thiết kế chắc chắn, tối ưu không gian sử dụng.","Ban vi tinh ket hop ke 01 là lựa chọn lý tưởng cho không gian làm việc và sinh hoạt hiện đại, kết hợp giữa tính thẩm mỹ và công năng sử dụng thực tế.

THÔNG SỐ KỸ THUẬT
• Chất liệu: Chất liệu cao cấp, chọn lọc kỹ càng đảm bảo độ bền và tính thẩm mỹ
• Mã sản phẩm: COD68041
• Bảo hành: 12 tháng

CÔNG NĂNG NỔI BẬT
• Mặt bàn rộng rãi, đủ không gian đặt máy tính, tài liệu và vật dụng cá nhân
• Khung/chân bàn chắc chắn, chịu lực tốt, hạn chế rung lắc khi sử dụng
• Thiết kế tối giản, dễ phối hợp với nhiều phong cách nội thất khác nhau
• Dễ dàng lắp ráp và vệ sinh, bảo trì trong quá trình sử dụng lâu dài

PHÙ HỢP KHÔNG GIAN
• Phù hợp bố trí trong không gian nội thất văn phòng, mang lại sự tiện nghi và thẩm mỹ cho tổng thể không gian.",instock,1
CFD68075,Ban ngoai troi,Bàn ghế Cafe - Ngoài trời > Bàn Cafe,1610000,,/images/products/CFD68075-1.jpg,"Bàn thiết kế chắc chắn, tối ưu không gian sử dụng.","Ban ngoai troi là lựa chọn lý tưởng cho không gian làm việc và sinh hoạt hiện đại, kết hợp giữa tính thẩm mỹ và công năng sử dụng thực tế.

THÔNG SỐ KỸ THUẬT
• Chất liệu: Chất liệu cao cấp, chọn lọc kỹ càng đảm bảo độ bền và tính thẩm mỹ
• Mã sản phẩm: CFD68075
• Bảo hành: 12 tháng

CÔNG NĂNG NỔI BẬT
• Mặt bàn rộng rãi, đủ không gian đặt máy tính, tài liệu và vật dụng cá nhân
• Khung/chân bàn chắc chắn, chịu lực tốt, hạn chế rung lắc khi sử dụng
• Thiết kế tối giản, dễ phối hợp với nhiều phong cách nội thất khác nhau
• Dễ dàng lắp ráp và vệ sinh, bảo trì trong quá trình sử dụng lâu dài

PHÙ HỢP KHÔNG GIAN
• Phù hợp bố trí trong không gian bàn ghế cafe - ngoài trời, mang lại sự tiện nghi và thẩm mỹ cho tổng thể không gian.",instock,1
CBBA061,Combo ban ghe 0,Trường Học > Bàn Ghế Trường Học > Bàn ghế Mầm Non,3280000,,/images/products/CBBA061-1.png,"Ghế công thái học, êm ái và bền bỉ.","Combo ban ghe 0 mang đến trải nghiệm ngồi thoải mái, hỗ trợ tư thế đúng chuẩn cho thời gian sử dụng dài mà không gây mỏi mệt.

THÔNG SỐ KỸ THUẬT
• Chất liệu: Chất liệu cao cấp, chọn lọc kỹ càng đảm bảo độ bền và tính thẩm mỹ
• Mã sản phẩm: CBBA061
• Bảo hành: 12 tháng

CÔNG NĂNG NỔI BẬT
• Thiết kế công thái học, nâng đỡ tốt cho vùng lưng và cổ
• Khung ghế chắc chắn, chịu tải trọng tốt, đảm bảo an toàn khi sử dụng
• Đệm ngồi êm ái, thoáng khí, phù hợp ngồi làm việc/sinh hoạt trong thời gian dài
• Kiểu dáng hiện đại, dễ dàng kết hợp với nhiều không gian nội thất

PHÙ HỢP KHÔNG GIAN
• Phù hợp bố trí trong không gian trường học, mang lại sự tiện nghi và thẩm mỹ cho tổng thể không gian.",instock,1
SD68006,Ban studio go cao su kich thuoc,Nội thất văn phòng > Bàn Văn Phòng > Bàn Giám Đốc,10450000,,/images/products/SD68006-1.jpg,"Bàn thiết kế chắc chắn, tối ưu không gian sử dụng.","Ban studio go cao su kich thuoc là lựa chọn lý tưởng cho không gian làm việc và sinh hoạt hiện đại, kết hợp giữa tính thẩm mỹ và công năng sử dụng thực tế.

THÔNG SỐ KỸ THUẬT
• Chất liệu: Chất liệu cao cấp, chọn lọc kỹ càng đảm bảo độ bền và tính thẩm mỹ
• Mã sản phẩm: SD68006
• Bảo hành: 12 tháng

CÔNG NĂNG NỔI BẬT
• Mặt bàn rộng rãi, đủ không gian đặt máy tính, tài liệu và vật dụng cá nhân
• Khung/chân bàn chắc chắn, chịu lực tốt, hạn chế rung lắc khi sử dụng
• Thiết kế tối giản, dễ phối hợp với nhiều phong cách nội thất khác nhau
• Dễ dàng lắp ráp và vệ sinh, bảo trì trong quá trình sử dụng lâu dài

PHÙ HỢP KHÔNG GIAN
• Phù hợp bố trí trong không gian nội thất văn phòng, mang lại sự tiện nghi và thẩm mỹ cho tổng thể không gian.",instock,1
HBRT053,Ban gocL 160x150cm plywood be tong 03,Nội thất văn phòng > Bàn Văn Phòng > Bàn Giám Đốc,12940000,,/images/products/HBRT053-1.jpg,"Bàn thiết kế chắc chắn, tối ưu không gian sử dụng.","Ban gocL 160x150cm plywood be tong 03 là lựa chọn lý tưởng cho không gian làm việc và sinh hoạt hiện đại, kết hợp giữa tính thẩm mỹ và công năng sử dụng thực tế.

THÔNG SỐ KỸ THUẬT
• Chất liệu: Chất liệu cao cấp, chọn lọc kỹ càng đảm bảo độ bền và tính thẩm mỹ
• Kích thước: 160x150cm
• Mã sản phẩm: HBRT053
• Bảo hành: 12 tháng

CÔNG NĂNG NỔI BẬT
• Mặt bàn rộng rãi, đủ không gian đặt máy tính, tài liệu và vật dụng cá nhân
• Khung/chân bàn chắc chắn, chịu lực tốt, hạn chế rung lắc khi sử dụng
• Thiết kế tối giản, dễ phối hợp với nhiều phong cách nội thất khác nhau
• Dễ dàng lắp ráp và vệ sinh, bảo trì trong quá trình sử dụng lâu dài

PHÙ HỢP KHÔNG GIAN
• Phù hợp bố trí trong không gian nội thất văn phòng, mang lại sự tiện nghi và thẩm mỹ cho tổng thể không gian.",instock,1
KG68035,Tu giay go hinh bac thang 01,Phòng Khách > Tủ Kệ Giày,12420000,,/images/products/KG68035-1.jpg,"Tủ lưu trữ tiện lợi, thiết kế gọn gàng.","Tu giay go hinh bac thang 01 giúp tối ưu không gian lưu trữ, sắp xếp đồ đạc gọn gàng, khoa học mà vẫn đảm bảo tính thẩm mỹ cho căn phòng.

THÔNG SỐ KỸ THUẬT
• Chất liệu: Chất liệu cao cấp, chọn lọc kỹ càng đảm bảo độ bền và tính thẩm mỹ
• Mã sản phẩm: KG68035
• Bảo hành: 12 tháng

CÔNG NĂNG NỔI BẬT
• Nhiều ngăn/kệ chia hợp lý, tối ưu diện tích lưu trữ
• Hệ thống bản lề, tay nắm chắc chắn, đóng mở êm ái
• Bề mặt hoàn thiện chống trầy xước, dễ lau chùi
• Thiết kế kín đáo, giúp không gian luôn gọn gàng ngăn nắp

PHÙ HỢP KHÔNG GIAN
• Phù hợp bố trí trong không gian phòng khách, mang lại sự tiện nghi và thẩm mỹ cho tổng thể không gian.",instock,1
KMG68011,Ke may giat 02,Phòng Tắm > Kệ Máy Giặt,12190000,,/images/products/KMG68011-1.jpg,"Kệ đa năng, tối ưu không gian trưng bày và lưu trữ.","Ke may giat 02 là giải pháp lưu trữ và trang trí linh hoạt, giúp không gian sống trở nên ngăn nắp và cuốn hút hơn.

THÔNG SỐ KỸ THUẬT
• Chất liệu: Chất liệu cao cấp, chọn lọc kỹ càng đảm bảo độ bền và tính thẩm mỹ
• Mã sản phẩm: KMG68011
• Bảo hành: 12 tháng

CÔNG NĂNG NỔI BẬT
• Kết cấu vững chắc, chịu tải trọng tốt cho nhiều loại đồ vật
• Thiết kế nhiều tầng linh hoạt, tối ưu không gian lưu trữ và trưng bày
• Kiểu dáng hiện đại, vừa lưu trữ vừa trang trí cho không gian
• Dễ dàng lắp đặt, di chuyển và vệ sinh

PHÙ HỢP KHÔNG GIAN
• Phù hợp bố trí trong không gian phòng tắm, mang lại sự tiện nghi và thẩm mỹ cho tổng thể không gian.",instock,1
SGD009,Ban ngpoi bet gap gon 100x50cm go plywood 01,Nội thất văn phòng > Hệ Chân Bàn > Chân sắt gấp gọn,950000,,/images/products/SGD009-1.jpg,"Phụ kiện tiện dụng, hỗ trợ không gian làm việc gọn gàng.","Ban ngpoi bet gap gon 100x50cm go plywood 01 là phụ kiện hỗ trợ đắc lực, giúp không gian làm việc/sinh hoạt gọn gàng và tiện dụng hơn.

THÔNG SỐ KỸ THUẬT
• Chất liệu: Chất liệu cao cấp, chọn lọc kỹ càng đảm bảo độ bền và tính thẩm mỹ
• Kích thước: 100x50cm
• Mã sản phẩm: SGD009
• Bảo hành: 12 tháng

CÔNG NĂNG NỔI BẬT
• Thiết kế nhỏ gọn, dễ dàng lắp đặt vào hệ bàn/ghế hiện có
• Chất liệu bền bỉ, chịu lực và chịu nhiệt tốt trong quá trình sử dụng
• Giúp không gian làm việc gọn gàng, khoa học hơn
• Tương thích với nhiều mẫu bàn/ghế khác nhau

PHÙ HỢP KHÔNG GIAN
• Phù hợp bố trí trong không gian nội thất văn phòng, mang lại sự tiện nghi và thẩm mỹ cho tổng thể không gian.",instock,1
BGD68057,Ban giam doc 03,Nội thất văn phòng > Bàn Văn Phòng > Bàn Giám Đốc,3370000,,/images/products/BGD68057-1.jpg,"Bàn thiết kế chắc chắn, tối ưu không gian sử dụng.","Ban giam doc 03 là lựa chọn lý tưởng cho không gian làm việc và sinh hoạt hiện đại, kết hợp giữa tính thẩm mỹ và công năng sử dụng thực tế.

THÔNG SỐ KỸ THUẬT
• Chất liệu: Chất liệu cao cấp, chọn lọc kỹ càng đảm bảo độ bền và tính thẩm mỹ
• Mã sản phẩm: BGD68057
• Bảo hành: 12 tháng

CÔNG NĂNG NỔI BẬT
• Mặt bàn rộng rãi, đủ không gian đặt máy tính, tài liệu và vật dụng cá nhân
• Khung/chân bàn chắc chắn, chịu lực tốt, hạn chế rung lắc khi sử dụng
• Thiết kế tối giản, dễ phối hợp với nhiều phong cách nội thất khác nhau
• Dễ dàng lắp ráp và vệ sinh, bảo trì trong quá trình sử dụng lâu dài

PHÙ HỢP KHÔNG GIAN
• Phù hợp bố trí trong không gian nội thất văn phòng, mang lại sự tiện nghi và thẩm mỹ cho tổng thể không gian.",instock,1
GSD68031,Sofa don armchair02 06,Phòng Khách > Ghế Sofa,2870000,,/images/products/GSD68031-1.jpg,"Ghế công thái học, êm ái và bền bỉ.","Sofa don armchair02 06 mang đến trải nghiệm ngồi thoải mái, hỗ trợ tư thế đúng chuẩn cho thời gian sử dụng dài mà không gây mỏi mệt.

THÔNG SỐ KỸ THUẬT
• Chất liệu: Chất liệu cao cấp, chọn lọc kỹ càng đảm bảo độ bền và tính thẩm mỹ
• Mã sản phẩm: GSD68031
• Bảo hành: 12 tháng

CÔNG NĂNG NỔI BẬT
• Thiết kế công thái học, nâng đỡ tốt cho vùng lưng và cổ
• Khung ghế chắc chắn, chịu tải trọng tốt, đảm bảo an toàn khi sử dụng
• Đệm ngồi êm ái, thoáng khí, phù hợp ngồi làm việc/sinh hoạt trong thời gian dài
• Kiểu dáng hiện đại, dễ dàng kết hợp với nhiều không gian nội thất

PHÙ HỢP KHÔNG GIAN
• Phù hợp bố trí trong không gian phòng khách, mang lại sự tiện nghi và thẩm mỹ cho tổng thể không gian.",instock,1
CD68016,Ban goc l 05,Nội thất văn phòng > Chân Bàn Văn Phòng > Chân bàn góc L,1660000,,/images/products/CD68016-1.jpg,"Phụ kiện tiện dụng, hỗ trợ không gian làm việc gọn gàng.","Ban goc l 05 là phụ kiện hỗ trợ đắc lực, giúp không gian làm việc/sinh hoạt gọn gàng và tiện dụng hơn.

THÔNG SỐ KỸ THUẬT
• Chất liệu: Chất liệu cao cấp, chọn lọc kỹ càng đảm bảo độ bền và tính thẩm mỹ
• Mã sản phẩm: CD68016
• Bảo hành: 12 tháng

CÔNG NĂNG NỔI BẬT
• Thiết kế nhỏ gọn, dễ dàng lắp đặt vào hệ bàn/ghế hiện có
• Chất liệu bền bỉ, chịu lực và chịu nhiệt tốt trong quá trình sử dụng
• Giúp không gian làm việc gọn gàng, khoa học hơn
• Tương thích với nhiều mẫu bàn/ghế khác nhau

PHÙ HỢP KHÔNG GIAN
• Phù hợp bố trí trong không gian nội thất văn phòng, mang lại sự tiện nghi và thẩm mỹ cho tổng thể không gian.",instock,1
SFB68041,Sofa bang 2m nem simili 01 bw1y d6,Nội thất văn phòng > Ghế Văn Phòng > Ghế Băng Công Cộng,3500000,,/images/products/SFB68041-1.jpg,"Ghế công thái học, êm ái và bền bỉ.","Sofa bang 2m nem simili 01 bw1y d6 mang đến trải nghiệm ngồi thoải mái, hỗ trợ tư thế đúng chuẩn cho thời gian sử dụng dài mà không gây mỏi mệt.

THÔNG SỐ KỸ THUẬT
• Chất liệu: Bọc simili bền màu, dễ lau chùi
• Mã sản phẩm: SFB68041
• Bảo hành: 12 tháng

CÔNG NĂNG NỔI BẬT
• Thiết kế công thái học, nâng đỡ tốt cho vùng lưng và cổ
• Khung ghế chắc chắn, chịu tải trọng tốt, đảm bảo an toàn khi sử dụng
• Đệm ngồi êm ái, thoáng khí, phù hợp ngồi làm việc/sinh hoạt trong thời gian dài
• Kiểu dáng hiện đại, dễ dàng kết hợp với nhiều không gian nội thất

PHÙ HỢP KHÔNG GIAN
• Phù hợp bố trí trong không gian nội thất văn phòng, mang lại sự tiện nghi và thẩm mỹ cho tổng thể không gian.",instock,1
CB68146,Combo ban ghe lam viec ergonomic 02,Phòng Làm Việc > Bộ Bàn Ghế Làm Việc,2780000,,/images/products/CB68146-1.jpg,"Ghế công thái học, êm ái và bền bỉ.","Combo ban ghe lam viec ergonomic 02 mang đến trải nghiệm ngồi thoải mái, hỗ trợ tư thế đúng chuẩn cho thời gian sử dụng dài mà không gây mỏi mệt.

THÔNG SỐ KỸ THUẬT
• Chất liệu: Chất liệu cao cấp, chọn lọc kỹ càng đảm bảo độ bền và tính thẩm mỹ
• Mã sản phẩm: CB68146
• Bảo hành: 12 tháng

CÔNG NĂNG NỔI BẬT
• Thiết kế công thái học, nâng đỡ tốt cho vùng lưng và cổ
• Khung ghế chắc chắn, chịu tải trọng tốt, đảm bảo an toàn khi sử dụng
• Đệm ngồi êm ái, thoáng khí, phù hợp ngồi làm việc/sinh hoạt trong thời gian dài
• Kiểu dáng hiện đại, dễ dàng kết hợp với nhiều không gian nội thất

PHÙ HỢP KHÔNG GIAN
• Phù hợp bố trí trong không gian phòng làm việc, mang lại sự tiện nghi và thẩm mỹ cho tổng thể không gian.",instock,1
STT006,Ban ben sofa 02,Phòng Khách > Bàn Bên Sofa,5140000,,/images/products/STT006-1.jpg,"Bàn thiết kế chắc chắn, tối ưu không gian sử dụng.","Ban ben sofa 02 là lựa chọn lý tưởng cho không gian làm việc và sinh hoạt hiện đại, kết hợp giữa tính thẩm mỹ và công năng sử dụng thực tế.

THÔNG SỐ KỸ THUẬT
• Chất liệu: Chất liệu cao cấp, chọn lọc kỹ càng đảm bảo độ bền và tính thẩm mỹ
• Mã sản phẩm: STT006
• Bảo hành: 12 tháng

CÔNG NĂNG NỔI BẬT
• Mặt bàn rộng rãi, đủ không gian đặt máy tính, tài liệu và vật dụng cá nhân
• Khung/chân bàn chắc chắn, chịu lực tốt, hạn chế rung lắc khi sử dụng
• Thiết kế tối giản, dễ phối hợp với nhiều phong cách nội thất khác nhau
• Dễ dàng lắp ráp và vệ sinh, bảo trì trong quá trình sử dụng lâu dài

PHÙ HỢP KHÔNG GIAN
• Phù hợp bố trí trong không gian phòng khách, mang lại sự tiện nghi và thẩm mỹ cho tổng thể không gian.",instock,1
MF719,Ghe van phong chan xoay 01,Nội thất văn phòng > Ghế Văn Phòng > Ghế Giám Đốc,2140000,,/images/products/MF719-1.jpg,"Ghế công thái học, êm ái và bền bỉ.","Ghe van phong chan xoay 01 mang đến trải nghiệm ngồi thoải mái, hỗ trợ tư thế đúng chuẩn cho thời gian sử dụng dài mà không gây mỏi mệt.

THÔNG SỐ KỸ THUẬT
• Chất liệu: Chất liệu cao cấp, chọn lọc kỹ càng đảm bảo độ bền và tính thẩm mỹ
• Mã sản phẩm: MF719
• Bảo hành: 12 tháng

CÔNG NĂNG NỔI BẬT
• Thiết kế công thái học, nâng đỡ tốt cho vùng lưng và cổ
• Khung ghế chắc chắn, chịu tải trọng tốt, đảm bảo an toàn khi sử dụng
• Đệm ngồi êm ái, thoáng khí, phù hợp ngồi làm việc/sinh hoạt trong thời gian dài
• Kiểu dáng hiện đại, dễ dàng kết hợp với nhiều không gian nội thất

PHÙ HỢP KHÔNG GIAN
• Phù hợp bố trí trong không gian nội thất văn phòng, mang lại sự tiện nghi và thẩm mỹ cho tổng thể không gian.",instock,1
JB028,Ghe van phong chan xoay op go GAK X 02,Nội thất văn phòng > Ghế Văn Phòng > Ghế Giám Đốc,1100000,,/images/products/JB028-1.jpg,"Ghế công thái học, êm ái và bền bỉ.","Ghe van phong chan xoay op go GAK X 02 mang đến trải nghiệm ngồi thoải mái, hỗ trợ tư thế đúng chuẩn cho thời gian sử dụng dài mà không gây mỏi mệt.

THÔNG SỐ KỸ THUẬT
• Chất liệu: Chất liệu cao cấp, chọn lọc kỹ càng đảm bảo độ bền và tính thẩm mỹ
• Mã sản phẩm: JB028
• Bảo hành: 12 tháng

CÔNG NĂNG NỔI BẬT
• Thiết kế công thái học, nâng đỡ tốt cho vùng lưng và cổ
• Khung ghế chắc chắn, chịu tải trọng tốt, đảm bảo an toàn khi sử dụng
• Đệm ngồi êm ái, thoáng khí, phù hợp ngồi làm việc/sinh hoạt trong thời gian dài
• Kiểu dáng hiện đại, dễ dàng kết hợp với nhiều không gian nội thất

PHÙ HỢP KHÔNG GIAN
• Phù hợp bố trí trong không gian nội thất văn phòng, mang lại sự tiện nghi và thẩm mỹ cho tổng thể không gian.",instock,1
TDG68027,Tu dau giuong go cao su 02,Phòng Ngủ > Tủ Đầu Giường,2580000,,/images/products/TDG68027-1.jpg,"Tủ lưu trữ tiện lợi, thiết kế gọn gàng.","Tu dau giuong go cao su 02 giúp tối ưu không gian lưu trữ, sắp xếp đồ đạc gọn gàng, khoa học mà vẫn đảm bảo tính thẩm mỹ cho căn phòng.

THÔNG SỐ KỸ THUẬT
• Chất liệu: Bọc da cao cấp, êm ái và dễ vệ sinh
• Mã sản phẩm: TDG68027
• Bảo hành: 12 tháng

CÔNG NĂNG NỔI BẬT
• Nhiều ngăn/kệ chia hợp lý, tối ưu diện tích lưu trữ
• Hệ thống bản lề, tay nắm chắc chắn, đóng mở êm ái
• Bề mặt hoàn thiện chống trầy xước, dễ lau chùi
• Thiết kế kín đáo, giúp không gian luôn gọn gàng ngăn nắp

PHÙ HỢP KHÔNG GIAN
• Phù hợp bố trí trong không gian phòng ngủ, mang lại sự tiện nghi và thẩm mỹ cho tổng thể không gian.",instock,1
MB033,Mat ban go tram 160x70cm 02,Phụ Kiện > Mặt Bàn,760000,,/images/products/MB033-1.jpg,"Phụ kiện tiện dụng, hỗ trợ không gian làm việc gọn gàng.","Mat ban go tram 160x70cm 02 là phụ kiện hỗ trợ đắc lực, giúp không gian làm việc/sinh hoạt gọn gàng và tiện dụng hơn.

THÔNG SỐ KỸ THUẬT
• Chất liệu: Chất liệu cao cấp, chọn lọc kỹ càng đảm bảo độ bền và tính thẩm mỹ
• Kích thước: 160x70cm
• Mã sản phẩm: MB033
• Bảo hành: 12 tháng

CÔNG NĂNG NỔI BẬT
• Thiết kế nhỏ gọn, dễ dàng lắp đặt vào hệ bàn/ghế hiện có
• Chất liệu bền bỉ, chịu lực và chịu nhiệt tốt trong quá trình sử dụng
• Giúp không gian làm việc gọn gàng, khoa học hơn
• Tương thích với nhiều mẫu bàn/ghế khác nhau

PHÙ HỢP KHÔNG GIAN
• Phù hợp sử dụng kèm nhiều mẫu bàn/ghế văn phòng, gia đình khác nhau, mang lại sự tiện nghi và thẩm mỹ cho tổng thể không gian.",instock,1
THS68022,Tu ho so 2 tang 001 fvfc ss,Nội thất văn phòng > Kệ - Tủ Văn Phòng > Tủ Hồ Sơ Đứng,9770000,,/images/products/THS68022-1.jpg,"Tủ lưu trữ tiện lợi, thiết kế gọn gàng.","Tu ho so 2 tang 001 fvfc ss giúp tối ưu không gian lưu trữ, sắp xếp đồ đạc gọn gàng, khoa học mà vẫn đảm bảo tính thẩm mỹ cho căn phòng.

THÔNG SỐ KỸ THUẬT
• Chất liệu: Chất liệu cao cấp, chọn lọc kỹ càng đảm bảo độ bền và tính thẩm mỹ
• Mã sản phẩm: THS68022
• Bảo hành: 12 tháng

CÔNG NĂNG NỔI BẬT
• Nhiều ngăn/kệ chia hợp lý, tối ưu diện tích lưu trữ
• Hệ thống bản lề, tay nắm chắc chắn, đóng mở êm ái
• Bề mặt hoàn thiện chống trầy xước, dễ lau chùi
• Thiết kế kín đáo, giúp không gian luôn gọn gàng ngăn nắp

PHÙ HỢP KHÔNG GIAN
• Phù hợp bố trí trong không gian nội thất văn phòng, mang lại sự tiện nghi và thẩm mỹ cho tổng thể không gian.",instock,1
KS680184,Ke sach trang tri go khung sat 01,Trường Học > Tủ Kệ Trường Học > Kệ Trang Trí,12060000,,/images/products/KS680184-1.jpg,"Kệ đa năng, tối ưu không gian trưng bày và lưu trữ.","Ke sach trang tri go khung sat 01 là giải pháp lưu trữ và trang trí linh hoạt, giúp không gian sống trở nên ngăn nắp và cuốn hút hơn.

THÔNG SỐ KỸ THUẬT
• Chất liệu: Chất liệu cao cấp, chọn lọc kỹ càng đảm bảo độ bền và tính thẩm mỹ
• Mã sản phẩm: KS680184
• Bảo hành: 12 tháng

CÔNG NĂNG NỔI BẬT
• Kết cấu vững chắc, chịu tải trọng tốt cho nhiều loại đồ vật
• Thiết kế nhiều tầng linh hoạt, tối ưu không gian lưu trữ và trưng bày
• Kiểu dáng hiện đại, vừa lưu trữ vừa trang trí cho không gian
• Dễ dàng lắp đặt, di chuyển và vệ sinh

PHÙ HỢP KHÔNG GIAN
• Phù hợp bố trí trong không gian trường học, mang lại sự tiện nghi và thẩm mỹ cho tổng thể không gian.",instock,1
SFB68037,Sofa bang 02 lrmy jr,Nội thất văn phòng > Ghế Văn Phòng > Ghế Băng Công Cộng,1510000,,/images/products/SFB68037-1.jpg,"Ghế công thái học, êm ái và bền bỉ.","Sofa bang 02 lrmy jr mang đến trải nghiệm ngồi thoải mái, hỗ trợ tư thế đúng chuẩn cho thời gian sử dụng dài mà không gây mỏi mệt.

THÔNG SỐ KỸ THUẬT
• Chất liệu: Chất liệu cao cấp, chọn lọc kỹ càng đảm bảo độ bền và tính thẩm mỹ
• Mã sản phẩm: SFB68037
• Bảo hành: 12 tháng

CÔNG NĂNG NỔI BẬT
• Thiết kế công thái học, nâng đỡ tốt cho vùng lưng và cổ
• Khung ghế chắc chắn, chịu tải trọng tốt, đảm bảo an toàn khi sử dụng
• Đệm ngồi êm ái, thoáng khí, phù hợp ngồi làm việc/sinh hoạt trong thời gian dài
• Kiểu dáng hiện đại, dễ dàng kết hợp với nhiều không gian nội thất

PHÙ HỢP KHÔNG GIAN
• Phù hợp bố trí trong không gian nội thất văn phòng, mang lại sự tiện nghi và thẩm mỹ cho tổng thể không gian.",instock,1
HBOV027,Ban cum2 gocl noi tiep r01,Nội thất văn phòng > Bàn Văn Phòng > Bàn Giám Đốc,9440000,,/images/products/HBOV027-1.jpg,"Bàn thiết kế chắc chắn, tối ưu không gian sử dụng.","Ban cum2 gocl noi tiep r01 là lựa chọn lý tưởng cho không gian làm việc và sinh hoạt hiện đại, kết hợp giữa tính thẩm mỹ và công năng sử dụng thực tế.

THÔNG SỐ KỸ THUẬT
• Chất liệu: Chất liệu cao cấp, chọn lọc kỹ càng đảm bảo độ bền và tính thẩm mỹ
• Mã sản phẩm: HBOV027
• Bảo hành: 12 tháng

CÔNG NĂNG NỔI BẬT
• Mặt bàn rộng rãi, đủ không gian đặt máy tính, tài liệu và vật dụng cá nhân
• Khung/chân bàn chắc chắn, chịu lực tốt, hạn chế rung lắc khi sử dụng
• Thiết kế tối giản, dễ phối hợp với nhiều phong cách nội thất khác nhau
• Dễ dàng lắp ráp và vệ sinh, bảo trì trong quá trình sử dụng lâu dài

PHÙ HỢP KHÔNG GIAN
• Phù hợp bố trí trong không gian nội thất văn phòng, mang lại sự tiện nghi và thẩm mỹ cho tổng thể không gian.",instock,1
TCN68027,Tu di dong 04,Nội thất văn phòng > Kệ - Tủ Văn Phòng > Tủ Hồ Sơ Di Động,8750000,,/images/products/TCN68027-1.jpg,"Tủ lưu trữ tiện lợi, thiết kế gọn gàng.","Tu di dong 04 giúp tối ưu không gian lưu trữ, sắp xếp đồ đạc gọn gàng, khoa học mà vẫn đảm bảo tính thẩm mỹ cho căn phòng.

THÔNG SỐ KỸ THUẬT
• Chất liệu: Chất liệu cao cấp, chọn lọc kỹ càng đảm bảo độ bền và tính thẩm mỹ
• Mã sản phẩm: TCN68027
• Bảo hành: 12 tháng

CÔNG NĂNG NỔI BẬT
• Nhiều ngăn/kệ chia hợp lý, tối ưu diện tích lưu trữ
• Hệ thống bản lề, tay nắm chắc chắn, đóng mở êm ái
• Bề mặt hoàn thiện chống trầy xước, dễ lau chùi
• Thiết kế kín đáo, giúp không gian luôn gọn gàng ngăn nắp

PHÙ HỢP KHÔNG GIAN
• Phù hợp bố trí trong không gian nội thất văn phòng, mang lại sự tiện nghi và thẩm mỹ cho tổng thể không gian.",instock,1
GSD68035,Sofa don armchair06 02,Phòng Khách > Ghế Sofa,2530000,,/images/products/GSD68035-1.jpg,"Ghế công thái học, êm ái và bền bỉ.","Sofa don armchair06 02 mang đến trải nghiệm ngồi thoải mái, hỗ trợ tư thế đúng chuẩn cho thời gian sử dụng dài mà không gây mỏi mệt.

THÔNG SỐ KỸ THUẬT
• Chất liệu: Chất liệu cao cấp, chọn lọc kỹ càng đảm bảo độ bền và tính thẩm mỹ
• Mã sản phẩm: GSD68035
• Bảo hành: 12 tháng

CÔNG NĂNG NỔI BẬT
• Thiết kế công thái học, nâng đỡ tốt cho vùng lưng và cổ
• Khung ghế chắc chắn, chịu tải trọng tốt, đảm bảo an toàn khi sử dụng
• Đệm ngồi êm ái, thoáng khí, phù hợp ngồi làm việc/sinh hoạt trong thời gian dài
• Kiểu dáng hiện đại, dễ dàng kết hợp với nhiều không gian nội thất

PHÙ HỢP KHÔNG GIAN
• Phù hợp bố trí trong không gian phòng khách, mang lại sự tiện nghi và thẩm mỹ cho tổng thể không gian.",instock,1
